Bundling 6%
Bundling 17%
Bundling 51%
Bundling 65%
Bundling 71%
Bundling 76%
Bundling 81%
Bundling 86%
Bundling 91%
Bundling 98%
Bundling 100%
Getting composition
Composition          Explainer
Codec                h264
Output               ../projects/ipo-rhp-vs-now-en/renders/final.mp4
Concurrency          8x
Rendered 0/18723
Rendered 1/18723, time remaining: 4h 49m 52s
Rendered 2/18723, time remaining: 2h 25m 23s
Rendered 3/18723, time remaining: 1h 37m 1s
Rendered 4/18723, time remaining: 1h 12m 50s
Rendered 5/18723, time remaining: 58m 16s
Rendered 6/18723, time remaining: 49m 1s
Rendered 7/18723, time remaining: 42m 9s
Rendered 8/18723, time remaining: 39m 20s
Rendered 9/18723, time remaining: 41m 26s
Rendered 10/18723, time remaining: 37m 21s
Rendered 11/18723, time remaining: 33m 59s
Rendered 12/18723, time remaining: 31m 51s
Rendered 13/18723, time remaining: 30m 22s
Rendered 14/18723, time remaining: 29m 32s
Rendered 15/18723, time remaining: 27m 36s
Rendered 16/18723, time remaining: 25m 53s
Rendered 17/18723, time remaining: 25m 22s
Rendered 18/18723, time remaining: 24m 53s
Rendered 19/18723, time remaining: 23m 34s
Rendered 20/18723, time remaining: 23m 42s
Rendered 21/18723, time remaining: 22m 35s
Rendered 22/18723, time remaining: 21m 33s
Rendered 23/18723, time remaining: 20m 38s
Rendered 24/18723, time remaining: 21m 0s
Rendered 25/18723, time remaining: 20m 30s
Rendered 26/18723, time remaining: 19m 43s
Rendered 27/18723, time remaining: 20m 6s
Rendered 28/18723, time remaining: 20m 9s
Rendered 29/18723, time remaining: 19m 29s
Rendered 30/18723, time remaining: 18m 54s
Rendered 31/18723, time remaining: 18m 19s
Rendered 32/18723, time remaining: 17m 45s
Rendered 33/18723, time remaining: 18m 10s
Rendered 34/18723, time remaining: 17m 39s
Rendered 35/18723, time remaining: 17m 59s
Rendered 36/18723, time remaining: 18m 7s
Rendered 37/18723, time remaining: 17m 39s
Rendered 38/18723, time remaining: 17m 11s
Rendered 39/18723, time remaining: 16m 45s
Rendered 40/18723, time remaining: 16m 20s
Rendered 41/18723, time remaining: 16m 26s
Rendered 42/18723, time remaining: 16m 21s
Rendered 43/18723, time remaining: 15m 59s
Rendered 44/18723, time remaining: 16m 31s
Rendered 45/18723, time remaining: 16m 9s
Rendered 46/18723, time remaining: 15m 49s
Rendered 47/18723, time remaining: 15m 33s
Rendered 48/18723, time remaining: 15m 29s
Rendered 49/18723, time remaining: 15m 31s
Rendered 50/18723, time remaining: 15m 42s
Rendered 51/18723, time remaining: 15m 24s
Rendered 52/18723, time remaining: 15m 36s
Rendered 53/18723, time remaining: 15m 18s
Rendered 54/18723, time remaining: 15m 2s
Rendered 55/18723, time remaining: 15m 12s
Rendered 56/18723, time remaining: 14m 56s
Rendered 57/18723, time remaining: 14m 40s
Rendered 58/18723, time remaining: 14m 28s
Rendered 59/18723, time remaining: 14m 22s
Rendered 60/18723, time remaining: 14m 56s
Rendered 61/18723, time remaining: 14m 42s
Rendered 62/18723, time remaining: 14m 35s
Rendered 63/18723, time remaining: 14m 22s
Rendered 64/18723, time remaining: 14m 11s
Rendered 65/18723, time remaining: 14m 0s
Rendered 66/18723, time remaining: 14m 12s
Rendered 67/18723, time remaining: 14m 1s
Rendered 68/18723, time remaining: 14m 37s
Rendered 69/18723, time remaining: 14m 25s
Rendered 70/18723, time remaining: 14m 12s
Rendered 71/18723, time remaining: 14m 1s
Rendered 72/18723, time remaining: 13m 50s
Rendered 73/18723, time remaining: 13m 42s
Rendered 74/18723, time remaining: 13m 48s
Rendered 75/18723, time remaining: 13m 42s
Rendered 76/18723, time remaining: 14m 7s
Rendered 77/18723, time remaining: 13m 58s
Rendered 78/18723, time remaining: 13m 49s
Rendered 79/18723, time remaining: 13m 41s
Rendered 80/18723, time remaining: 13m 34s
Rendered 81/18723, time remaining: 13m 28s
Rendered 82/18723, time remaining: 13m 29s
Rendered 83/18723, time remaining: 13m 19s
Rendered 84/18723, time remaining: 13m 41s
Rendered 85/18723, time remaining: 13m 31s
Rendered 86/18723, time remaining: 13m 25s
Rendered 87/18723, time remaining: 13m 21s
Rendered 88/18723, time remaining: 13m 15s
Rendered 89/18723, time remaining: 13m 23s
Rendered 90/18723, time remaining: 13m 29s
Rendered 91/18723, time remaining: 13m 20s
Rendered 92/18723, time remaining: 13m 12s
Rendered 93/18723, time remaining: 13m 16s
Rendered 94/18723, time remaining: 13m 7s
Rendered 95/18723, time remaining: 12m 59s
Rendered 96/18723, time remaining: 12m 58s
Rendered 97/18723, time remaining: 13m 11s
Rendered 98/18723, time remaining: 13m 5s
Rendered 99/18723, time remaining: 13m 8s
Rendered 100/18723, time remaining: 13m 0s
Rendered 101/18723, time remaining: 12m 53s
Rendered 102/18723, time remaining: 12m 47s
Rendered 103/18723, time remaining: 12m 52s
Rendered 104/18723, time remaining: 13m 0s
Rendered 105/18723, time remaining: 12m 58s
Rendered 106/18723, time remaining: 12m 52s
Rendered 107/18723, time remaining: 12m 48s
Rendered 108/18723, time remaining: 12m 55s
Rendered 109/18723, time remaining: 12m 48s
Rendered 110/18723, time remaining: 12m 41s
Rendered 111/18723, time remaining: 12m 35s
Rendered 112/18723, time remaining: 12m 37s
Rendered 113/18723, time remaining: 12m 44s
Rendered 114/18723, time remaining: 12m 52s
Rendered 115/18723, time remaining: 12m 46s
Rendered 116/18723, time remaining: 12m 39s
Rendered 117/18723, time remaining: 12m 34s
Rendered 118/18723, time remaining: 12m 31s
Rendered 119/18723, time remaining: 12m 36s
Rendered 120/18723, time remaining: 12m 30s
Rendered 121/18723, time remaining: 12m 35s
Rendered 122/18723, time remaining: 12m 43s
Rendered 123/18723, time remaining: 12m 37s
Rendered 124/18723, time remaining: 12m 32s
Rendered 125/18723, time remaining: 12m 26s
Rendered 126/18723, time remaining: 12m 20s
Rendered 127/18723, time remaining: 12m 25s
Rendered 128/18723, time remaining: 12m 22s
Rendered 129/18723, time remaining: 12m 33s
Rendered 130/18723, time remaining: 12m 29s
Rendered 131/18723, time remaining: 12m 24s
Rendered 132/18723, time remaining: 12m 20s
Rendered 133/18723, time remaining: 12m 16s
Rendered 134/18723, time remaining: 12m 12s
Rendered 135/18723, time remaining: 12m 19s
Rendered 136/18723, time remaining: 12m 14s
Rendered 137/18723, time remaining: 12m 28s
Rendered 138/18723, time remaining: 12m 22s
Rendered 139/18723, time remaining: 12m 18s
Rendered 140/18723, time remaining: 12m 14s
Rendered 141/18723, time remaining: 12m 18s
Rendered 142/18723, time remaining: 12m 13s
Rendered 143/18723, time remaining: 12m 9s
Rendered 144/18723, time remaining: 12m 4s
Rendered 145/18723, time remaining: 12m 21s
Rendered 146/18723, time remaining: 12m 16s
Rendered 147/18723, time remaining: 12m 11s
Rendered 148/18723, time remaining: 12m 7s
Rendered 149/18723, time remaining: 12m 10s
Rendered 150/18723, time remaining: 12m 5s
Rendered 151/18723, time remaining: 10m 10s
Rendered 152/18723, time remaining: 10m 11s
Rendered 153/18723, time remaining: 10m 32s
Rendered 154/18723, time remaining: 10m 32s
Rendered 155/18723, time remaining: 10m 32s
Rendered 156/18723, time remaining: 10m 38s
Rendered 157/18723, time remaining: 10m 37s
Rendered 158/18723, time remaining: 10m 30s
Rendered 159/18723, time remaining: 10m 6s
Rendered 160/18723, time remaining: 10m 17s
Rendered 161/18723, time remaining: 10m 34s
Rendered 162/18723, time remaining: 10m 31s
Rendered 163/18723, time remaining: 10m 27s
Rendered 164/18723, time remaining: 10m 24s
Rendered 165/18723, time remaining: 10m 24s
Rendered 166/18723, time remaining: 10m 24s
Rendered 167/18723, time remaining: 10m 29s
Rendered 168/18723, time remaining: 10m 25s
Rendered 169/18723, time remaining: 10m 32s
Rendered 170/18723, time remaining: 10m 22s
Rendered 171/18723, time remaining: 10m 31s
Rendered 172/18723, time remaining: 10m 31s
Rendered 173/18723, time remaining: 10m 31s
Rendered 174/18723, time remaining: 10m 20s
Rendered 175/18723, time remaining: 10m 30s
Rendered 176/18723, time remaining: 10m 40s
Rendered 177/18723, time remaining: 10m 28s
Rendered 178/18723, time remaining: 10m 21s
Rendered 179/18723, time remaining: 10m 25s
Rendered 180/18723, time remaining: 10m 27s
Rendered 181/18723, time remaining: 10m 26s
Rendered 182/18723, time remaining: 10m 28s
Rendered 183/18723, time remaining: 10m 32s
Rendered 184/18723, time remaining: 10m 31s
Rendered 185/18723, time remaining: 10m 29s
Rendered 186/18723, time remaining: 10m 20s
Rendered 187/18723, time remaining: 10m 20s
Rendered 188/18723, time remaining: 10m 20s
Rendered 189/18723, time remaining: 10m 31s
Rendered 190/18723, time remaining: 10m 31s
Rendered 191/18723, time remaining: 10m 34s
Rendered 192/18723, time remaining: 10m 29s
Rendered 193/18723, time remaining: 10m 39s
Rendered 194/18723, time remaining: 10m 23s
Rendered 195/18723, time remaining: 10m 24s
Rendered 196/18723, time remaining: 10m 23s
Rendered 197/18723, time remaining: 10m 33s
Rendered 198/18723, time remaining: 10m 29s
Rendered 199/18723, time remaining: 10m 34s
Rendered 200/18723, time remaining: 10m 30s
Rendered 201/18723, time remaining: 10m 30s
Rendered 202/18723, time remaining: 10m 20s
Rendered 203/18723, time remaining: 10m 20s
Rendered 204/18723, time remaining: 10m 22s
Rendered 205/18723, time remaining: 10m 27s
Rendered 206/18723, time remaining: 10m 26s
Rendered 207/18723, time remaining: 10m 34s
Rendered 208/18723, time remaining: 10m 33s
Rendered 209/18723, time remaining: 10m 32s
Rendered 210/18723, time remaining: 10m 30s
Rendered 211/18723, time remaining: 10m 30s
Rendered 212/18723, time remaining: 10m 27s
Rendered 213/18723, time remaining: 10m 36s
Rendered 214/18723, time remaining: 10m 35s
Rendered 215/18723, time remaining: 10m 34s
Rendered 216/18723, time remaining: 10m 23s
Rendered 217/18723, time remaining: 10m 27s
Rendered 218/18723, time remaining: 10m 24s
Rendered 219/18723, time remaining: 10m 24s
Rendered 220/18723, time remaining: 10m 24s
Rendered 221/18723, time remaining: 10m 24s
Rendered 222/18723, time remaining: 10m 39s
Rendered 223/18723, time remaining: 10m 37s
Rendered 224/18723, time remaining: 10m 28s
Rendered 225/18723, time remaining: 10m 26s
Rendered 226/18723, time remaining: 10m 12s
Rendered 227/18723, time remaining: 10m 14s
Rendered 228/18723, time remaining: 10m 22s
Rendered 229/18723, time remaining: 10m 21s
Rendered 230/18723, time remaining: 10m 36s
Rendered 231/18723, time remaining: 10m 33s
Rendered 232/18723, time remaining: 10m 28s
Rendered 233/18723, time remaining: 10m 32s
Rendered 234/18723, time remaining: 10m 15s
Rendered 235/18723, time remaining: 10m 16s
Rendered 236/18723, time remaining: 10m 32s
Rendered 237/18723, time remaining: 10m 30s
Rendered 238/18723, time remaining: 10m 29s
Rendered 239/18723, time remaining: 10m 26s
Rendered 240/18723, time remaining: 10m 18s
Rendered 241/18723, time remaining: 10m 18s
Rendered 242/18723, time remaining: 10m 18s
Rendered 243/18723, time remaining: 10m 28s
Rendered 244/18723, time remaining: 10m 28s
Rendered 245/18723, time remaining: 10m 28s
Rendered 246/18723, time remaining: 10m 33s
Rendered 247/18723, time remaining: 10m 20s
Rendered 248/18723, time remaining: 10m 33s
Rendered 249/18723, time remaining: 10m 26s
Rendered 250/18723, time remaining: 10m 26s
Rendered 251/18723, time remaining: 10m 26s
Rendered 252/18723, time remaining: 10m 26s
Rendered 253/18723, time remaining: 10m 19s
Rendered 254/18723, time remaining: 10m 18s
Rendered 255/18723, time remaining: 10m 13s
Rendered 256/18723, time remaining: 10m 28s
Rendered 257/18723, time remaining: 10m 31s
Rendered 258/18723, time remaining: 10m 22s
Rendered 259/18723, time remaining: 10m 23s
Rendered 260/18723, time remaining: 10m 28s
Rendered 261/18723, time remaining: 10m 32s
Rendered 262/18723, time remaining: 10m 26s
Rendered 263/18723, time remaining: 10m 15s
Rendered 264/18723, time remaining: 10m 12s
Rendered 265/18723, time remaining: 10m 17s
Rendered 266/18723, time remaining: 10m 26s
Rendered 267/18723, time remaining: 10m 26s
Rendered 268/18723, time remaining: 10m 33s
Rendered 269/18723, time remaining: 10m 24s
Rendered 270/18723, time remaining: 10m 24s
Rendered 271/18723, time remaining: 10m 15s
Rendered 272/18723, time remaining: 10m 19s
Rendered 273/18723, time remaining: 10m 19s
Rendered 274/18723, time remaining: 10m 19s
Rendered 275/18723, time remaining: 10m 19s
Rendered 276/18723, time remaining: 10m 30s
Rendered 277/18723, time remaining: 10m 20s
Rendered 278/18723, time remaining: 10m 18s
Rendered 279/18723, time remaining: 10m 11s
Rendered 280/18723, time remaining: 10m 21s
Rendered 281/18723, time remaining: 10m 20s
Rendered 282/18723, time remaining: 10m 26s
Rendered 283/18723, time remaining: 10m 25s
Rendered 284/18723, time remaining: 10m 23s
Rendered 285/18723, time remaining: 10m 22s
Rendered 286/18723, time remaining: 10m 22s
Rendered 287/18723, time remaining: 10m 4s
Rendered 288/18723, time remaining: 10m 16s
Rendered 289/18723, time remaining: 10m 16s
Rendered 290/18723, time remaining: 10m 21s
Rendered 291/18723, time remaining: 10m 13s
Rendered 292/18723, time remaining: 10m 13s
Rendered 293/18723, time remaining: 10m 23s
Rendered 294/18723, time remaining: 10m 23s
Rendered 295/18723, time remaining: 10m 7s
Rendered 296/18723, time remaining: 10m 14s
Rendered 297/18723, time remaining: 10m 15s
Rendered 298/18723, time remaining: 10m 22s
Rendered 299/18723, time remaining: 10m 18s
Rendered 300/18723, time remaining: 10m 18s
Rendered 301/18723, time remaining: 10m 18s
Rendered 302/18723, time remaining: 10m 18s
Rendered 303/18723, time remaining: 10m 6s
Rendered 304/18723, time remaining: 10m 9s
Rendered 305/18723, time remaining: 10m 9s
Rendered 306/18723, time remaining: 10m 19s
Rendered 307/18723, time remaining: 10m 19s
Rendered 308/18723, time remaining: 10m 20s
Rendered 309/18723, time remaining: 10m 26s
Rendered 310/18723, time remaining: 10m 15s
Rendered 311/18723, time remaining: 9m 58s
Rendered 312/18723, time remaining: 9m 59s
Rendered 313/18723, time remaining: 10m 9s
Rendered 314/18723, time remaining: 10m 15s
Rendered 315/18723, time remaining: 10m 15s
Rendered 316/18723, time remaining: 10m 20s
Rendered 317/18723, time remaining: 10m 14s
Rendered 318/18723, time remaining: 10m 12s
Rendered 319/18723, time remaining: 10m 4s
Rendered 320/18723, time remaining: 10m 13s
Rendered 321/18723, time remaining: 10m 5s
Rendered 322/18723, time remaining: 10m 5s
Rendered 323/18723, time remaining: 10m 15s
Rendered 324/18723, time remaining: 10m 19s
Rendered 325/18723, time remaining: 10m 14s
Rendered 326/18723, time remaining: 10m 4s
Rendered 327/18723, time remaining: 10m 7s
Rendered 328/18723, time remaining: 10m 7s
Rendered 329/18723, time remaining: 10m 3s
Rendered 330/18723, time remaining: 10m 10s
Rendered 331/18723, time remaining: 10m 10s
Rendered 332/18723, time remaining: 10m 9s
Rendered 333/18723, time remaining: 10m 11s
Rendered 334/18723, time remaining: 10m 12s
Rendered 335/18723, time remaining: 10m 3s
Rendered 336/18723, time remaining: 10m 9s
Rendered 337/18723, time remaining: 10m 9s
Rendered 338/18723, time remaining: 10m 9s
Rendered 339/18723, time remaining: 9m 58s
Rendered 340/18723, time remaining: 10m 18s
Rendered 341/18723, time remaining: 10m 9s
Rendered 342/18723, time remaining: 10m 9s
Rendered 343/18723, time remaining: 10m 3s
Rendered 344/18723, time remaining: 10m 7s
Rendered 345/18723, time remaining: 10m 7s
Rendered 346/18723, time remaining: 10m 7s
Rendered 347/18723, time remaining: 10m 14s
Rendered 348/18723, time remaining: 10m 14s
Rendered 349/18723, time remaining: 10m 2s
Rendered 350/18723, time remaining: 9m 57s
Rendered 351/18723, time remaining: 10m 6s
Rendered 352/18723, time remaining: 10m 9s
Rendered 353/18723, time remaining: 10m 8s
Rendered 354/18723, time remaining: 10m 6s
Rendered 355/18723, time remaining: 10m 4s
Rendered 356/18723, time remaining: 10m 4s
Rendered 357/18723, time remaining: 9m 57s
Rendered 358/18723, time remaining: 10m 7s
Rendered 359/18723, time remaining: 10m 13s
Rendered 360/18723, time remaining: 9m 57s
Rendered 361/18723, time remaining: 10m 1s
Rendered 362/18723, time remaining: 10m 2s
Rendered 363/18723, time remaining: 10m 1s
Rendered 364/18723, time remaining: 10m 1s
Rendered 365/18723, time remaining: 10m 1s
Rendered 366/18723, time remaining: 10m 4s
Rendered 367/18723, time remaining: 10m 5s
Rendered 368/18723, time remaining: 9m 57s
Rendered 369/18723, time remaining: 9m 57s
Rendered 370/18723, time remaining: 10m 6s
Rendered 371/18723, time remaining: 10m 5s
Rendered 372/18723, time remaining: 9m 55s
Rendered 373/18723, time remaining: 9m 55s
Rendered 374/18723, time remaining: 10m 10s
Rendered 375/18723, time remaining: 10m 10s
Rendered 376/18723, time remaining: 10m 10s
Rendered 377/18723, time remaining: 10m 7s
Rendered 378/18723, time remaining: 10m 0s
Rendered 379/18723, time remaining: 10m 18s
Rendered 380/18723, time remaining: 10m 2s
Rendered 381/18723, time remaining: 10m 2s
Rendered 382/18723, time remaining: 10m 9s
Rendered 383/18723, time remaining: 10m 5s
Rendered 384/18723, time remaining: 10m 5s
Rendered 385/18723, time remaining: 10m 3s
Rendered 386/18723, time remaining: 9m 59s
Rendered 387/18723, time remaining: 10m 10s
Rendered 388/18723, time remaining: 10m 9s
Rendered 389/18723, time remaining: 10m 1s
Rendered 390/18723, time remaining: 10m 2s
Rendered 391/18723, time remaining: 10m 6s
Rendered 392/18723, time remaining: 10m 10s
Rendered 393/18723, time remaining: 9m 53s
Rendered 394/18723, time remaining: 10m 6s
Rendered 395/18723, time remaining: 10m 15s
Rendered 396/18723, time remaining: 10m 5s
Rendered 397/18723, time remaining: 10m 4s
Rendered 398/18723, time remaining: 9m 57s
Rendered 399/18723, time remaining: 9m 57s
Rendered 400/18723, time remaining: 9m 57s
Rendered 401/18723, time remaining: 10m 4s
Rendered 402/18723, time remaining: 10m 13s
Rendered 403/18723, time remaining: 10m 20s
Rendered 404/18723, time remaining: 10m 12s
Rendered 405/18723, time remaining: 10m 12s
Rendered 406/18723, time remaining: 9m 57s
Rendered 407/18723, time remaining: 10m 0s
Rendered 408/18723, time remaining: 10m 0s
Rendered 409/18723, time remaining: 9m 59s
Rendered 410/18723, time remaining: 10m 16s
Rendered 411/18723, time remaining: 10m 12s
Rendered 412/18723, time remaining: 10m 11s
Rendered 413/18723, time remaining: 10m 11s
Rendered 414/18723, time remaining: 10m 4s
Rendered 415/18723, time remaining: 10m 8s
Rendered 416/18723, time remaining: 9m 59s
Rendered 417/18723, time remaining: 10m 13s
Rendered 418/18723, time remaining: 10m 4s
Rendered 419/18723, time remaining: 10m 3s
Rendered 420/18723, time remaining: 10m 13s
Rendered 421/18723, time remaining: 10m 13s
Rendered 422/18723, time remaining: 9m 57s
Rendered 423/18723, time remaining: 10m 9s
Rendered 424/18723, time remaining: 10m 9s
Rendered 425/18723, time remaining: 10m 15s
Rendered 426/18723, time remaining: 10m 5s
Rendered 427/18723, time remaining: 10m 18s
Rendered 428/18723, time remaining: 10m 25s
Rendered 429/18723, time remaining: 10m 18s
Rendered 430/18723, time remaining: 10m 7s
Rendered 431/18723, time remaining: 10m 7s
Rendered 432/18723, time remaining: 10m 1s
Rendered 433/18723, time remaining: 10m 3s
Rendered 434/18723, time remaining: 10m 8s
Rendered 435/18723, time remaining: 10m 14s
Rendered 436/18723, time remaining: 10m 22s
Rendered 437/18723, time remaining: 10m 22s
Rendered 438/18723, time remaining: 10m 11s
Rendered 439/18723, time remaining: 10m 12s
Rendered 440/18723, time remaining: 10m 13s
Rendered 441/18723, time remaining: 10m 12s
Rendered 442/18723, time remaining: 10m 13s
Rendered 443/18723, time remaining: 10m 17s
Rendered 444/18723, time remaining: 10m 28s
Rendered 445/18723, time remaining: 10m 23s
Rendered 446/18723, time remaining: 10m 15s
Rendered 447/18723, time remaining: 10m 15s
Rendered 448/18723, time remaining: 10m 18s
Rendered 449/18723, time remaining: 10m 15s
Rendered 450/18723, time remaining: 10m 15s
Rendered 451/18723, time remaining: 10m 26s
Rendered 452/18723, time remaining: 10m 37s
Rendered 453/18723, time remaining: 10m 30s
Rendered 454/18723, time remaining: 10m 26s
Rendered 455/18723, time remaining: 10m 26s
Rendered 456/18723, time remaining: 10m 10s
Rendered 457/18723, time remaining: 10m 11s
Rendered 458/18723, time remaining: 10m 28s
Rendered 459/18723, time remaining: 10m 23s
Rendered 460/18723, time remaining: 10m 32s
Rendered 461/18723, time remaining: 10m 32s
Rendered 462/18723, time remaining: 10m 32s
Rendered 463/18723, time remaining: 10m 27s
Rendered 464/18723, time remaining: 10m 17s
Rendered 465/18723, time remaining: 10m 16s
Rendered 466/18723, time remaining: 10m 34s
Rendered 467/18723, time remaining: 10m 33s
Rendered 468/18723, time remaining: 10m 42s
Rendered 469/18723, time remaining: 10m 42s
Rendered 470/18723, time remaining: 10m 33s
Rendered 471/18723, time remaining: 10m 45s
Rendered 472/18723, time remaining: 10m 45s
Rendered 473/18723, time remaining: 10m 35s
Rendered 474/18723, time remaining: 10m 31s
Rendered 475/18723, time remaining: 10m 45s
Rendered 476/18723, time remaining: 10m 45s
Rendered 477/18723, time remaining: 10m 42s
Rendered 478/18723, time remaining: 10m 42s
Rendered 479/18723, time remaining: 10m 51s
Rendered 480/18723, time remaining: 10m 42s
Rendered 481/18723, time remaining: 10m 42s
Rendered 482/18723, time remaining: 10m 48s
Rendered 483/18723, time remaining: 10m 48s
Rendered 484/18723, time remaining: 10m 47s
Rendered 485/18723, time remaining: 10m 49s
Rendered 486/18723, time remaining: 10m 44s
Rendered 487/18723, time remaining: 10m 44s
Rendered 488/18723, time remaining: 10m 46s
Rendered 489/18723, time remaining: 10m 47s
Rendered 490/18723, time remaining: 10m 37s
Rendered 491/18723, time remaining: 10m 50s
Rendered 492/18723, time remaining: 10m 54s
Rendered 493/18723, time remaining: 10m 51s
Rendered 494/18723, time remaining: 10m 52s
Rendered 495/18723, time remaining: 10m 53s
Rendered 496/18723, time remaining: 11m 8s
Rendered 497/18723, time remaining: 10m 50s
Rendered 498/18723, time remaining: 10m 50s
Rendered 499/18723, time remaining: 10m 58s
Rendered 500/18723, time remaining: 10m 59s
Rendered 501/18723, time remaining: 10m 50s
Rendered 502/18723, time remaining: 10m 47s
Rendered 503/18723, time remaining: 11m 3s
Rendered 504/18723, time remaining: 11m 3s
Rendered 505/18723, time remaining: 10m 51s
Rendered 506/18723, time remaining: 10m 51s
Rendered 507/18723, time remaining: 11m 2s
Rendered 508/18723, time remaining: 11m 4s
Rendered 509/18723, time remaining: 10m 57s
Rendered 510/18723, time remaining: 10m 57s
Rendered 511/18723, time remaining: 10m 54s
Rendered 512/18723, time remaining: 10m 54s
Rendered 513/18723, time remaining: 10m 59s
Rendered 514/18723, time remaining: 11m 0s
Rendered 515/18723, time remaining: 11m 9s
Rendered 516/18723, time remaining: 11m 16s
Rendered 517/18723, time remaining: 11m 11s
Rendered 518/18723, time remaining: 11m 0s
Rendered 519/18723, time remaining: 11m 0s
Rendered 520/18723, time remaining: 10m 53s
Rendered 521/18723, time remaining: 11m 1s
Rendered 522/18723, time remaining: 10m 58s
Rendered 523/18723, time remaining: 11m 13s
Rendered 524/18723, time remaining: 11m 7s
Rendered 525/18723, time remaining: 11m 8s
Rendered 526/18723, time remaining: 11m 7s
Rendered 527/18723, time remaining: 11m 8s
Rendered 528/18723, time remaining: 11m 7s
Rendered 529/18723, time remaining: 10m 50s
Rendered 530/18723, time remaining: 10m 51s
Rendered 531/18723, time remaining: 11m 3s
Rendered 532/18723, time remaining: 11m 12s
Rendered 533/18723, time remaining: 11m 13s
Rendered 534/18723, time remaining: 11m 14s
Rendered 535/18723, time remaining: 11m 15s
Rendered 536/18723, time remaining: 11m 12s
Rendered 537/18723, time remaining: 11m 0s
Rendered 538/18723, time remaining: 11m 0s
Rendered 539/18723, time remaining: 11m 0s
Rendered 540/18723, time remaining: 11m 18s
Rendered 541/18723, time remaining: 11m 17s
Rendered 542/18723, time remaining: 11m 14s
Rendered 543/18723, time remaining: 11m 15s
Rendered 544/18723, time remaining: 11m 4s
Rendered 545/18723, time remaining: 11m 5s
Rendered 546/18723, time remaining: 11m 5s
Rendered 547/18723, time remaining: 11m 5s
Rendered 548/18723, time remaining: 11m 18s
Rendered 549/18723, time remaining: 11m 21s
Rendered 550/18723, time remaining: 11m 21s
Rendered 551/18723, time remaining: 11m 15s
Rendered 552/18723, time remaining: 11m 6s
Rendered 553/18723, time remaining: 11m 8s
Rendered 554/18723, time remaining: 11m 9s
Rendered 555/18723, time remaining: 11m 14s
Rendered 556/18723, time remaining: 11m 25s
Rendered 557/18723, time remaining: 11m 17s
Rendered 558/18723, time remaining: 11m 15s
Rendered 559/18723, time remaining: 11m 15s
Rendered 560/18723, time remaining: 10m 54s
Rendered 561/18723, time remaining: 11m 3s
Rendered 562/18723, time remaining: 11m 3s
Rendered 563/18723, time remaining: 11m 17s
Rendered 564/18723, time remaining: 11m 21s
Rendered 565/18723, time remaining: 11m 13s
Rendered 566/18723, time remaining: 11m 14s
Rendered 567/18723, time remaining: 11m 1s
Rendered 568/18723, time remaining: 11m 13s
Rendered 569/18723, time remaining: 11m 13s
Rendered 570/18723, time remaining: 11m 20s
Rendered 571/18723, time remaining: 11m 20s
Rendered 572/18723, time remaining: 11m 20s
Rendered 573/18723, time remaining: 11m 9s
Rendered 574/18723, time remaining: 11m 21s
Rendered 575/18723, time remaining: 11m 28s
Rendered 576/18723, time remaining: 11m 29s
Rendered 577/18723, time remaining: 11m 22s
Rendered 578/18723, time remaining: 11m 15s
Rendered 579/18723, time remaining: 11m 23s
Rendered 580/18723, time remaining: 11m 24s
Rendered 581/18723, time remaining: 11m 24s
Rendered 582/18723, time remaining: 11m 34s
Rendered 583/18723, time remaining: 11m 38s
Rendered 584/18723, time remaining: 11m 40s
Rendered 585/18723, time remaining: 11m 25s
Rendered 586/18723, time remaining: 11m 17s
Rendered 587/18723, time remaining: 11m 34s
Rendered 588/18723, time remaining: 11m 32s
Rendered 589/18723, time remaining: 11m 31s
Rendered 590/18723, time remaining: 11m 24s
Rendered 591/18723, time remaining: 11m 35s
Rendered 592/18723, time remaining: 11m 34s
Rendered 593/18723, time remaining: 11m 20s
Rendered 594/18723, time remaining: 11m 9s
Rendered 595/18723, time remaining: 11m 23s
Rendered 596/18723, time remaining: 11m 34s
Rendered 597/18723, time remaining: 11m 33s
Rendered 598/18723, time remaining: 11m 22s
Rendered 599/18723, time remaining: 11m 26s
Rendered 600/18723, time remaining: 11m 26s
Rendered 601/18723, time remaining: 11m 15s
Rendered 602/18723, time remaining: 11m 15s
Rendered 603/18723, time remaining: 11m 14s
Rendered 604/18723, time remaining: 11m 36s
Rendered 605/18723, time remaining: 11m 37s
Rendered 606/18723, time remaining: 11m 37s
Rendered 607/18723, time remaining: 11m 36s
Rendered 608/18723, time remaining: 11m 19s
Rendered 609/18723, time remaining: 11m 20s
Rendered 610/18723, time remaining: 11m 19s
Rendered 611/18723, time remaining: 11m 19s
Rendered 612/18723, time remaining: 11m 36s
Rendered 613/18723, time remaining: 11m 29s
Rendered 614/18723, time remaining: 11m 40s
Rendered 615/18723, time remaining: 11m 45s
Rendered 616/18723, time remaining: 11m 23s
Rendered 617/18723, time remaining: 11m 18s
Rendered 618/18723, time remaining: 11m 22s
Rendered 619/18723, time remaining: 11m 22s
Rendered 620/18723, time remaining: 11m 23s
Rendered 621/18723, time remaining: 11m 21s
Rendered 622/18723, time remaining: 11m 32s
Rendered 623/18723, time remaining: 11m 32s
Rendered 624/18723, time remaining: 11m 32s
Rendered 625/18723, time remaining: 11m 17s
Rendered 626/18723, time remaining: 11m 17s
Rendered 627/18723, time remaining: 11m 24s
Rendered 628/18723, time remaining: 11m 25s
Rendered 629/18723, time remaining: 11m 16s
Rendered 630/18723, time remaining: 11m 26s
Rendered 631/18723, time remaining: 11m 27s
Rendered 632/18723, time remaining: 11m 26s
Rendered 633/18723, time remaining: 11m 8s
Rendered 634/18723, time remaining: 11m 13s
Rendered 635/18723, time remaining: 11m 29s
Rendered 636/18723, time remaining: 11m 28s
Rendered 637/18723, time remaining: 11m 38s
Rendered 638/18723, time remaining: 11m 37s
Rendered 639/18723, time remaining: 11m 36s
Rendered 640/18723, time remaining: 11m 27s
Rendered 641/18723, time remaining: 11m 11s
Rendered 642/18723, time remaining: 11m 23s
Rendered 643/18723, time remaining: 11m 38s
Rendered 644/18723, time remaining: 11m 33s
Rendered 645/18723, time remaining: 11m 33s
Rendered 646/18723, time remaining: 11m 30s
Rendered 647/18723, time remaining: 11m 30s
Rendered 648/18723, time remaining: 11m 30s
Rendered 649/18723, time remaining: 11m 23s
Rendered 650/18723, time remaining: 11m 36s
Rendered 651/18723, time remaining: 11m 36s
Rendered 652/18723, time remaining: 11m 36s
Rendered 653/18723, time remaining: 11m 33s
Rendered 654/18723, time remaining: 11m 42s
Rendered 655/18723, time remaining: 11m 43s
Rendered 656/18723, time remaining: 11m 43s
Rendered 657/18723, time remaining: 11m 32s
Rendered 658/18723, time remaining: 11m 32s
Rendered 659/18723, time remaining: 11m 31s
Rendered 660/18723, time remaining: 11m 30s
Rendered 661/18723, time remaining: 11m 44s
Rendered 662/18723, time remaining: 11m 54s
Rendered 663/18723, time remaining: 11m 42s
Rendered 664/18723, time remaining: 11m 41s
Rendered 665/18723, time remaining: 11m 32s
Rendered 666/18723, time remaining: 11m 28s
Rendered 667/18723, time remaining: 11m 28s
Rendered 668/18723, time remaining: 11m 40s
Rendered 669/18723, time remaining: 11m 47s
Rendered 670/18723, time remaining: 11m 46s
Rendered 671/18723, time remaining: 11m 43s
Rendered 672/18723, time remaining: 11m 49s
Rendered 673/18723, time remaining: 11m 36s
Rendered 674/18723, time remaining: 11m 26s
Rendered 675/18723, time remaining: 11m 29s
Rendered 676/18723, time remaining: 11m 36s
Rendered 677/18723, time remaining: 11m 35s
Rendered 678/18723, time remaining: 11m 45s
Rendered 679/18723, time remaining: 11m 45s
Rendered 680/18723, time remaining: 11m 48s
Rendered 681/18723, time remaining: 11m 37s
Rendered 682/18723, time remaining: 11m 20s
Rendered 683/18723, time remaining: 11m 54s
Rendered 684/18723, time remaining: 11m 53s
Rendered 685/18723, time remaining: 11m 52s
Rendered 686/18723, time remaining: 11m 43s
Rendered 687/18723, time remaining: 11m 43s
Rendered 688/18723, time remaining: 11m 43s
Rendered 689/18723, time remaining: 11m 55s
Rendered 690/18723, time remaining: 11m 37s
Rendered 691/18723, time remaining: 11m 52s
Rendered 692/18723, time remaining: 11m 51s
Rendered 693/18723, time remaining: 11m 58s
Rendered 694/18723, time remaining: 11m 56s
Rendered 695/18723, time remaining: 11m 46s
Rendered 696/18723, time remaining: 11m 47s
Rendered 697/18723, time remaining: 12m 2s
Rendered 698/18723, time remaining: 11m 42s
Rendered 699/18723, time remaining: 11m 57s
Rendered 700/18723, time remaining: 11m 57s
Rendered 701/18723, time remaining: 12m 7s
Rendered 702/18723, time remaining: 12m 6s
Rendered 703/18723, time remaining: 11m 59s
Rendered 704/18723, time remaining: 11m 57s
Rendered 705/18723, time remaining: 11m 53s
Rendered 706/18723, time remaining: 11m 52s
Rendered 707/18723, time remaining: 11m 52s
Rendered 708/18723, time remaining: 11m 59s
Rendered 709/18723, time remaining: 12m 9s
Rendered 710/18723, time remaining: 12m 8s
Rendered 711/18723, time remaining: 11m 59s
Rendered 712/18723, time remaining: 12m 11s
Rendered 713/18723, time remaining: 12m 6s
Rendered 714/18723, time remaining: 12m 2s
Rendered 715/18723, time remaining: 12m 1s
Rendered 716/18723, time remaining: 12m 17s
Rendered 717/18723, time remaining: 12m 15s
Rendered 718/18723, time remaining: 12m 4s
Rendered 719/18723, time remaining: 12m 4s
Rendered 720/18723, time remaining: 12m 0s
Rendered 721/18723, time remaining: 12m 4s
Rendered 722/18723, time remaining: 12m 4s
Rendered 723/18723, time remaining: 12m 3s
Rendered 724/18723, time remaining: 12m 2s
Rendered 725/18723, time remaining: 11m 49s
Rendered 726/18723, time remaining: 11m 48s
Rendered 727/18723, time remaining: 11m 42s
Rendered 728/18723, time remaining: 11m 59s
Rendered 729/18723, time remaining: 11m 52s
Rendered 730/18723, time remaining: 11m 51s
Rendered 731/18723, time remaining: 12m 4s
Rendered 732/18723, time remaining: 11m 57s
Rendered 733/18723, time remaining: 11m 51s
Rendered 734/18723, time remaining: 11m 52s
Rendered 735/18723, time remaining: 12m 1s
Rendered 736/18723, time remaining: 12m 1s
Rendered 737/18723, time remaining: 11m 46s
Rendered 738/18723, time remaining: 11m 51s
Rendered 739/18723, time remaining: 11m 56s
Rendered 740/18723, time remaining: 12m 10s
Rendered 741/18723, time remaining: 11m 59s
Rendered 742/18723, time remaining: 12m 0s
Rendered 743/18723, time remaining: 12m 0s
Rendered 744/18723, time remaining: 12m 1s
Rendered 745/18723, time remaining: 11m 49s
Rendered 746/18723, time remaining: 11m 51s
Rendered 747/18723, time remaining: 11m 51s
Rendered 748/18723, time remaining: 12m 6s
Rendered 749/18723, time remaining: 12m 2s
Rendered 750/18723, time remaining: 12m 1s
Rendered 751/18723, time remaining: 12m 6s
Rendered 752/18723, time remaining: 11m 54s
Rendered 753/18723, time remaining: 12m 14s
Rendered 754/18723, time remaining: 12m 5s
Rendered 755/18723, time remaining: 12m 4s
Rendered 756/18723, time remaining: 12m 14s
Rendered 757/18723, time remaining: 12m 13s
Rendered 758/18723, time remaining: 12m 12s
Rendered 759/18723, time remaining: 12m 11s
Rendered 760/18723, time remaining: 12m 3s
Rendered 761/18723, time remaining: 12m 27s
Rendered 762/18723, time remaining: 12m 15s
Rendered 763/18723, time remaining: 12m 15s
Rendered 764/18723, time remaining: 12m 31s
Rendered 765/18723, time remaining: 12m 26s
Rendered 766/18723, time remaining: 12m 26s
Rendered 767/18723, time remaining: 12m 25s
Rendered 768/18723, time remaining: 12m 13s
Rendered 769/18723, time remaining: 12m 28s
Rendered 770/18723, time remaining: 12m 26s
Rendered 771/18723, time remaining: 12m 17s
Rendered 772/18723, time remaining: 12m 27s
Rendered 773/18723, time remaining: 12m 29s
Rendered 774/18723, time remaining: 12m 30s
Rendered 775/18723, time remaining: 12m 24s
Rendered 776/18723, time remaining: 12m 26s
Rendered 777/18723, time remaining: 12m 18s
Rendered 778/18723, time remaining: 12m 35s
Rendered 779/18723, time remaining: 12m 35s
Rendered 780/18723, time remaining: 12m 44s
Rendered 781/18723, time remaining: 12m 49s
Rendered 782/18723, time remaining: 12m 43s
Rendered 783/18723, time remaining: 12m 43s
Rendered 784/18723, time remaining: 12m 38s
Rendered 785/18723, time remaining: 12m 32s
Rendered 786/18723, time remaining: 12m 32s
Rendered 787/18723, time remaining: 12m 34s
Rendered 788/18723, time remaining: 12m 46s
Rendered 789/18723, time remaining: 12m 45s
Rendered 790/18723, time remaining: 12m 45s
Rendered 791/18723, time remaining: 12m 47s
Rendered 792/18723, time remaining: 12m 50s
Rendered 793/18723, time remaining: 12m 33s
Rendered 794/18723, time remaining: 12m 33s
Rendered 795/18723, time remaining: 12m 44s
Rendered 796/18723, time remaining: 12m 48s
Rendered 797/18723, time remaining: 12m 49s
Rendered 798/18723, time remaining: 12m 50s
Rendered 799/18723, time remaining: 12m 49s
Rendered 800/18723, time remaining: 12m 37s
Rendered 801/18723, time remaining: 12m 38s
Rendered 802/18723, time remaining: 12m 51s
Rendered 803/18723, time remaining: 12m 45s
Rendered 804/18723, time remaining: 12m 44s
Rendered 805/18723, time remaining: 12m 47s
Rendered 806/18723, time remaining: 12m 47s
Rendered 807/18723, time remaining: 13m 1s
Rendered 808/18723, time remaining: 12m 48s
Rendered 809/18723, time remaining: 12m 48s
Rendered 810/18723, time remaining: 12m 48s
Rendered 811/18723, time remaining: 12m 44s
Rendered 812/18723, time remaining: 12m 39s
Rendered 813/18723, time remaining: 12m 38s
Rendered 814/18723, time remaining: 12m 38s
Rendered 815/18723, time remaining: 12m 48s
Rendered 816/18723, time remaining: 12m 42s
Rendered 817/18723, time remaining: 12m 54s
Rendered 818/18723, time remaining: 12m 43s
Rendered 819/18723, time remaining: 12m 36s
Rendered 820/18723, time remaining: 12m 47s
Rendered 821/18723, time remaining: 12m 42s
Rendered 822/18723, time remaining: 12m 34s
Rendered 823/18723, time remaining: 12m 43s
Rendered 824/18723, time remaining: 12m 43s
Rendered 825/18723, time remaining: 12m 44s
Rendered 826/18723, time remaining: 12m 42s
Rendered 827/18723, time remaining: 12m 44s
Rendered 828/18723, time remaining: 12m 46s
Rendered 829/18723, time remaining: 12m 45s
Rendered 830/18723, time remaining: 12m 41s
Rendered 831/18723, time remaining: 12m 42s
Rendered 832/18723, time remaining: 12m 51s
Rendered 833/18723, time remaining: 12m 33s
Rendered 834/18723, time remaining: 12m 33s
Rendered 835/18723, time remaining: 12m 33s
Rendered 836/18723, time remaining: 12m 35s
Rendered 837/18723, time remaining: 12m 36s
Rendered 838/18723, time remaining: 12m 36s
Rendered 839/18723, time remaining: 12m 46s
Rendered 840/18723, time remaining: 12m 51s
Rendered 841/18723, time remaining: 12m 35s
Rendered 842/18723, time remaining: 12m 34s
Rendered 843/18723, time remaining: 12m 27s
Rendered 844/18723, time remaining: 12m 42s
Rendered 845/18723, time remaining: 12m 41s
Rendered 846/18723, time remaining: 12m 40s
Rendered 847/18723, time remaining: 12m 37s
Rendered 848/18723, time remaining: 12m 37s
Rendered 849/18723, time remaining: 12m 30s
Rendered 850/18723, time remaining: 12m 30s
Rendered 851/18723, time remaining: 12m 21s
Rendered 852/18723, time remaining: 12m 30s
Rendered 853/18723, time remaining: 12m 26s
Rendered 854/18723, time remaining: 12m 26s
Rendered 855/18723, time remaining: 12m 37s
Rendered 856/18723, time remaining: 12m 36s
Rendered 857/18723, time remaining: 12m 37s
Rendered 858/18723, time remaining: 12m 29s
Rendered 859/18723, time remaining: 12m 20s
Rendered 860/18723, time remaining: 12m 21s
Rendered 861/18723, time remaining: 12m 22s
Rendered 862/18723, time remaining: 12m 18s
Rendered 863/18723, time remaining: 12m 16s
Rendered 864/18723, time remaining: 12m 36s
Rendered 865/18723, time remaining: 12m 36s
Rendered 866/18723, time remaining: 12m 18s
Rendered 867/18723, time remaining: 12m 18s
Rendered 868/18723, time remaining: 12m 18s
Rendered 869/18723, time remaining: 12m 27s
Rendered 870/18723, time remaining: 12m 14s
Rendered 871/18723, time remaining: 12m 13s
Rendered 872/18723, time remaining: 12m 34s
Rendered 873/18723, time remaining: 12m 34s
Rendered 874/18723, time remaining: 12m 24s
Rendered 875/18723, time remaining: 12m 26s
Rendered 876/18723, time remaining: 12m 26s
Rendered 877/18723, time remaining: 12m 27s
Rendered 878/18723, time remaining: 12m 20s
Rendered 879/18723, time remaining: 12m 21s
Rendered 880/18723, time remaining: 12m 36s
Rendered 881/18723, time remaining: 12m 23s
Rendered 882/18723, time remaining: 12m 27s
Rendered 883/18723, time remaining: 12m 27s
Rendered 884/18723, time remaining: 12m 29s
Rendered 885/18723, time remaining: 12m 20s
Rendered 886/18723, time remaining: 12m 20s
Rendered 887/18723, time remaining: 12m 30s
Rendered 888/18723, time remaining: 12m 25s
Rendered 889/18723, time remaining: 12m 20s
Rendered 890/18723, time remaining: 12m 7s
Rendered 891/18723, time remaining: 12m 21s
Rendered 892/18723, time remaining: 12m 21s
Rendered 893/18723, time remaining: 12m 21s
Rendered 894/18723, time remaining: 12m 35s
Rendered 895/18723, time remaining: 12m 35s
Rendered 896/18723, time remaining: 12m 23s
Rendered 897/18723, time remaining: 12m 25s
Rendered 898/18723, time remaining: 12m 11s
Rendered 899/18723, time remaining: 12m 22s
Rendered 900/18723, time remaining: 12m 22s
Rendered 901/18723, time remaining: 12m 31s
Rendered 902/18723, time remaining: 12m 40s
Rendered 903/18723, time remaining: 12m 20s
Rendered 904/18723, time remaining: 12m 7s
Rendered 905/18723, time remaining: 12m 8s
Rendered 906/18723, time remaining: 11m 59s
Rendered 907/18723, time remaining: 12m 12s
Rendered 908/18723, time remaining: 12m 12s
Rendered 909/18723, time remaining: 12m 23s
Rendered 910/18723, time remaining: 12m 27s
Rendered 911/18723, time remaining: 12m 15s
Rendered 912/18723, time remaining: 12m 11s
Rendered 913/18723, time remaining: 12m 11s
Rendered 914/18723, time remaining: 11m 45s
Rendered 915/18723, time remaining: 11m 45s
Rendered 916/18723, time remaining: 11m 47s
Rendered 917/18723, time remaining: 11m 59s
Rendered 918/18723, time remaining: 11m 59s
Rendered 919/18723, time remaining: 11m 58s
Rendered 920/18723, time remaining: 12m 5s
Rendered 921/18723, time remaining: 12m 5s
Rendered 922/18723, time remaining: 11m 43s
Rendered 923/18723, time remaining: 11m 45s
Rendered 924/18723, time remaining: 11m 44s
Rendered 925/18723, time remaining: 11m 43s
Rendered 926/18723, time remaining: 11m 45s
Rendered 927/18723, time remaining: 12m 10s
Rendered 928/18723, time remaining: 11m 52s
Rendered 929/18723, time remaining: 11m 58s
Rendered 930/18723, time remaining: 11m 42s
Rendered 931/18723, time remaining: 11m 36s
Rendered 932/18723, time remaining: 11m 35s
Rendered 933/18723, time remaining: 11m 35s
Rendered 934/18723, time remaining: 11m 47s
Rendered 935/18723, time remaining: 11m 54s
Rendered 936/18723, time remaining: 11m 53s
Rendered 937/18723, time remaining: 11m 54s
Rendered 938/18723, time remaining: 11m 43s
Rendered 939/18723, time remaining: 11m 43s
Rendered 940/18723, time remaining: 11m 42s
Rendered 941/18723, time remaining: 11m 40s
Rendered 942/18723, time remaining: 11m 32s
Rendered 943/18723, time remaining: 11m 33s
Rendered 944/18723, time remaining: 11m 40s
Rendered 945/18723, time remaining: 11m 41s
Rendered 946/18723, time remaining: 11m 24s
Rendered 947/18723, time remaining: 11m 23s
Rendered 948/18723, time remaining: 11m 33s
Rendered 949/18723, time remaining: 11m 41s
Rendered 950/18723, time remaining: 11m 39s
Rendered 951/18723, time remaining: 11m 39s
Rendered 952/18723, time remaining: 11m 32s
Rendered 953/18723, time remaining: 11m 25s
Rendered 954/18723, time remaining: 11m 17s
Rendered 955/18723, time remaining: 11m 25s
Rendered 956/18723, time remaining: 11m 26s
Rendered 957/18723, time remaining: 11m 24s
Rendered 958/18723, time remaining: 11m 24s
Rendered 959/18723, time remaining: 11m 26s
Rendered 960/18723, time remaining: 11m 36s
Rendered 961/18723, time remaining: 11m 26s
Rendered 962/18723, time remaining: 11m 20s
Rendered 963/18723, time remaining: 11m 34s
Rendered 964/18723, time remaining: 11m 33s
Rendered 965/18723, time remaining: 11m 26s
Rendered 966/18723, time remaining: 11m 38s
Rendered 967/18723, time remaining: 11m 25s
Rendered 968/18723, time remaining: 11m 25s
Rendered 969/18723, time remaining: 11m 38s
Rendered 970/18723, time remaining: 11m 27s
Rendered 971/18723, time remaining: 11m 35s
Rendered 972/18723, time remaining: 11m 35s
Rendered 973/18723, time remaining: 11m 30s
Rendered 974/18723, time remaining: 11m 38s
Rendered 975/18723, time remaining: 11m 33s
Rendered 976/18723, time remaining: 11m 27s
Rendered 977/18723, time remaining: 11m 26s
Rendered 978/18723, time remaining: 11m 26s
Rendered 979/18723, time remaining: 11m 34s
Rendered 980/18723, time remaining: 11m 34s
Rendered 981/18723, time remaining: 11m 32s
Rendered 982/18723, time remaining: 11m 36s
Rendered 983/18723, time remaining: 11m 20s
Rendered 984/18723, time remaining: 11m 20s
Rendered 985/18723, time remaining: 11m 21s
Rendered 986/18723, time remaining: 11m 30s
Rendered 987/18723, time remaining: 11m 44s
Rendered 988/18723, time remaining: 11m 45s
Rendered 989/18723, time remaining: 11m 23s
Rendered 990/18723, time remaining: 11m 23s
Rendered 991/18723, time remaining: 11m 28s
Rendered 992/18723, time remaining: 11m 28s
Rendered 993/18723, time remaining: 11m 40s
Rendered 994/18723, time remaining: 11m 40s
Rendered 995/18723, time remaining: 11m 48s
Rendered 996/18723, time remaining: 11m 48s
Rendered 997/18723, time remaining: 11m 37s
Rendered 998/18723, time remaining: 11m 38s
Rendered 999/18723, time remaining: 11m 26s
Rendered 1000/18723, time remaining: 11m 42s
Rendered 1001/18723, time remaining: 11m 42s
Rendered 1002/18723, time remaining: 11m 42s
Rendered 1003/18723, time remaining: 11m 53s
Rendered 1004/18723, time remaining: 11m 53s
Rendered 1005/18723, time remaining: 11m 42s
Rendered 1006/18723, time remaining: 11m 41s
Rendered 1007/18723, time remaining: 11m 40s
Rendered 1008/18723, time remaining: 11m 40s
Rendered 1009/18723, time remaining: 11m 45s
Rendered 1010/18723, time remaining: 11m 44s
Rendered 1011/18723, time remaining: 11m 55s
Rendered 1012/18723, time remaining: 11m 48s
Rendered 1013/18723, time remaining: 12m 0s
Rendered 1014/18723, time remaining: 11m 41s
Rendered 1015/18723, time remaining: 11m 41s
Rendered 1016/18723, time remaining: 11m 45s
Rendered 1017/18723, time remaining: 11m 45s
Rendered 1018/18723, time remaining: 11m 45s
Rendered 1019/18723, time remaining: 11m 48s
Rendered 1020/18723, time remaining: 11m 49s
Rendered 1021/18723, time remaining: 12m 8s
Rendered 1022/18723, time remaining: 11m 48s
Rendered 1023/18723, time remaining: 11m 49s
Rendered 1024/18723, time remaining: 11m 50s
Rendered 1025/18723, time remaining: 11m 49s
Rendered 1026/18723, time remaining: 11m 52s
Rendered 1027/18723, time remaining: 11m 55s
Rendered 1028/18723, time remaining: 11m 43s
Rendered 1029/18723, time remaining: 12m 9s
Rendered 1030/18723, time remaining: 11m 55s
Rendered 1031/18723, time remaining: 11m 55s
Rendered 1032/18723, time remaining: 11m 53s
Rendered 1033/18723, time remaining: 11m 53s
Rendered 1034/18723, time remaining: 11m 58s
Rendered 1035/18723, time remaining: 11m 58s
Rendered 1036/18723, time remaining: 11m 58s
Rendered 1037/18723, time remaining: 11m 58s
Rendered 1038/18723, time remaining: 11m 58s
Rendered 1039/18723, time remaining: 12m 11s
Rendered 1040/18723, time remaining: 12m 10s
Rendered 1041/18723, time remaining: 12m 5s
Rendered 1042/18723, time remaining: 12m 5s
Rendered 1043/18723, time remaining: 12m 5s
Rendered 1044/18723, time remaining: 11m 50s
Rendered 1045/18723, time remaining: 12m 0s
Rendered 1046/18723, time remaining: 11m 59s
Rendered 1047/18723, time remaining: 12m 9s
Rendered 1048/18723, time remaining: 12m 8s
Rendered 1049/18723, time remaining: 11m 59s
Rendered 1050/18723, time remaining: 12m 7s
Rendered 1051/18723, time remaining: 12m 0s
Rendered 1052/18723, time remaining: 11m 57s
Rendered 1053/18723, time remaining: 11m 56s
Rendered 1054/18723, time remaining: 12m 8s
Rendered 1055/18723, time remaining: 12m 8s
Rendered 1056/18723, time remaining: 12m 8s
Rendered 1057/18723, time remaining: 11m 57s
Rendered 1058/18723, time remaining: 12m 8s
Rendered 1059/18723, time remaining: 11m 57s
Rendered 1060/18723, time remaining: 12m 9s
Rendered 1061/18723, time remaining: 11m 57s
Rendered 1062/18723, time remaining: 11m 57s
Rendered 1063/18723, time remaining: 11m 58s
Rendered 1064/18723, time remaining: 12m 11s
Rendered 1065/18723, time remaining: 12m 10s
Rendered 1066/18723, time remaining: 12m 8s
Rendered 1067/18723, time remaining: 11m 57s
Rendered 1068/18723, time remaining: 12m 26s
Rendered 1069/18723, time remaining: 12m 13s
Rendered 1070/18723, time remaining: 12m 5s
Rendered 1071/18723, time remaining: 12m 5s
Rendered 1072/18723, time remaining: 12m 22s
Rendered 1073/18723, time remaining: 12m 19s
Rendered 1074/18723, time remaining: 12m 19s
Rendered 1075/18723, time remaining: 12m 33s
Rendered 1076/18723, time remaining: 12m 34s
Rendered 1077/18723, time remaining: 12m 9s
Rendered 1078/18723, time remaining: 12m 11s
Rendered 1079/18723, time remaining: 12m 16s
Rendered 1080/18723, time remaining: 12m 28s
Rendered 1081/18723, time remaining: 12m 27s
Rendered 1082/18723, time remaining: 12m 27s
Rendered 1083/18723, time remaining: 12m 28s
Rendered 1084/18723, time remaining: 12m 27s
Rendered 1085/18723, time remaining: 12m 9s
Rendered 1086/18723, time remaining: 12m 9s
Rendered 1087/18723, time remaining: 12m 8s
Rendered 1088/18723, time remaining: 12m 7s
Rendered 1089/18723, time remaining: 12m 22s
Rendered 1090/18723, time remaining: 12m 22s
Rendered 1091/18723, time remaining: 12m 23s
Rendered 1092/18723, time remaining: 12m 13s
Rendered 1093/18723, time remaining: 12m 12s
Rendered 1094/18723, time remaining: 12m 8s
Rendered 1095/18723, time remaining: 12m 9s
Rendered 1096/18723, time remaining: 12m 9s
Rendered 1097/18723, time remaining: 12m 22s
Rendered 1098/18723, time remaining: 12m 14s
Rendered 1099/18723, time remaining: 12m 6s
Rendered 1100/18723, time remaining: 12m 13s
Rendered 1101/18723, time remaining: 12m 13s
Rendered 1102/18723, time remaining: 12m 7s
Rendered 1103/18723, time remaining: 12m 7s
Rendered 1104/18723, time remaining: 12m 9s
Rendered 1105/18723, time remaining: 12m 17s
Rendered 1106/18723, time remaining: 12m 21s
Rendered 1107/18723, time remaining: 12m 10s
Rendered 1108/18723, time remaining: 12m 11s
Rendered 1109/18723, time remaining: 12m 18s
Rendered 1110/18723, time remaining: 12m 8s
Rendered 1111/18723, time remaining: 12m 8s
Rendered 1112/18723, time remaining: 12m 10s
Rendered 1113/18723, time remaining: 12m 5s
Rendered 1114/18723, time remaining: 12m 5s
Rendered 1115/18723, time remaining: 12m 2s
Rendered 1116/18723, time remaining: 11m 58s
Rendered 1117/18723, time remaining: 12m 16s
Rendered 1118/18723, time remaining: 12m 16s
Rendered 1119/18723, time remaining: 12m 3s
Rendered 1120/18723, time remaining: 12m 12s
Rendered 1121/18723, time remaining: 12m 10s
Rendered 1122/18723, time remaining: 12m 9s
Rendered 1123/18723, time remaining: 12m 4s
Rendered 1124/18723, time remaining: 12m 5s
Rendered 1125/18723, time remaining: 12m 10s
Rendered 1126/18723, time remaining: 12m 13s
Rendered 1127/18723, time remaining: 12m 12s
Rendered 1128/18723, time remaining: 11m 59s
Rendered 1129/18723, time remaining: 12m 11s
Rendered 1130/18723, time remaining: 12m 11s
Rendered 1131/18723, time remaining: 12m 11s
Rendered 1132/18723, time remaining: 11m 57s
Rendered 1133/18723, time remaining: 11m 57s
Rendered 1134/18723, time remaining: 12m 12s
Rendered 1135/18723, time remaining: 12m 11s
Rendered 1136/18723, time remaining: 12m 13s
Rendered 1137/18723, time remaining: 12m 7s
Rendered 1138/18723, time remaining: 12m 7s
Rendered 1139/18723, time remaining: 12m 7s
Rendered 1140/18723, time remaining: 12m 0s
Rendered 1141/18723, time remaining: 12m 3s
Rendered 1142/18723, time remaining: 12m 13s
Rendered 1143/18723, time remaining: 12m 1s
Rendered 1144/18723, time remaining: 11m 47s
Rendered 1145/18723, time remaining: 11m 40s
Rendered 1146/18723, time remaining: 11m 50s
Rendered 1147/18723, time remaining: 11m 52s
Rendered 1148/18723, time remaining: 11m 53s
Rendered 1149/18723, time remaining: 11m 53s
Rendered 1150/18723, time remaining: 11m 55s
Rendered 1151/18723, time remaining: 11m 54s
Rendered 1152/18723, time remaining: 11m 45s
Rendered 1153/18723, time remaining: 11m 40s
Rendered 1154/18723, time remaining: 11m 40s
Rendered 1155/18723, time remaining: 11m 46s
Rendered 1156/18723, time remaining: 11m 37s
Rendered 1157/18723, time remaining: 11m 43s
Rendered 1158/18723, time remaining: 11m 42s
Rendered 1159/18723, time remaining: 11m 47s
Rendered 1160/18723, time remaining: 11m 48s
Rendered 1161/18723, time remaining: 11m 45s
Rendered 1162/18723, time remaining: 11m 59s
Rendered 1163/18723, time remaining: 11m 40s
Rendered 1164/18723, time remaining: 11m 40s
Rendered 1165/18723, time remaining: 11m 40s
Rendered 1166/18723, time remaining: 11m 35s
Rendered 1167/18723, time remaining: 11m 46s
Rendered 1168/18723, time remaining: 11m 48s
Rendered 1169/18723, time remaining: 11m 40s
Rendered 1170/18723, time remaining: 11m 48s
Rendered 1171/18723, time remaining: 11m 28s
Rendered 1172/18723, time remaining: 11m 26s
Rendered 1173/18723, time remaining: 11m 35s
Rendered 1174/18723, time remaining: 11m 34s
Rendered 1175/18723, time remaining: 11m 45s
Rendered 1176/18723, time remaining: 11m 41s
Rendered 1177/18723, time remaining: 11m 38s
Rendered 1178/18723, time remaining: 11m 47s
Rendered 1179/18723, time remaining: 11m 21s
Rendered 1180/18723, time remaining: 11m 19s
Rendered 1181/18723, time remaining: 11m 28s
Rendered 1182/18723, time remaining: 11m 23s
Rendered 1183/18723, time remaining: 11m 35s
Rendered 1184/18723, time remaining: 11m 21s
Rendered 1185/18723, time remaining: 11m 21s
Rendered 1186/18723, time remaining: 11m 26s
Rendered 1187/18723, time remaining: 11m 20s
Rendered 1188/18723, time remaining: 11m 20s
Rendered 1189/18723, time remaining: 11m 19s
Rendered 1190/18723, time remaining: 11m 19s
Rendered 1191/18723, time remaining: 11m 10s
Rendered 1192/18723, time remaining: 11m 26s
Rendered 1193/18723, time remaining: 11m 27s
Rendered 1194/18723, time remaining: 11m 26s
Rendered 1195/18723, time remaining: 11m 15s
Rendered 1196/18723, time remaining: 11m 16s
Rendered 1197/18723, time remaining: 11m 8s
Rendered 1198/18723, time remaining: 11m 9s
Rendered 1199/18723, time remaining: 11m 10s
Rendered 1200/18723, time remaining: 11m 3s
Rendered 1201/18723, time remaining: 10m 58s
Rendered 1202/18723, time remaining: 10m 54s
Rendered 1203/18723, time remaining: 10m 55s
Rendered 1204/18723, time remaining: 10m 44s
Rendered 1205/18723, time remaining: 10m 45s
Rendered 1206/18723, time remaining: 10m 46s
Rendered 1207/18723, time remaining: 10m 45s
Rendered 1208/18723, time remaining: 10m 35s
Rendered 1209/18723, time remaining: 10m 35s
Rendered 1210/18723, time remaining: 10m 21s
Rendered 1211/18723, time remaining: 10m 22s
Rendered 1212/18723, time remaining: 10m 23s
Rendered 1213/18723, time remaining: 10m 23s
Rendered 1214/18723, time remaining: 10m 22s
Rendered 1215/18723, time remaining: 10m 22s
Rendered 1216/18723, time remaining: 10m 46s
Rendered 1217/18723, time remaining: 10m 46s
Rendered 1218/18723, time remaining: 10m 16s
Rendered 1219/18723, time remaining: 10m 16s
Rendered 1220/18723, time remaining: 10m 17s
Rendered 1221/18723, time remaining: 10m 18s
Rendered 1222/18723, time remaining: 10m 9s
Rendered 1223/18723, time remaining: 10m 8s
Rendered 1224/18723, time remaining: 10m 26s
Rendered 1225/18723, time remaining: 10m 13s
Rendered 1226/18723, time remaining: 10m 14s
Rendered 1227/18723, time remaining: 10m 15s
Rendered 1228/18723, time remaining: 10m 13s
Rendered 1229/18723, time remaining: 10m 4s
Rendered 1230/18723, time remaining: 10m 5s
Rendered 1231/18723, time remaining: 10m 5s
Rendered 1232/18723, time remaining: 10m 11s
Rendered 1233/18723, time remaining: 10m 16s
Rendered 1234/18723, time remaining: 10m 7s
Rendered 1235/18723, time remaining: 10m 14s
Rendered 1236/18723, time remaining: 10m 14s
Rendered 1237/18723, time remaining: 10m 2s
Rendered 1238/18723, time remaining: 10m 2s
Rendered 1239/18723, time remaining: 9m 56s
Rendered 1240/18723, time remaining: 9m 55s
Rendered 1241/18723, time remaining: 10m 11s
Rendered 1242/18723, time remaining: 10m 13s
Rendered 1243/18723, time remaining: 10m 15s
Rendered 1244/18723, time remaining: 10m 13s
Rendered 1245/18723, time remaining: 10m 2s
Rendered 1246/18723, time remaining: 10m 3s
Rendered 1247/18723, time remaining: 9m 50s
Rendered 1248/18723, time remaining: 10m 9s
Rendered 1249/18723, time remaining: 10m 9s
Rendered 1250/18723, time remaining: 10m 2s
Rendered 1251/18723, time remaining: 10m 3s
Rendered 1252/18723, time remaining: 10m 13s
Rendered 1253/18723, time remaining: 10m 13s
Rendered 1254/18723, time remaining: 10m 12s
Rendered 1255/18723, time remaining: 10m 8s
Rendered 1256/18723, time remaining: 10m 3s
Rendered 1257/18723, time remaining: 10m 3s
Rendered 1258/18723, time remaining: 10m 10s
Rendered 1259/18723, time remaining: 10m 0s
Rendered 1260/18723, time remaining: 10m 0s
Rendered 1261/18723, time remaining: 10m 9s
Rendered 1262/18723, time remaining: 10m 7s
Rendered 1263/18723, time remaining: 10m 12s
Rendered 1264/18723, time remaining: 10m 18s
Rendered 1265/18723, time remaining: 10m 19s
Rendered 1266/18723, time remaining: 10m 12s
Rendered 1267/18723, time remaining: 9m 55s
Rendered 1268/18723, time remaining: 9m 56s
Rendered 1269/18723, time remaining: 9m 59s
Rendered 1270/18723, time remaining: 9m 58s
Rendered 1271/18723, time remaining: 9m 52s
Rendered 1272/18723, time remaining: 10m 14s
Rendered 1273/18723, time remaining: 10m 14s
Rendered 1274/18723, time remaining: 10m 5s
Rendered 1275/18723, time remaining: 10m 1s
Rendered 1276/18723, time remaining: 9m 57s
Rendered 1277/18723, time remaining: 10m 7s
Rendered 1278/18723, time remaining: 10m 7s
Rendered 1279/18723, time remaining: 9m 49s
Rendered 1280/18723, time remaining: 10m 11s
Rendered 1281/18723, time remaining: 10m 11s
Rendered 1282/18723, time remaining: 10m 11s
Rendered 1283/18723, time remaining: 10m 11s
Rendered 1284/18723, time remaining: 9m 57s
Rendered 1285/18723, time remaining: 10m 9s
Rendered 1286/18723, time remaining: 9m 56s
Rendered 1287/18723, time remaining: 9m 50s
Rendered 1288/18723, time remaining: 9m 56s
Rendered 1289/18723, time remaining: 10m 7s
Rendered 1290/18723, time remaining: 10m 7s
Rendered 1291/18723, time remaining: 9m 58s
Rendered 1292/18723, time remaining: 9m 59s
Rendered 1293/18723, time remaining: 9m 59s
Rendered 1294/18723, time remaining: 9m 58s
Rendered 1295/18723, time remaining: 9m 58s
Rendered 1296/18723, time remaining: 9m 57s
Rendered 1297/18723, time remaining: 10m 9s
Rendered 1298/18723, time remaining: 10m 7s
Rendered 1299/18723, time remaining: 10m 7s
Rendered 1300/18723, time remaining: 10m 5s
Rendered 1301/18723, time remaining: 10m 5s
Rendered 1302/18723, time remaining: 10m 4s
Rendered 1303/18723, time remaining: 9m 59s
Rendered 1304/18723, time remaining: 9m 58s
Rendered 1305/18723, time remaining: 9m 53s
Rendered 1306/18723, time remaining: 10m 6s
Rendered 1307/18723, time remaining: 10m 10s
Rendered 1308/18723, time remaining: 10m 16s
Rendered 1309/18723, time remaining: 10m 7s
Rendered 1310/18723, time remaining: 10m 7s
Rendered 1311/18723, time remaining: 9m 57s
Rendered 1312/18723, time remaining: 9m 56s
Rendered 1313/18723, time remaining: 9m 57s
Rendered 1314/18723, time remaining: 10m 9s
Rendered 1315/18723, time remaining: 10m 9s
Rendered 1316/18723, time remaining: 10m 24s
Rendered 1317/18723, time remaining: 10m 13s
Rendered 1318/18723, time remaining: 10m 11s
Rendered 1319/18723, time remaining: 10m 7s
Rendered 1320/18723, time remaining: 9m 58s
Rendered 1321/18723, time remaining: 9m 58s
Rendered 1322/18723, time remaining: 10m 12s
Rendered 1323/18723, time remaining: 10m 6s
Rendered 1324/18723, time remaining: 10m 15s
Rendered 1325/18723, time remaining: 10m 6s
Rendered 1326/18723, time remaining: 10m 13s
Rendered 1327/18723, time remaining: 10m 13s
Rendered 1328/18723, time remaining: 10m 3s
Rendered 1329/18723, time remaining: 10m 3s
Rendered 1330/18723, time remaining: 10m 18s
Rendered 1331/18723, time remaining: 10m 11s
Rendered 1332/18723, time remaining: 10m 18s
Rendered 1333/18723, time remaining: 10m 5s
Rendered 1334/18723, time remaining: 10m 7s
Rendered 1335/18723, time remaining: 10m 18s
Rendered 1336/18723, time remaining: 10m 12s
Rendered 1337/18723, time remaining: 10m 7s
Rendered 1338/18723, time remaining: 10m 18s
Rendered 1339/18723, time remaining: 10m 6s
Rendered 1340/18723, time remaining: 10m 6s
Rendered 1341/18723, time remaining: 10m 7s
Rendered 1342/18723, time remaining: 10m 2s
Rendered 1343/18723, time remaining: 10m 2s
Rendered 1344/18723, time remaining: 10m 12s
Rendered 1345/18723, time remaining: 10m 12s
Rendered 1346/18723, time remaining: 10m 19s
Rendered 1347/18723, time remaining: 10m 16s
Rendered 1348/18723, time remaining: 10m 15s
Rendered 1349/18723, time remaining: 10m 16s
Rendered 1350/18723, time remaining: 10m 15s
Rendered 1351/18723, time remaining: 10m 21s
Rendered 1352/18723, time remaining: 10m 20s
Rendered 1353/18723, time remaining: 10m 33s
Rendered 1354/18723, time remaining: 10m 32s
Rendered 1355/18723, time remaining: 10m 35s
Rendered 1356/18723, time remaining: 10m 37s
Rendered 1357/18723, time remaining: 10m 46s
Rendered 1358/18723, time remaining: 10m 46s
Rendered 1359/18723, time remaining: 10m 55s
Rendered 1360/18723, time remaining: 10m 55s
Rendered 1361/18723, time remaining: 10m 54s
Rendered 1362/18723, time remaining: 10m 53s
Rendered 1363/18723, time remaining: 11m 3s
Rendered 1364/18723, time remaining: 10m 52s
Rendered 1365/18723, time remaining: 11m 3s
Rendered 1366/18723, time remaining: 10m 39s
Rendered 1367/18723, time remaining: 10m 41s
Rendered 1368/18723, time remaining: 10m 54s
Rendered 1369/18723, time remaining: 10m 55s
Rendered 1370/18723, time remaining: 10m 54s
Rendered 1371/18723, time remaining: 10m 54s
Rendered 1372/18723, time remaining: 10m 52s
Rendered 1373/18723, time remaining: 10m 55s
Rendered 1374/18723, time remaining: 10m 43s
Rendered 1375/18723, time remaining: 10m 49s
Rendered 1376/18723, time remaining: 10m 45s
Rendered 1377/18723, time remaining: 10m 44s
Rendered 1378/18723, time remaining: 10m 58s
Rendered 1379/18723, time remaining: 10m 56s
Rendered 1380/18723, time remaining: 10m 42s
Rendered 1381/18723, time remaining: 10m 52s
Rendered 1382/18723, time remaining: 10m 47s
Rendered 1383/18723, time remaining: 10m 41s
Rendered 1384/18723, time remaining: 10m 41s
Rendered 1385/18723, time remaining: 10m 52s
Rendered 1386/18723, time remaining: 10m 52s
Rendered 1387/18723, time remaining: 10m 52s
Rendered 1388/18723, time remaining: 10m 52s
Rendered 1389/18723, time remaining: 10m 55s
Rendered 1390/18723, time remaining: 10m 56s
Rendered 1391/18723, time remaining: 10m 45s
Rendered 1392/18723, time remaining: 10m 44s
Rendered 1393/18723, time remaining: 10m 59s
Rendered 1394/18723, time remaining: 10m 57s
Rendered 1395/18723, time remaining: 10m 57s
Rendered 1396/18723, time remaining: 10m 56s
Rendered 1397/18723, time remaining: 11m 5s
Rendered 1398/18723, time remaining: 10m 45s
Rendered 1399/18723, time remaining: 10m 48s
Rendered 1400/18723, time remaining: 10m 47s
Rendered 1401/18723, time remaining: 10m 55s
Rendered 1402/18723, time remaining: 10m 55s
Rendered 1403/18723, time remaining: 11m 0s
Rendered 1404/18723, time remaining: 11m 0s
Rendered 1405/18723, time remaining: 10m 43s
Rendered 1406/18723, time remaining: 10m 43s
Rendered 1407/18723, time remaining: 10m 44s
Rendered 1408/18723, time remaining: 10m 39s
Rendered 1409/18723, time remaining: 10m 55s
Rendered 1410/18723, time remaining: 11m 0s
Rendered 1411/18723, time remaining: 11m 3s
Rendered 1412/18723, time remaining: 11m 2s
Rendered 1413/18723, time remaining: 10m 49s
Rendered 1414/18723, time remaining: 10m 43s
Rendered 1415/18723, time remaining: 10m 42s
Rendered 1416/18723, time remaining: 11m 3s
Rendered 1417/18723, time remaining: 11m 5s
Rendered 1418/18723, time remaining: 11m 19s
Rendered 1419/18723, time remaining: 11m 15s
Rendered 1420/18723, time remaining: 11m 8s
Rendered 1421/18723, time remaining: 11m 9s
Rendered 1422/18723, time remaining: 10m 48s
Rendered 1423/18723, time remaining: 11m 7s
Rendered 1424/18723, time remaining: 11m 8s
Rendered 1425/18723, time remaining: 11m 10s
Rendered 1426/18723, time remaining: 11m 24s
Rendered 1427/18723, time remaining: 11m 22s
Rendered 1428/18723, time remaining: 11m 22s
Rendered 1429/18723, time remaining: 11m 20s
Rendered 1430/18723, time remaining: 11m 2s
Rendered 1431/18723, time remaining: 11m 8s
Rendered 1432/18723, time remaining: 11m 8s
Rendered 1433/18723, time remaining: 11m 9s
Rendered 1434/18723, time remaining: 11m 29s
Rendered 1435/18723, time remaining: 11m 17s
Rendered 1436/18723, time remaining: 11m 26s
Rendered 1437/18723, time remaining: 11m 33s
Rendered 1438/18723, time remaining: 11m 28s
Rendered 1439/18723, time remaining: 11m 16s
Rendered 1440/18723, time remaining: 11m 16s
Rendered 1441/18723, time remaining: 11m 20s
Rendered 1442/18723, time remaining: 11m 16s
Rendered 1443/18723, time remaining: 11m 16s
Rendered 1444/18723, time remaining: 11m 30s
Rendered 1445/18723, time remaining: 11m 29s
Rendered 1446/18723, time remaining: 11m 32s
Rendered 1447/18723, time remaining: 11m 19s
Rendered 1448/18723, time remaining: 11m 18s
Rendered 1449/18723, time remaining: 11m 24s
Rendered 1450/18723, time remaining: 11m 20s
Rendered 1451/18723, time remaining: 11m 33s
Rendered 1452/18723, time remaining: 11m 33s
Rendered 1453/18723, time remaining: 11m 33s
Rendered 1454/18723, time remaining: 11m 46s
Rendered 1455/18723, time remaining: 11m 44s
Rendered 1456/18723, time remaining: 11m 44s
Rendered 1457/18723, time remaining: 11m 35s
Rendered 1458/18723, time remaining: 11m 37s
Rendered 1459/18723, time remaining: 11m 37s
Rendered 1460/18723, time remaining: 11m 36s
Rendered 1461/18723, time remaining: 11m 37s
Rendered 1462/18723, time remaining: 11m 26s
Rendered 1463/18723, time remaining: 11m 35s
Rendered 1464/18723, time remaining: 11m 23s
Rendered 1465/18723, time remaining: 11m 36s
Rendered 1466/18723, time remaining: 11m 29s
Rendered 1467/18723, time remaining: 11m 30s
Rendered 1468/18723, time remaining: 11m 32s
Rendered 1469/18723, time remaining: 11m 32s
Rendered 1470/18723, time remaining: 11m 37s
Rendered 1471/18723, time remaining: 11m 36s
Rendered 1472/18723, time remaining: 11m 28s
Rendered 1473/18723, time remaining: 11m 24s
Rendered 1474/18723, time remaining: 11m 28s
Rendered 1475/18723, time remaining: 11m 26s
Rendered 1476/18723, time remaining: 11m 25s
Rendered 1477/18723, time remaining: 11m 31s
Rendered 1478/18723, time remaining: 11m 31s
Rendered 1479/18723, time remaining: 11m 31s
Rendered 1480/18723, time remaining: 11m 32s
Rendered 1481/18723, time remaining: 11m 32s
Rendered 1482/18723, time remaining: 11m 25s
Rendered 1483/18723, time remaining: 11m 32s
Rendered 1484/18723, time remaining: 11m 31s
Rendered 1485/18723, time remaining: 11m 20s
Rendered 1486/18723, time remaining: 11m 19s
Rendered 1487/18723, time remaining: 11m 30s
Rendered 1488/18723, time remaining: 11m 27s
Rendered 1489/18723, time remaining: 11m 27s
Rendered 1490/18723, time remaining: 11m 34s
Rendered 1491/18723, time remaining: 11m 34s
Rendered 1492/18723, time remaining: 11m 26s
Rendered 1493/18723, time remaining: 11m 26s
Rendered 1494/18723, time remaining: 11m 25s
Rendered 1495/18723, time remaining: 11m 24s
Rendered 1496/18723, time remaining: 11m 25s
Rendered 1497/18723, time remaining: 11m 28s
Rendered 1498/18723, time remaining: 11m 28s
Rendered 1499/18723, time remaining: 11m 30s
Rendered 1500/18723, time remaining: 11m 30s
Rendered 1501/18723, time remaining: 11m 27s
Rendered 1502/18723, time remaining: 11m 31s
Rendered 1503/18723, time remaining: 11m 17s
Rendered 1504/18723, time remaining: 11m 35s
Rendered 1505/18723, time remaining: 11m 32s
Rendered 1506/18723, time remaining: 11m 30s
Rendered 1507/18723, time remaining: 11m 20s
Rendered 1508/18723, time remaining: 11m 20s
Rendered 1509/18723, time remaining: 11m 14s
Rendered 1510/18723, time remaining: 11m 22s
Rendered 1511/18723, time remaining: 11m 21s
Rendered 1512/18723, time remaining: 11m 37s
Rendered 1513/18723, time remaining: 11m 26s
Rendered 1514/18723, time remaining: 11m 26s
Rendered 1515/18723, time remaining: 11m 25s
Rendered 1516/18723, time remaining: 11m 25s
Rendered 1517/18723, time remaining: 11m 24s
Rendered 1518/18723, time remaining: 11m 10s
Rendered 1519/18723, time remaining: 11m 10s
Rendered 1520/18723, time remaining: 11m 32s
Rendered 1521/18723, time remaining: 11m 30s
Rendered 1522/18723, time remaining: 11m 25s
Rendered 1523/18723, time remaining: 11m 35s
Rendered 1524/18723, time remaining: 11m 36s
Rendered 1525/18723, time remaining: 11m 28s
Rendered 1526/18723, time remaining: 11m 27s
Rendered 1527/18723, time remaining: 11m 29s
Rendered 1528/18723, time remaining: 11m 15s
Rendered 1529/18723, time remaining: 11m 28s
Rendered 1530/18723, time remaining: 11m 28s
Rendered 1531/18723, time remaining: 11m 30s
Rendered 1532/18723, time remaining: 11m 30s
Rendered 1533/18723, time remaining: 11m 30s
Rendered 1534/18723, time remaining: 11m 29s
Rendered 1535/18723, time remaining: 11m 18s
Rendered 1536/18723, time remaining: 11m 18s
Rendered 1537/18723, time remaining: 11m 37s
Rendered 1538/18723, time remaining: 11m 37s
Rendered 1539/18723, time remaining: 11m 25s
Rendered 1540/18723, time remaining: 11m 24s
Rendered 1541/18723, time remaining: 11m 22s
Rendered 1542/18723, time remaining: 11m 31s
Rendered 1543/18723, time remaining: 11m 13s
Rendered 1544/18723, time remaining: 11m 30s
Rendered 1545/18723, time remaining: 11m 30s
Rendered 1546/18723, time remaining: 11m 31s
Rendered 1547/18723, time remaining: 11m 29s
Rendered 1548/18723, time remaining: 11m 29s
Rendered 1549/18723, time remaining: 11m 25s
Rendered 1550/18723, time remaining: 11m 25s
Rendered 1551/18723, time remaining: 11m 17s
Rendered 1552/18723, time remaining: 11m 26s
Rendered 1553/18723, time remaining: 11m 24s
Rendered 1554/18723, time remaining: 11m 34s
Rendered 1555/18723, time remaining: 11m 34s
Rendered 1556/18723, time remaining: 11m 34s
Rendered 1557/18723, time remaining: 11m 33s
Rendered 1558/18723, time remaining: 11m 32s
Rendered 1559/18723, time remaining: 11m 16s
Rendered 1560/18723, time remaining: 11m 24s
Rendered 1561/18723, time remaining: 11m 25s
Rendered 1562/18723, time remaining: 11m 25s
Rendered 1563/18723, time remaining: 11m 26s
Rendered 1564/18723, time remaining: 11m 36s
Rendered 1565/18723, time remaining: 11m 36s
Rendered 1566/18723, time remaining: 11m 14s
Rendered 1567/18723, time remaining: 11m 10s
Rendered 1568/18723, time remaining: 11m 10s
Rendered 1569/18723, time remaining: 11m 21s
Rendered 1570/18723, time remaining: 11m 20s
Rendered 1571/18723, time remaining: 11m 19s
Rendered 1572/18723, time remaining: 11m 30s
Rendered 1573/18723, time remaining: 11m 12s
Rendered 1574/18723, time remaining: 11m 11s
Rendered 1575/18723, time remaining: 11m 8s
Rendered 1576/18723, time remaining: 11m 15s
Rendered 1577/18723, time remaining: 11m 6s
Rendered 1578/18723, time remaining: 11m 6s
Rendered 1579/18723, time remaining: 11m 6s
Rendered 1580/18723, time remaining: 11m 12s
Rendered 1581/18723, time remaining: 11m 6s
Rendered 1582/18723, time remaining: 11m 6s
Rendered 1583/18723, time remaining: 11m 5s
Rendered 1584/18723, time remaining: 11m 4s
Rendered 1585/18723, time remaining: 11m 6s
Rendered 1586/18723, time remaining: 10m 58s
Rendered 1587/18723, time remaining: 10m 48s
Rendered 1588/18723, time remaining: 10m 49s
Rendered 1589/18723, time remaining: 10m 50s
Rendered 1590/18723, time remaining: 10m 51s
Rendered 1591/18723, time remaining: 10m 54s
Rendered 1592/18723, time remaining: 11m 11s
Rendered 1593/18723, time remaining: 11m 12s
Rendered 1594/18723, time remaining: 11m 0s
Rendered 1595/18723, time remaining: 11m 2s
Rendered 1596/18723, time remaining: 10m 51s
Rendered 1597/18723, time remaining: 10m 51s
Rendered 1598/18723, time remaining: 10m 52s
Rendered 1599/18723, time remaining: 10m 50s
Rendered 1600/18723, time remaining: 11m 2s
Rendered 1601/18723, time remaining: 10m 50s
Rendered 1602/18723, time remaining: 10m 54s
Rendered 1603/18723, time remaining: 10m 54s
Rendered 1604/18723, time remaining: 10m 42s
Rendered 1605/18723, time remaining: 10m 44s
Rendered 1606/18723, time remaining: 10m 38s
Rendered 1607/18723, time remaining: 10m 39s
Rendered 1608/18723, time remaining: 10m 41s
Rendered 1609/18723, time remaining: 10m 46s
Rendered 1610/18723, time remaining: 10m 47s
Rendered 1611/18723, time remaining: 10m 54s
Rendered 1612/18723, time remaining: 10m 52s
Rendered 1613/18723, time remaining: 10m 46s
Rendered 1614/18723, time remaining: 10m 46s
Rendered 1615/18723, time remaining: 10m 45s
Rendered 1616/18723, time remaining: 10m 38s
Rendered 1617/18723, time remaining: 10m 38s
Rendered 1618/18723, time remaining: 10m 43s
Rendered 1619/18723, time remaining: 10m 51s
Rendered 1620/18723, time remaining: 10m 45s
Rendered 1621/18723, time remaining: 10m 45s
Rendered 1622/18723, time remaining: 10m 45s
Rendered 1623/18723, time remaining: 10m 45s
Rendered 1624/18723, time remaining: 10m 38s
Rendered 1625/18723, time remaining: 10m 36s
Rendered 1626/18723, time remaining: 10m 50s
Rendered 1627/18723, time remaining: 10m 45s
Rendered 1628/18723, time remaining: 10m 47s
Rendered 1629/18723, time remaining: 10m 48s
Rendered 1630/18723, time remaining: 10m 34s
Rendered 1631/18723, time remaining: 10m 41s
Rendered 1632/18723, time remaining: 10m 41s
Rendered 1633/18723, time remaining: 10m 34s
Rendered 1634/18723, time remaining: 10m 47s
Rendered 1635/18723, time remaining: 10m 47s
Rendered 1636/18723, time remaining: 10m 48s
Rendered 1637/18723, time remaining: 10m 39s
Rendered 1638/18723, time remaining: 10m 32s
Rendered 1639/18723, time remaining: 10m 52s
Rendered 1640/18723, time remaining: 10m 48s
Rendered 1641/18723, time remaining: 10m 46s
Rendered 1642/18723, time remaining: 10m 42s
Rendered 1643/18723, time remaining: 10m 42s
Rendered 1644/18723, time remaining: 10m 43s
Rendered 1645/18723, time remaining: 10m 43s
Rendered 1646/18723, time remaining: 10m 34s
Rendered 1647/18723, time remaining: 10m 49s
Rendered 1648/18723, time remaining: 10m 49s
Rendered 1649/18723, time remaining: 10m 43s
Rendered 1650/18723, time remaining: 10m 46s
Rendered 1651/18723, time remaining: 10m 43s
Rendered 1652/18723, time remaining: 10m 46s
Rendered 1653/18723, time remaining: 10m 46s
Rendered 1654/18723, time remaining: 10m 29s
Rendered 1655/18723, time remaining: 10m 48s
Rendered 1656/18723, time remaining: 10m 47s
Rendered 1657/18723, time remaining: 10m 53s
Rendered 1658/18723, time remaining: 10m 52s
Rendered 1659/18723, time remaining: 10m 47s
Rendered 1660/18723, time remaining: 10m 40s
Rendered 1661/18723, time remaining: 10m 41s
Rendered 1662/18723, time remaining: 10m 29s
Rendered 1663/18723, time remaining: 10m 44s
Rendered 1664/18723, time remaining: 10m 44s
Rendered 1665/18723, time remaining: 10m 41s
Rendered 1666/18723, time remaining: 10m 46s
Rendered 1667/18723, time remaining: 10m 46s
Rendered 1668/18723, time remaining: 10m 48s
Rendered 1669/18723, time remaining: 10m 49s
Rendered 1670/18723, time remaining: 10m 34s
Rendered 1671/18723, time remaining: 10m 42s
Rendered 1672/18723, time remaining: 10m 43s
Rendered 1673/18723, time remaining: 10m 29s
Rendered 1674/18723, time remaining: 10m 27s
Rendered 1675/18723, time remaining: 10m 36s
Rendered 1676/18723, time remaining: 10m 46s
Rendered 1677/18723, time remaining: 10m 44s
Rendered 1678/18723, time remaining: 10m 44s
Rendered 1679/18723, time remaining: 10m 35s
Rendered 1680/18723, time remaining: 10m 35s
Rendered 1681/18723, time remaining: 10m 31s
Rendered 1682/18723, time remaining: 10m 34s
Rendered 1683/18723, time remaining: 10m 42s
Rendered 1684/18723, time remaining: 10m 52s
Rendered 1685/18723, time remaining: 10m 44s
Rendered 1686/18723, time remaining: 10m 44s
Rendered 1687/18723, time remaining: 10m 27s
Rendered 1688/18723, time remaining: 10m 29s
Rendered 1689/18723, time remaining: 10m 43s
Rendered 1690/18723, time remaining: 10m 43s
Rendered 1691/18723, time remaining: 10m 41s
Rendered 1692/18723, time remaining: 10m 44s
Rendered 1693/18723, time remaining: 10m 44s
Rendered 1694/18723, time remaining: 10m 27s
Rendered 1695/18723, time remaining: 10m 39s
Rendered 1696/18723, time remaining: 10m 39s
Rendered 1697/18723, time remaining: 10m 30s
Rendered 1698/18723, time remaining: 10m 31s
Rendered 1699/18723, time remaining: 10m 49s
Rendered 1700/18723, time remaining: 10m 50s
Rendered 1701/18723, time remaining: 10m 51s
Rendered 1702/18723, time remaining: 10m 32s
Rendered 1703/18723, time remaining: 10m 31s
Rendered 1704/18723, time remaining: 10m 23s
Rendered 1705/18723, time remaining: 10m 28s
Rendered 1706/18723, time remaining: 10m 28s
Rendered 1707/18723, time remaining: 10m 45s
Rendered 1708/18723, time remaining: 10m 56s
Rendered 1709/18723, time remaining: 10m 55s
Rendered 1710/18723, time remaining: 10m 43s
Rendered 1711/18723, time remaining: 10m 40s
Rendered 1712/18723, time remaining: 10m 39s
Rendered 1713/18723, time remaining: 10m 38s
Rendered 1714/18723, time remaining: 10m 28s
Rendered 1715/18723, time remaining: 10m 40s
Rendered 1716/18723, time remaining: 10m 50s
Rendered 1717/18723, time remaining: 10m 50s
Rendered 1718/18723, time remaining: 10m 37s
Rendered 1719/18723, time remaining: 10m 37s
Rendered 1720/18723, time remaining: 10m 37s
Rendered 1721/18723, time remaining: 10m 37s
Rendered 1722/18723, time remaining: 10m 33s
Rendered 1723/18723, time remaining: 10m 33s
Rendered 1724/18723, time remaining: 10m 51s
Rendered 1725/18723, time remaining: 10m 51s
Rendered 1726/18723, time remaining: 10m 32s
Rendered 1727/18723, time remaining: 10m 34s
Rendered 1728/18723, time remaining: 10m 35s
Rendered 1729/18723, time remaining: 10m 36s
Rendered 1730/18723, time remaining: 10m 28s
Rendered 1731/18723, time remaining: 10m 49s
Rendered 1732/18723, time remaining: 11m 3s
Rendered 1733/18723, time remaining: 11m 3s
Rendered 1734/18723, time remaining: 10m 43s
Rendered 1735/18723, time remaining: 10m 43s
Rendered 1736/18723, time remaining: 10m 57s
Rendered 1737/18723, time remaining: 10m 56s
Rendered 1738/18723, time remaining: 10m 55s
Rendered 1739/18723, time remaining: 11m 2s
Rendered 1740/18723, time remaining: 11m 1s
Rendered 1741/18723, time remaining: 11m 7s
Rendered 1742/18723, time remaining: 10m 45s
Rendered 1743/18723, time remaining: 10m 59s
Rendered 1744/18723, time remaining: 10m 58s
Rendered 1745/18723, time remaining: 10m 57s
Rendered 1746/18723, time remaining: 11m 1s
Rendered 1747/18723, time remaining: 11m 5s
Rendered 1748/18723, time remaining: 11m 11s
Rendered 1749/18723, time remaining: 11m 11s
Rendered 1750/18723, time remaining: 10m 56s
Rendered 1751/18723, time remaining: 10m 58s
Rendered 1752/18723, time remaining: 10m 55s
Rendered 1753/18723, time remaining: 11m 0s
Rendered 1754/18723, time remaining: 10m 58s
Rendered 1755/18723, time remaining: 10m 57s
Rendered 1756/18723, time remaining: 10m 55s
Rendered 1757/18723, time remaining: 11m 6s
Rendered 1758/18723, time remaining: 10m 58s
Rendered 1759/18723, time remaining: 11m 6s
Rendered 1760/18723, time remaining: 11m 5s
Rendered 1761/18723, time remaining: 11m 5s
Rendered 1762/18723, time remaining: 11m 6s
Rendered 1763/18723, time remaining: 11m 3s
Rendered 1764/18723, time remaining: 11m 8s
Rendered 1765/18723, time remaining: 11m 3s
Rendered 1766/18723, time remaining: 11m 3s
Rendered 1767/18723, time remaining: 11m 13s
Rendered 1768/18723, time remaining: 11m 7s
Rendered 1769/18723, time remaining: 11m 0s
Rendered 1770/18723, time remaining: 11m 1s
Rendered 1771/18723, time remaining: 11m 16s
Rendered 1772/18723, time remaining: 11m 12s
Rendered 1773/18723, time remaining: 11m 22s
Rendered 1774/18723, time remaining: 11m 16s
Rendered 1775/18723, time remaining: 11m 27s
Rendered 1776/18723, time remaining: 11m 9s
Rendered 1777/18723, time remaining: 11m 7s
Rendered 1778/18723, time remaining: 11m 6s
Rendered 1779/18723, time remaining: 11m 15s
Rendered 1780/18723, time remaining: 11m 14s
Rendered 1781/18723, time remaining: 11m 16s
Rendered 1782/18723, time remaining: 11m 19s
Rendered 1783/18723, time remaining: 11m 20s
Rendered 1784/18723, time remaining: 11m 12s
Rendered 1785/18723, time remaining: 11m 12s
Rendered 1786/18723, time remaining: 11m 20s
Rendered 1787/18723, time remaining: 11m 20s
Rendered 1788/18723, time remaining: 11m 25s
Rendered 1789/18723, time remaining: 11m 6s
Rendered 1790/18723, time remaining: 11m 3s
Rendered 1791/18723, time remaining: 11m 14s
Rendered 1792/18723, time remaining: 11m 24s
Rendered 1793/18723, time remaining: 11m 22s
Rendered 1794/18723, time remaining: 11m 13s
Rendered 1795/18723, time remaining: 11m 14s
Rendered 1796/18723, time remaining: 11m 20s
Rendered 1797/18723, time remaining: 11m 9s
Rendered 1798/18723, time remaining: 11m 10s
Rendered 1799/18723, time remaining: 11m 23s
Rendered 1800/18723, time remaining: 11m 20s
Rendered 1801/18723, time remaining: 11m 20s
Rendered 1802/18723, time remaining: 11m 20s
Rendered 1803/18723, time remaining: 11m 20s
Rendered 1804/18723, time remaining: 11m 20s
Rendered 1805/18723, time remaining: 11m 4s
Rendered 1806/18723, time remaining: 11m 5s
Rendered 1807/18723, time remaining: 11m 14s
Rendered 1808/18723, time remaining: 11m 14s
Rendered 1809/18723, time remaining: 11m 18s
Rendered 1810/18723, time remaining: 11m 27s
Rendered 1811/18723, time remaining: 11m 26s
Rendered 1812/18723, time remaining: 11m 23s
Rendered 1813/18723, time remaining: 11m 7s
Rendered 1814/18723, time remaining: 11m 8s
Rendered 1815/18723, time remaining: 11m 6s
Rendered 1816/18723, time remaining: 11m 15s
Rendered 1817/18723, time remaining: 11m 15s
Rendered 1818/18723, time remaining: 11m 19s
Rendered 1819/18723, time remaining: 11m 23s
Rendered 1820/18723, time remaining: 11m 17s
Rendered 1821/18723, time remaining: 11m 8s
Rendered 1822/18723, time remaining: 11m 9s
Rendered 1823/18723, time remaining: 11m 28s
Rendered 1824/18723, time remaining: 11m 23s
Rendered 1825/18723, time remaining: 11m 15s
Rendered 1826/18723, time remaining: 11m 5s
Rendered 1827/18723, time remaining: 11m 12s
Rendered 1828/18723, time remaining: 11m 12s
Rendered 1829/18723, time remaining: 11m 7s
Rendered 1830/18723, time remaining: 11m 12s
Rendered 1831/18723, time remaining: 11m 17s
Rendered 1832/18723, time remaining: 11m 25s
Rendered 1833/18723, time remaining: 11m 17s
Rendered 1834/18723, time remaining: 11m 18s
Rendered 1835/18723, time remaining: 11m 22s
Rendered 1836/18723, time remaining: 11m 21s
Rendered 1837/18723, time remaining: 11m 19s
Rendered 1838/18723, time remaining: 11m 17s
Rendered 1839/18723, time remaining: 11m 3s
Rendered 1840/18723, time remaining: 11m 13s
Rendered 1841/18723, time remaining: 11m 13s
Rendered 1842/18723, time remaining: 11m 20s
Rendered 1843/18723, time remaining: 11m 19s
Rendered 1844/18723, time remaining: 11m 19s
Rendered 1845/18723, time remaining: 11m 8s
Rendered 1846/18723, time remaining: 11m 17s
Rendered 1847/18723, time remaining: 11m 21s
Rendered 1848/18723, time remaining: 11m 24s
Rendered 1849/18723, time remaining: 11m 7s
Rendered 1850/18723, time remaining: 11m 18s
Rendered 1851/18723, time remaining: 11m 17s
Rendered 1852/18723, time remaining: 11m 17s
Rendered 1853/18723, time remaining: 11m 17s
Rendered 1854/18723, time remaining: 11m 24s
Rendered 1855/18723, time remaining: 11m 19s
Rendered 1856/18723, time remaining: 11m 19s
Rendered 1857/18723, time remaining: 11m 3s
Rendered 1858/18723, time remaining: 11m 7s
Rendered 1859/18723, time remaining: 11m 10s
Rendered 1860/18723, time remaining: 11m 11s
Rendered 1861/18723, time remaining: 11m 7s
Rendered 1862/18723, time remaining: 11m 8s
Rendered 1863/18723, time remaining: 11m 8s
Rendered 1864/18723, time remaining: 11m 8s
Rendered 1865/18723, time remaining: 10m 59s
Rendered 1866/18723, time remaining: 11m 12s
Rendered 1867/18723, time remaining: 11m 12s
Rendered 1868/18723, time remaining: 11m 12s
Rendered 1869/18723, time remaining: 11m 1s
Rendered 1870/18723, time remaining: 11m 2s
Rendered 1871/18723, time remaining: 11m 16s
Rendered 1872/18723, time remaining: 11m 8s
Rendered 1873/18723, time remaining: 11m 8s
Rendered 1874/18723, time remaining: 11m 6s
Rendered 1875/18723, time remaining: 11m 6s
Rendered 1876/18723, time remaining: 11m 6s
Rendered 1877/18723, time remaining: 11m 5s
Rendered 1878/18723, time remaining: 11m 6s
Rendered 1879/18723, time remaining: 11m 13s
Rendered 1880/18723, time remaining: 11m 13s
Rendered 1881/18723, time remaining: 11m 1s
Rendered 1882/18723, time remaining: 10m 48s
Rendered 1883/18723, time remaining: 10m 50s
Rendered 1884/18723, time remaining: 10m 58s
Rendered 1885/18723, time remaining: 11m 5s
Rendered 1886/18723, time remaining: 10m 54s
Rendered 1887/18723, time remaining: 10m 55s
Rendered 1888/18723, time remaining: 10m 56s
Rendered 1889/18723, time remaining: 10m 47s
Rendered 1890/18723, time remaining: 10m 59s
Rendered 1891/18723, time remaining: 10m 46s
Rendered 1892/18723, time remaining: 10m 46s
Rendered 1893/18723, time remaining: 10m 35s
Rendered 1894/18723, time remaining: 10m 36s
Rendered 1895/18723, time remaining: 10m 48s
Rendered 1896/18723, time remaining: 10m 43s
Rendered 1897/18723, time remaining: 10m 38s
Rendered 1898/18723, time remaining: 10m 38s
Rendered 1899/18723, time remaining: 10m 35s
Rendered 1900/18723, time remaining: 10m 28s
Rendered 1901/18723, time remaining: 10m 38s
Rendered 1902/18723, time remaining: 10m 38s
Rendered 1903/18723, time remaining: 10m 34s
Rendered 1904/18723, time remaining: 10m 48s
Rendered 1905/18723, time remaining: 10m 48s
Rendered 1906/18723, time remaining: 10m 43s
Rendered 1907/18723, time remaining: 10m 32s
Rendered 1908/18723, time remaining: 10m 32s
Rendered 1909/18723, time remaining: 10m 31s
Rendered 1910/18723, time remaining: 10m 30s
Rendered 1911/18723, time remaining: 10m 31s
Rendered 1912/18723, time remaining: 10m 30s
Rendered 1913/18723, time remaining: 10m 37s
Rendered 1914/18723, time remaining: 10m 38s
Rendered 1915/18723, time remaining: 10m 30s
Rendered 1916/18723, time remaining: 10m 30s
Rendered 1917/18723, time remaining: 10m 26s
Rendered 1918/18723, time remaining: 10m 25s
Rendered 1919/18723, time remaining: 10m 26s
Rendered 1920/18723, time remaining: 10m 26s
Rendered 1921/18723, time remaining: 10m 28s
Rendered 1922/18723, time remaining: 10m 28s
Rendered 1923/18723, time remaining: 10m 20s
Rendered 1924/18723, time remaining: 10m 20s
Rendered 1925/18723, time remaining: 10m 16s
Rendered 1926/18723, time remaining: 10m 17s
Rendered 1927/18723, time remaining: 10m 17s
Rendered 1928/18723, time remaining: 10m 17s
Rendered 1929/18723, time remaining: 10m 22s
Rendered 1930/18723, time remaining: 10m 22s
Rendered 1931/18723, time remaining: 10m 11s
Rendered 1932/18723, time remaining: 10m 17s
Rendered 1933/18723, time remaining: 10m 26s
Rendered 1934/18723, time remaining: 10m 20s
Rendered 1935/18723, time remaining: 10m 20s
Rendered 1936/18723, time remaining: 10m 11s
Rendered 1937/18723, time remaining: 10m 11s
Rendered 1938/18723, time remaining: 10m 7s
Rendered 1939/18723, time remaining: 10m 24s
Rendered 1940/18723, time remaining: 10m 25s
Rendered 1941/18723, time remaining: 10m 14s
Rendered 1942/18723, time remaining: 10m 11s
Rendered 1943/18723, time remaining: 10m 11s
Rendered 1944/18723, time remaining: 10m 14s
Rendered 1945/18723, time remaining: 10m 23s
Rendered 1946/18723, time remaining: 10m 17s
Rendered 1947/18723, time remaining: 10m 10s
Rendered 1948/18723, time remaining: 10m 23s
Rendered 1949/18723, time remaining: 10m 10s
Rendered 1950/18723, time remaining: 10m 11s
Rendered 1951/18723, time remaining: 10m 10s
Rendered 1952/18723, time remaining: 10m 5s
Rendered 1953/18723, time remaining: 10m 6s
Rendered 1954/18723, time remaining: 10m 7s
Rendered 1955/18723, time remaining: 10m 22s
Rendered 1956/18723, time remaining: 10m 24s
Rendered 1957/18723, time remaining: 10m 10s
Rendered 1958/18723, time remaining: 10m 10s
Rendered 1959/18723, time remaining: 10m 15s
Rendered 1960/18723, time remaining: 10m 4s
Rendered 1961/18723, time remaining: 10m 4s
Rendered 1962/18723, time remaining: 10m 4s
Rendered 1963/18723, time remaining: 10m 16s
Rendered 1964/18723, time remaining: 10m 15s
Rendered 1965/18723, time remaining: 10m 18s
Rendered 1966/18723, time remaining: 10m 4s
Rendered 1967/18723, time remaining: 10m 13s
Rendered 1968/18723, time remaining: 10m 8s
Rendered 1969/18723, time remaining: 10m 4s
Rendered 1970/18723, time remaining: 10m 13s
Rendered 1971/18723, time remaining: 10m 13s
Rendered 1972/18723, time remaining: 10m 11s
Rendered 1973/18723, time remaining: 10m 3s
Rendered 1974/18723, time remaining: 10m 3s
Rendered 1975/18723, time remaining: 10m 3s
Rendered 1976/18723, time remaining: 10m 10s
Rendered 1977/18723, time remaining: 10m 9s
Rendered 1978/18723, time remaining: 10m 12s
Rendered 1979/18723, time remaining: 10m 18s
Rendered 1980/18723, time remaining: 10m 14s
Rendered 1981/18723, time remaining: 10m 3s
Rendered 1982/18723, time remaining: 9m 52s
Rendered 1983/18723, time remaining: 9m 57s
Rendered 1984/18723, time remaining: 9m 47s
Rendered 1985/18723, time remaining: 9m 46s
Rendered 1986/18723, time remaining: 9m 51s
Rendered 1987/18723, time remaining: 10m 1s
Rendered 1988/18723, time remaining: 10m 1s
Rendered 1989/18723, time remaining: 10m 1s
Rendered 1990/18723, time remaining: 10m 1s
Rendered 1991/18723, time remaining: 10m 1s
Rendered 1992/18723, time remaining: 9m 53s
Rendered 1993/18723, time remaining: 9m 53s
Rendered 1994/18723, time remaining: 9m 53s
Rendered 1995/18723, time remaining: 10m 2s
Rendered 1996/18723, time remaining: 9m 52s
Rendered 1997/18723, time remaining: 9m 49s
Rendered 1998/18723, time remaining: 9m 44s
Rendered 1999/18723, time remaining: 9m 46s
Rendered 2000/18723, time remaining: 9m 51s
Rendered 2001/18723, time remaining: 9m 56s
Rendered 2002/18723, time remaining: 9m 55s
Rendered 2003/18723, time remaining: 9m 55s
Rendered 2004/18723, time remaining: 9m 48s
Rendered 2005/18723, time remaining: 9m 54s
Rendered 2006/18723, time remaining: 9m 54s
Rendered 2007/18723, time remaining: 9m 53s
Rendered 2008/18723, time remaining: 9m 53s
Rendered 2009/18723, time remaining: 9m 52s
Rendered 2010/18723, time remaining: 9m 55s
Rendered 2011/18723, time remaining: 9m 50s
Rendered 2012/18723, time remaining: 9m 50s
Rendered 2013/18723, time remaining: 9m 51s
Rendered 2014/18723, time remaining: 9m 52s
Rendered 2015/18723, time remaining: 9m 52s
Rendered 2016/18723, time remaining: 9m 37s
Rendered 2017/18723, time remaining: 9m 37s
Rendered 2018/18723, time remaining: 9m 54s
Rendered 2019/18723, time remaining: 9m 56s
Rendered 2020/18723, time remaining: 9m 56s
Rendered 2021/18723, time remaining: 9m 42s
Rendered 2022/18723, time remaining: 9m 46s
Rendered 2023/18723, time remaining: 9m 47s
Rendered 2024/18723, time remaining: 9m 40s
Rendered 2025/18723, time remaining: 9m 42s
Rendered 2026/18723, time remaining: 9m 51s
Rendered 2027/18723, time remaining: 9m 50s
Rendered 2028/18723, time remaining: 9m 51s
Rendered 2029/18723, time remaining: 9m 45s
Rendered 2030/18723, time remaining: 9m 45s
Rendered 2031/18723, time remaining: 9m 36s
Rendered 2032/18723, time remaining: 9m 52s
Rendered 2033/18723, time remaining: 9m 51s
Rendered 2034/18723, time remaining: 9m 46s
Rendered 2035/18723, time remaining: 9m 39s
Rendered 2036/18723, time remaining: 9m 35s
Rendered 2037/18723, time remaining: 9m 36s
Rendered 2038/18723, time remaining: 9m 36s
Rendered 2039/18723, time remaining: 9m 40s
Rendered 2040/18723, time remaining: 9m 47s
Rendered 2041/18723, time remaining: 9m 46s
Rendered 2042/18723, time remaining: 9m 50s
Rendered 2043/18723, time remaining: 9m 47s
Rendered 2044/18723, time remaining: 9m 47s
Rendered 2045/18723, time remaining: 9m 43s
Rendered 2046/18723, time remaining: 9m 43s
Rendered 2047/18723, time remaining: 9m 45s
Rendered 2048/18723, time remaining: 9m 38s
Rendered 2049/18723, time remaining: 9m 52s
Rendered 2050/18723, time remaining: 10m 0s
Rendered 2051/18723, time remaining: 9m 47s
Rendered 2052/18723, time remaining: 9m 46s
Rendered 2053/18723, time remaining: 9m 45s
Rendered 2054/18723, time remaining: 9m 32s
Rendered 2055/18723, time remaining: 9m 33s
Rendered 2056/18723, time remaining: 9m 43s
Rendered 2057/18723, time remaining: 9m 42s
Rendered 2058/18723, time remaining: 9m 54s
Rendered 2059/18723, time remaining: 9m 45s
Rendered 2060/18723, time remaining: 9m 50s
Rendered 2061/18723, time remaining: 9m 42s
Rendered 2062/18723, time remaining: 9m 41s
Rendered 2063/18723, time remaining: 9m 34s
Rendered 2064/18723, time remaining: 9m 40s
Rendered 2065/18723, time remaining: 9m 40s
Rendered 2066/18723, time remaining: 9m 54s
Rendered 2067/18723, time remaining: 9m 46s
Rendered 2068/18723, time remaining: 9m 50s
Rendered 2069/18723, time remaining: 9m 49s
Rendered 2070/18723, time remaining: 9m 50s
Rendered 2071/18723, time remaining: 9m 36s
Rendered 2072/18723, time remaining: 9m 35s
Rendered 2073/18723, time remaining: 9m 36s
Rendered 2074/18723, time remaining: 9m 37s
Rendered 2075/18723, time remaining: 9m 43s
Rendered 2076/18723, time remaining: 9m 53s
Rendered 2077/18723, time remaining: 9m 53s
Rendered 2078/18723, time remaining: 9m 54s
Rendered 2079/18723, time remaining: 9m 39s
Rendered 2080/18723, time remaining: 9m 41s
Rendered 2081/18723, time remaining: 9m 41s
Rendered 2082/18723, time remaining: 9m 34s
Rendered 2083/18723, time remaining: 9m 46s
Rendered 2084/18723, time remaining: 9m 46s
Rendered 2085/18723, time remaining: 9m 47s
Rendered 2086/18723, time remaining: 9m 50s
Rendered 2087/18723, time remaining: 9m 54s
Rendered 2088/18723, time remaining: 9m 51s
Rendered 2089/18723, time remaining: 9m 33s
Rendered 2090/18723, time remaining: 9m 41s
Rendered 2091/18723, time remaining: 9m 44s
Rendered 2092/18723, time remaining: 9m 48s
Rendered 2093/18723, time remaining: 9m 51s
Rendered 2094/18723, time remaining: 9m 49s
Rendered 2095/18723, time remaining: 9m 43s
Rendered 2096/18723, time remaining: 9m 43s
Rendered 2097/18723, time remaining: 9m 44s
Rendered 2098/18723, time remaining: 9m 31s
Rendered 2099/18723, time remaining: 9m 43s
Rendered 2100/18723, time remaining: 9m 46s
Rendered 2101/18723, time remaining: 9m 50s
Rendered 2102/18723, time remaining: 9m 48s
Rendered 2103/18723, time remaining: 9m 49s
Rendered 2104/18723, time remaining: 9m 50s
Rendered 2105/18723, time remaining: 9m 38s
Rendered 2106/18723, time remaining: 9m 37s
Rendered 2107/18723, time remaining: 9m 38s
Rendered 2108/18723, time remaining: 9m 38s
Rendered 2109/18723, time remaining: 9m 35s
Rendered 2110/18723, time remaining: 9m 34s
Rendered 2111/18723, time remaining: 9m 48s
Rendered 2112/18723, time remaining: 9m 51s
Rendered 2113/18723, time remaining: 9m 41s
Rendered 2114/18723, time remaining: 9m 41s
Rendered 2115/18723, time remaining: 9m 34s
Rendered 2116/18723, time remaining: 9m 51s
Rendered 2117/18723, time remaining: 9m 42s
Rendered 2118/18723, time remaining: 9m 41s
Rendered 2119/18723, time remaining: 9m 53s
Rendered 2120/18723, time remaining: 9m 44s
Rendered 2121/18723, time remaining: 9m 44s
Rendered 2122/18723, time remaining: 9m 44s
Rendered 2123/18723, time remaining: 9m 38s
Rendered 2124/18723, time remaining: 9m 39s
Rendered 2125/18723, time remaining: 9m 40s
Rendered 2126/18723, time remaining: 9m 41s
Rendered 2127/18723, time remaining: 9m 41s
Rendered 2128/18723, time remaining: 9m 40s
Rendered 2129/18723, time remaining: 9m 36s
Rendered 2130/18723, time remaining: 9m 46s
Rendered 2131/18723, time remaining: 9m 46s
Rendered 2132/18723, time remaining: 9m 50s
Rendered 2133/18723, time remaining: 9m 44s
Rendered 2134/18723, time remaining: 9m 43s
Rendered 2135/18723, time remaining: 9m 42s
Rendered 2136/18723, time remaining: 9m 38s
Rendered 2137/18723, time remaining: 9m 40s
Rendered 2138/18723, time remaining: 9m 52s
Rendered 2139/18723, time remaining: 9m 52s
Rendered 2140/18723, time remaining: 9m 49s
Rendered 2141/18723, time remaining: 9m 49s
Rendered 2142/18723, time remaining: 9m 39s
Rendered 2143/18723, time remaining: 9m 40s
Rendered 2144/18723, time remaining: 9m 42s
Rendered 2145/18723, time remaining: 9m 42s
Rendered 2146/18723, time remaining: 9m 44s
Rendered 2147/18723, time remaining: 9m 55s
Rendered 2148/18723, time remaining: 9m 59s
Rendered 2149/18723, time remaining: 9m 58s
Rendered 2150/18723, time remaining: 9m 42s
Rendered 2151/18723, time remaining: 9m 38s
Rendered 2152/18723, time remaining: 9m 46s
Rendered 2153/18723, time remaining: 9m 44s
Rendered 2154/18723, time remaining: 9m 43s
Rendered 2155/18723, time remaining: 9m 48s
Rendered 2156/18723, time remaining: 9m 55s
Rendered 2157/18723, time remaining: 9m 56s
Rendered 2158/18723, time remaining: 9m 40s
Rendered 2159/18723, time remaining: 9m 39s
Rendered 2160/18723, time remaining: 9m 44s
Rendered 2161/18723, time remaining: 9m 43s
Rendered 2162/18723, time remaining: 9m 42s
Rendered 2163/18723, time remaining: 9m 54s
Rendered 2164/18723, time remaining: 9m 55s
Rendered 2165/18723, time remaining: 10m 1s
Rendered 2166/18723, time remaining: 9m 54s
Rendered 2167/18723, time remaining: 9m 54s
Rendered 2168/18723, time remaining: 9m 41s
Rendered 2169/18723, time remaining: 9m 41s
Rendered 2170/18723, time remaining: 9m 40s
Rendered 2171/18723, time remaining: 9m 50s
Rendered 2172/18723, time remaining: 9m 51s
Rendered 2173/18723, time remaining: 10m 1s
Rendered 2174/18723, time remaining: 9m 52s
Rendered 2175/18723, time remaining: 9m 50s
Rendered 2176/18723, time remaining: 9m 40s
Rendered 2177/18723, time remaining: 9m 41s
Rendered 2178/18723, time remaining: 9m 42s
Rendered 2179/18723, time remaining: 9m 40s
Rendered 2180/18723, time remaining: 9m 45s
Rendered 2181/18723, time remaining: 9m 58s
Rendered 2182/18723, time remaining: 9m 48s
Rendered 2183/18723, time remaining: 9m 47s
Rendered 2184/18723, time remaining: 9m 45s
Rendered 2185/18723, time remaining: 9m 45s
Rendered 2186/18723, time remaining: 9m 52s
Rendered 2187/18723, time remaining: 9m 50s
Rendered 2188/18723, time remaining: 9m 49s
Rendered 2189/18723, time remaining: 9m 47s
Rendered 2190/18723, time remaining: 9m 46s
Rendered 2191/18723, time remaining: 9m 50s
Rendered 2192/18723, time remaining: 9m 49s
Rendered 2193/18723, time remaining: 9m 49s
Rendered 2194/18723, time remaining: 9m 49s
Rendered 2195/18723, time remaining: 9m 41s
Rendered 2196/18723, time remaining: 9m 42s
Rendered 2197/18723, time remaining: 9m 42s
Rendered 2198/18723, time remaining: 9m 42s
Rendered 2199/18723, time remaining: 9m 50s
Rendered 2200/18723, time remaining: 9m 42s
Rendered 2201/18723, time remaining: 9m 46s
Rendered 2202/18723, time remaining: 9m 46s
Rendered 2203/18723, time remaining: 9m 47s
Rendered 2204/18723, time remaining: 9m 49s
Rendered 2205/18723, time remaining: 9m 49s
Rendered 2206/18723, time remaining: 9m 41s
Rendered 2207/18723, time remaining: 9m 47s
Rendered 2208/18723, time remaining: 9m 47s
Rendered 2209/18723, time remaining: 9m 44s
Rendered 2210/18723, time remaining: 9m 43s
Rendered 2211/18723, time remaining: 9m 46s
Rendered 2212/18723, time remaining: 9m 46s
Rendered 2213/18723, time remaining: 9m 48s
Rendered 2214/18723, time remaining: 9m 42s
Rendered 2215/18723, time remaining: 9m 42s
Rendered 2216/18723, time remaining: 9m 39s
Rendered 2217/18723, time remaining: 9m 42s
Rendered 2218/18723, time remaining: 9m 44s
Rendered 2219/18723, time remaining: 9m 43s
Rendered 2220/18723, time remaining: 9m 45s
Rendered 2221/18723, time remaining: 9m 47s
Rendered 2222/18723, time remaining: 9m 47s
Rendered 2223/18723, time remaining: 9m 46s
Rendered 2224/18723, time remaining: 9m 47s
Rendered 2225/18723, time remaining: 9m 37s
Rendered 2226/18723, time remaining: 9m 39s
Rendered 2227/18723, time remaining: 9m 44s
Rendered 2228/18723, time remaining: 9m 43s
Rendered 2229/18723, time remaining: 9m 42s
Rendered 2230/18723, time remaining: 9m 49s
Rendered 2231/18723, time remaining: 9m 47s
Rendered 2232/18723, time remaining: 9m 45s
Rendered 2233/18723, time remaining: 9m 24s
Rendered 2234/18723, time remaining: 9m 33s
Rendered 2235/18723, time remaining: 9m 34s
Rendered 2236/18723, time remaining: 9m 37s
Rendered 2237/18723, time remaining: 9m 36s
Rendered 2238/18723, time remaining: 9m 41s
Rendered 2239/18723, time remaining: 9m 50s
Rendered 2240/18723, time remaining: 9m 42s
Rendered 2241/18723, time remaining: 9m 40s
Rendered 2242/18723, time remaining: 9m 37s
Rendered 2243/18723, time remaining: 9m 35s
Rendered 2244/18723, time remaining: 9m 34s
Rendered 2245/18723, time remaining: 9m 31s
Rendered 2246/18723, time remaining: 9m 33s
Rendered 2247/18723, time remaining: 9m 47s
Rendered 2248/18723, time remaining: 9m 51s
Rendered 2249/18723, time remaining: 9m 39s
Rendered 2250/18723, time remaining: 9m 41s
Rendered 2251/18723, time remaining: 9m 40s
Rendered 2252/18723, time remaining: 9m 39s
Rendered 2253/18723, time remaining: 9m 37s
Rendered 2254/18723, time remaining: 9m 36s
Rendered 2255/18723, time remaining: 9m 49s
Rendered 2256/18723, time remaining: 9m 50s
Rendered 2257/18723, time remaining: 9m 49s
Rendered 2258/18723, time remaining: 9m 54s
Rendered 2259/18723, time remaining: 9m 50s
Rendered 2260/18723, time remaining: 9m 56s
Rendered 2261/18723, time remaining: 9m 58s
Rendered 2262/18723, time remaining: 9m 55s
Rendered 2263/18723, time remaining: 9m 59s
Rendered 2264/18723, time remaining: 10m 1s
Rendered 2265/18723, time remaining: 10m 0s
Rendered 2266/18723, time remaining: 9m 43s
Rendered 2267/18723, time remaining: 9m 53s
Rendered 2268/18723, time remaining: 9m 56s
Rendered 2269/18723, time remaining: 9m 50s
Rendered 2270/18723, time remaining: 9m 50s
Rendered 2271/18723, time remaining: 9m 58s
Rendered 2272/18723, time remaining: 9m 59s
Rendered 2273/18723, time remaining: 9m 54s
Rendered 2274/18723, time remaining: 10m 0s
Rendered 2275/18723, time remaining: 10m 1s
Rendered 2276/18723, time remaining: 10m 6s
Rendered 2277/18723, time remaining: 10m 0s
Rendered 2278/18723, time remaining: 9m 59s
Rendered 2279/18723, time remaining: 10m 6s
Rendered 2280/18723, time remaining: 9m 57s
Rendered 2281/18723, time remaining: 9m 55s
Rendered 2282/18723, time remaining: 9m 51s
Rendered 2283/18723, time remaining: 9m 51s
Rendered 2284/18723, time remaining: 10m 15s
Rendered 2285/18723, time remaining: 10m 14s
Rendered 2286/18723, time remaining: 10m 13s
Rendered 2287/18723, time remaining: 10m 6s
Rendered 2288/18723, time remaining: 9m 55s
Rendered 2289/18723, time remaining: 9m 56s
Rendered 2290/18723, time remaining: 9m 50s
Rendered 2291/18723, time remaining: 9m 52s
Rendered 2292/18723, time remaining: 10m 12s
Rendered 2293/18723, time remaining: 10m 11s
Rendered 2294/18723, time remaining: 10m 9s
Rendered 2295/18723, time remaining: 10m 0s
Rendered 2296/18723, time remaining: 10m 1s
Rendered 2297/18723, time remaining: 9m 51s
Rendered 2298/18723, time remaining: 9m 48s
Rendered 2299/18723, time remaining: 10m 0s
Rendered 2300/18723, time remaining: 10m 7s
Rendered 2301/18723, time remaining: 10m 10s
Rendered 2302/18723, time remaining: 10m 2s
Rendered 2303/18723, time remaining: 10m 2s
Rendered 2304/18723, time remaining: 10m 4s
Rendered 2305/18723, time remaining: 9m 52s
Rendered 2306/18723, time remaining: 9m 55s
Rendered 2307/18723, time remaining: 9m 59s
Rendered 2308/18723, time remaining: 10m 11s
Rendered 2309/18723, time remaining: 10m 15s
Rendered 2310/18723, time remaining: 10m 7s
Rendered 2311/18723, time remaining: 10m 9s
Rendered 2312/18723, time remaining: 10m 11s
Rendered 2313/18723, time remaining: 9m 58s
Rendered 2314/18723, time remaining: 9m 57s
Rendered 2315/18723, time remaining: 9m 51s
Rendered 2316/18723, time remaining: 10m 12s
Rendered 2317/18723, time remaining: 10m 12s
Rendered 2318/18723, time remaining: 10m 9s
Rendered 2319/18723, time remaining: 10m 12s
Rendered 2320/18723, time remaining: 10m 12s
Rendered 2321/18723, time remaining: 10m 3s
Rendered 2322/18723, time remaining: 10m 5s
Rendered 2323/18723, time remaining: 9m 57s
Rendered 2324/18723, time remaining: 10m 3s
Rendered 2325/18723, time remaining: 10m 4s
Rendered 2326/18723, time remaining: 10m 18s
Rendered 2327/18723, time remaining: 10m 18s
Rendered 2328/18723, time remaining: 10m 16s
Rendered 2329/18723, time remaining: 10m 15s
Rendered 2330/18723, time remaining: 10m 17s
Rendered 2331/18723, time remaining: 10m 4s
Rendered 2332/18723, time remaining: 9m 57s
Rendered 2333/18723, time remaining: 9m 58s
Rendered 2334/18723, time remaining: 10m 17s
Rendered 2335/18723, time remaining: 10m 15s
Rendered 2336/18723, time remaining: 10m 8s
Rendered 2337/18723, time remaining: 10m 9s
Rendered 2338/18723, time remaining: 10m 14s
Rendered 2339/18723, time remaining: 10m 16s
Rendered 2340/18723, time remaining: 9m 58s
Rendered 2341/18723, time remaining: 9m 55s
Rendered 2342/18723, time remaining: 10m 8s
Rendered 2343/18723, time remaining: 10m 7s
Rendered 2344/18723, time remaining: 10m 6s
Rendered 2345/18723, time remaining: 10m 8s
Rendered 2346/18723, time remaining: 10m 22s
Rendered 2347/18723, time remaining: 10m 21s
Rendered 2348/18723, time remaining: 10m 19s
Rendered 2349/18723, time remaining: 9m 58s
Rendered 2350/18723, time remaining: 10m 0s
Rendered 2351/18723, time remaining: 9m 58s
Rendered 2352/18723, time remaining: 10m 0s
Rendered 2353/18723, time remaining: 10m 17s
Rendered 2354/18723, time remaining: 10m 14s
Rendered 2355/18723, time remaining: 10m 13s
Rendered 2356/18723, time remaining: 10m 13s
Rendered 2357/18723, time remaining: 10m 8s
Rendered 2358/18723, time remaining: 9m 59s
Rendered 2359/18723, time remaining: 9m 59s
Rendered 2360/18723, time remaining: 9m 56s
Rendered 2361/18723, time remaining: 10m 14s
Rendered 2362/18723, time remaining: 10m 16s
Rendered 2363/18723, time remaining: 10m 15s
Rendered 2364/18723, time remaining: 10m 11s
Rendered 2365/18723, time remaining: 10m 12s
Rendered 2366/18723, time remaining: 10m 4s
Rendered 2367/18723, time remaining: 10m 3s
Rendered 2368/18723, time remaining: 10m 0s
Rendered 2369/18723, time remaining: 10m 11s
Rendered 2370/18723, time remaining: 10m 11s
Rendered 2371/18723, time remaining: 10m 10s
Rendered 2372/18723, time remaining: 10m 10s
Rendered 2373/18723, time remaining: 10m 11s
Rendered 2374/18723, time remaining: 10m 10s
Rendered 2375/18723, time remaining: 10m 8s
Rendered 2376/18723, time remaining: 10m 0s
Rendered 2377/18723, time remaining: 10m 6s
Rendered 2378/18723, time remaining: 10m 10s
Rendered 2379/18723, time remaining: 10m 14s
Rendered 2380/18723, time remaining: 10m 6s
Rendered 2381/18723, time remaining: 10m 10s
Rendered 2382/18723, time remaining: 10m 16s
Rendered 2383/18723, time remaining: 10m 17s
Rendered 2384/18723, time remaining: 10m 9s
Rendered 2385/18723, time remaining: 10m 7s
Rendered 2386/18723, time remaining: 10m 3s
Rendered 2387/18723, time remaining: 10m 2s
Rendered 2388/18723, time remaining: 9m 58s
Rendered 2389/18723, time remaining: 9m 50s
Rendered 2390/18723, time remaining: 9m 51s
Rendered 2391/18723, time remaining: 9m 51s
Rendered 2392/18723, time remaining: 9m 44s
Rendered 2393/18723, time remaining: 9m 44s
Rendered 2394/18723, time remaining: 9m 45s
Rendered 2395/18723, time remaining: 9m 48s
Rendered 2396/18723, time remaining: 9m 47s
Rendered 2397/18723, time remaining: 9m 31s
Rendered 2398/18723, time remaining: 9m 26s
Rendered 2399/18723, time remaining: 9m 26s
Rendered 2400/18723, time remaining: 9m 22s
Rendered 2401/18723, time remaining: 9m 21s
Rendered 2402/18723, time remaining: 9m 21s
Rendered 2403/18723, time remaining: 9m 22s
Rendered 2404/18723, time remaining: 9m 31s
Rendered 2405/18723, time remaining: 9m 22s
Rendered 2406/18723, time remaining: 9m 22s
Rendered 2407/18723, time remaining: 9m 24s
Rendered 2408/18723, time remaining: 9m 18s
Rendered 2409/18723, time remaining: 9m 18s
Rendered 2410/18723, time remaining: 9m 13s
Rendered 2411/18723, time remaining: 9m 6s
Rendered 2412/18723, time remaining: 9m 6s
Rendered 2413/18723, time remaining: 9m 7s
Rendered 2414/18723, time remaining: 9m 4s
Rendered 2415/18723, time remaining: 9m 17s
Rendered 2416/18723, time remaining: 9m 18s
Rendered 2417/18723, time remaining: 9m 8s
Rendered 2418/18723, time remaining: 9m 6s
Rendered 2419/18723, time remaining: 9m 6s
Rendered 2420/18723, time remaining: 9m 8s
Rendered 2421/18723, time remaining: 9m 0s
Rendered 2422/18723, time remaining: 9m 8s
Rendered 2423/18723, time remaining: 9m 15s
Rendered 2424/18723, time remaining: 9m 9s
Rendered 2425/18723, time remaining: 9m 7s
Rendered 2426/18723, time remaining: 8m 55s
Rendered 2427/18723, time remaining: 9m 0s
Rendered 2428/18723, time remaining: 8m 58s
Rendered 2429/18723, time remaining: 8m 48s
Rendered 2430/18723, time remaining: 8m 56s
Rendered 2431/18723, time remaining: 9m 10s
Rendered 2432/18723, time remaining: 9m 11s
Rendered 2433/18723, time remaining: 9m 15s
Rendered 2434/18723, time remaining: 8m 49s
Rendered 2435/18723, time remaining: 8m 50s
Rendered 2436/18723, time remaining: 8m 51s
Rendered 2437/18723, time remaining: 8m 47s
Rendered 2438/18723, time remaining: 8m 51s
Rendered 2439/18723, time remaining: 9m 5s
Rendered 2440/18723, time remaining: 9m 5s
Rendered 2441/18723, time remaining: 9m 4s
Rendered 2442/18723, time remaining: 8m 52s
Rendered 2443/18723, time remaining: 8m 52s
Rendered 2444/18723, time remaining: 8m 52s
Rendered 2445/18723, time remaining: 8m 51s
Rendered 2446/18723, time remaining: 8m 55s
Rendered 2447/18723, time remaining: 9m 8s
Rendered 2448/18723, time remaining: 9m 7s
Rendered 2449/18723, time remaining: 8m 55s
Rendered 2450/18723, time remaining: 8m 53s
Rendered 2451/18723, time remaining: 8m 49s
Rendered 2452/18723, time remaining: 8m 48s
Rendered 2453/18723, time remaining: 8m 48s
Rendered 2454/18723, time remaining: 8m 53s
Rendered 2455/18723, time remaining: 9m 9s
Rendered 2456/18723, time remaining: 9m 1s
Rendered 2457/18723, time remaining: 8m 58s
Rendered 2458/18723, time remaining: 8m 46s
Rendered 2459/18723, time remaining: 8m 41s
Rendered 2460/18723, time remaining: 8m 42s
Rendered 2461/18723, time remaining: 8m 43s
Rendered 2462/18723, time remaining: 8m 42s
Rendered 2463/18723, time remaining: 9m 2s
Rendered 2464/18723, time remaining: 9m 1s
Rendered 2465/18723, time remaining: 9m 0s
Rendered 2466/18723, time remaining: 8m 40s
Rendered 2467/18723, time remaining: 8m 43s
Rendered 2468/18723, time remaining: 8m 42s
Rendered 2469/18723, time remaining: 8m 39s
Rendered 2470/18723, time remaining: 8m 40s
Rendered 2471/18723, time remaining: 8m 59s
Rendered 2472/18723, time remaining: 8m 53s
Rendered 2473/18723, time remaining: 8m 50s
Rendered 2474/18723, time remaining: 8m 59s
Rendered 2475/18723, time remaining: 8m 57s
Rendered 2476/18723, time remaining: 8m 43s
Rendered 2477/18723, time remaining: 8m 42s
Rendered 2478/18723, time remaining: 8m 41s
Rendered 2479/18723, time remaining: 8m 47s
Rendered 2480/18723, time remaining: 8m 40s
Rendered 2481/18723, time remaining: 8m 40s
Rendered 2482/18723, time remaining: 8m 56s
Rendered 2483/18723, time remaining: 8m 57s
Rendered 2484/18723, time remaining: 8m 40s
Rendered 2485/18723, time remaining: 8m 40s
Rendered 2486/18723, time remaining: 8m 47s
Rendered 2487/18723, time remaining: 8m 45s
Rendered 2488/18723, time remaining: 8m 40s
Rendered 2489/18723, time remaining: 8m 43s
Rendered 2490/18723, time remaining: 8m 54s
Rendered 2491/18723, time remaining: 8m 57s
Rendered 2492/18723, time remaining: 8m 41s
Rendered 2493/18723, time remaining: 8m 44s
Rendered 2494/18723, time remaining: 8m 45s
Rendered 2495/18723, time remaining: 8m 42s
Rendered 2496/18723, time remaining: 8m 28s
Rendered 2497/18723, time remaining: 8m 29s
Rendered 2498/18723, time remaining: 8m 30s
Rendered 2499/18723, time remaining: 8m 31s
Rendered 2500/18723, time remaining: 8m 29s
Rendered 2501/18723, time remaining: 8m 31s
Rendered 2502/18723, time remaining: 8m 29s
Rendered 2503/18723, time remaining: 8m 11s
Rendered 2504/18723, time remaining: 8m 12s
Rendered 2505/18723, time remaining: 8m 12s
Rendered 2506/18723, time remaining: 8m 12s
Rendered 2507/18723, time remaining: 8m 11s
Rendered 2508/18723, time remaining: 8m 8s
Rendered 2509/18723, time remaining: 8m 15s
Rendered 2510/18723, time remaining: 8m 16s
Rendered 2511/18723, time remaining: 7m 56s
Rendered 2512/18723, time remaining: 7m 55s
Rendered 2513/18723, time remaining: 8m 10s
Rendered 2514/18723, time remaining: 8m 9s
Rendered 2515/18723, time remaining: 8m 14s
Rendered 2516/18723, time remaining: 8m 12s
Rendered 2517/18723, time remaining: 8m 9s
Rendered 2518/18723, time remaining: 8m 8s
Rendered 2519/18723, time remaining: 7m 57s
Rendered 2520/18723, time remaining: 8m 5s
Rendered 2521/18723, time remaining: 8m 1s
Rendered 2522/18723, time remaining: 8m 11s
Rendered 2523/18723, time remaining: 8m 10s
Rendered 2524/18723, time remaining: 8m 11s
Rendered 2525/18723, time remaining: 8m 10s
Rendered 2526/18723, time remaining: 8m 7s
Rendered 2527/18723, time remaining: 7m 59s
Rendered 2528/18723, time remaining: 8m 0s
Rendered 2529/18723, time remaining: 7m 55s
Rendered 2530/18723, time remaining: 8m 13s
Rendered 2531/18723, time remaining: 8m 9s
Rendered 2532/18723, time remaining: 8m 4s
Rendered 2533/18723, time remaining: 8m 7s
Rendered 2534/18723, time remaining: 8m 7s
Rendered 2535/18723, time remaining: 8m 6s
Rendered 2536/18723, time remaining: 8m 4s
Rendered 2537/18723, time remaining: 8m 8s
Rendered 2538/18723, time remaining: 8m 20s
Rendered 2539/18723, time remaining: 8m 25s
Rendered 2540/18723, time remaining: 8m 24s
Rendered 2541/18723, time remaining: 8m 24s
Rendered 2542/18723, time remaining: 8m 25s
Rendered 2543/18723, time remaining: 8m 31s
Rendered 2544/18723, time remaining: 8m 30s
Rendered 2545/18723, time remaining: 8m 27s
Rendered 2546/18723, time remaining: 8m 34s
Rendered 2547/18723, time remaining: 8m 38s
Rendered 2548/18723, time remaining: 8m 39s
Rendered 2549/18723, time remaining: 8m 45s
Rendered 2550/18723, time remaining: 8m 44s
Rendered 2551/18723, time remaining: 8m 54s
Rendered 2552/18723, time remaining: 8m 54s
Rendered 2553/18723, time remaining: 8m 54s
Rendered 2554/18723, time remaining: 8m 49s
Rendered 2555/18723, time remaining: 8m 35s
Rendered 2556/18723, time remaining: 8m 35s
Rendered 2557/18723, time remaining: 8m 41s
Rendered 2558/18723, time remaining: 8m 40s
Rendered 2559/18723, time remaining: 8m 50s
Rendered 2560/18723, time remaining: 8m 50s
Rendered 2561/18723, time remaining: 8m 42s
Rendered 2562/18723, time remaining: 8m 48s
Rendered 2563/18723, time remaining: 8m 49s
Rendered 2564/18723, time remaining: 8m 50s
Rendered 2565/18723, time remaining: 8m 37s
Rendered 2566/18723, time remaining: 8m 36s
Rendered 2567/18723, time remaining: 8m 50s
Rendered 2568/18723, time remaining: 8m 49s
Rendered 2569/18723, time remaining: 8m 42s
Rendered 2570/18723, time remaining: 8m 53s
Rendered 2571/18723, time remaining: 8m 53s
Rendered 2572/18723, time remaining: 8m 45s
Rendered 2573/18723, time remaining: 8m 37s
Rendered 2574/18723, time remaining: 8m 35s
Rendered 2575/18723, time remaining: 8m 46s
Rendered 2576/18723, time remaining: 8m 45s
Rendered 2577/18723, time remaining: 8m 40s
Rendered 2578/18723, time remaining: 8m 53s
Rendered 2579/18723, time remaining: 8m 54s
Rendered 2580/18723, time remaining: 8m 54s
Rendered 2581/18723, time remaining: 8m 42s
Rendered 2582/18723, time remaining: 8m 42s
Rendered 2583/18723, time remaining: 8m 39s
Rendered 2584/18723, time remaining: 8m 41s
Rendered 2585/18723, time remaining: 8m 51s
Rendered 2586/18723, time remaining: 8m 50s
Rendered 2587/18723, time remaining: 8m 55s
Rendered 2588/18723, time remaining: 8m 49s
Rendered 2589/18723, time remaining: 8m 41s
Rendered 2590/18723, time remaining: 8m 41s
Rendered 2591/18723, time remaining: 8m 49s
Rendered 2592/18723, time remaining: 8m 43s
Rendered 2593/18723, time remaining: 8m 48s
Rendered 2594/18723, time remaining: 8m 48s
Rendered 2595/18723, time remaining: 8m 48s
Rendered 2596/18723, time remaining: 8m 50s
Rendered 2597/18723, time remaining: 8m 35s
Rendered 2598/18723, time remaining: 8m 35s
Rendered 2599/18723, time remaining: 8m 53s
Rendered 2600/18723, time remaining: 8m 47s
Rendered 2601/18723, time remaining: 8m 47s
Rendered 2602/18723, time remaining: 8m 47s
Rendered 2603/18723, time remaining: 8m 48s
Rendered 2604/18723, time remaining: 8m 55s
Rendered 2605/18723, time remaining: 8m 38s
Rendered 2606/18723, time remaining: 8m 38s
Rendered 2607/18723, time remaining: 8m 44s
Rendered 2608/18723, time remaining: 8m 45s
Rendered 2609/18723, time remaining: 8m 46s
Rendered 2610/18723, time remaining: 8m 47s
Rendered 2611/18723, time remaining: 8m 54s
Rendered 2612/18723, time remaining: 8m 58s
Rendered 2613/18723, time remaining: 8m 37s
Rendered 2614/18723, time remaining: 8m 37s
Rendered 2615/18723, time remaining: 8m 39s
Rendered 2616/18723, time remaining: 8m 41s
Rendered 2617/18723, time remaining: 8m 38s
Rendered 2618/18723, time remaining: 8m 51s
Rendered 2619/18723, time remaining: 8m 50s
Rendered 2620/18723, time remaining: 8m 51s
Rendered 2621/18723, time remaining: 8m 42s
Rendered 2622/18723, time remaining: 8m 42s
Rendered 2623/18723, time remaining: 8m 44s
Rendered 2624/18723, time remaining: 8m 34s
Rendered 2625/18723, time remaining: 8m 33s
Rendered 2626/18723, time remaining: 8m 51s
Rendered 2627/18723, time remaining: 8m 51s
Rendered 2628/18723, time remaining: 8m 51s
Rendered 2629/18723, time remaining: 8m 44s
Rendered 2630/18723, time remaining: 8m 52s
Rendered 2631/18723, time remaining: 8m 51s
Rendered 2632/18723, time remaining: 8m 35s
Rendered 2633/18723, time remaining: 8m 33s
Rendered 2634/18723, time remaining: 8m 51s
Rendered 2635/18723, time remaining: 8m 51s
Rendered 2636/18723, time remaining: 8m 44s
Rendered 2637/18723, time remaining: 8m 50s
Rendered 2638/18723, time remaining: 8m 51s
Rendered 2639/18723, time remaining: 8m 45s
Rendered 2640/18723, time remaining: 8m 33s
Rendered 2641/18723, time remaining: 8m 37s
Rendered 2642/18723, time remaining: 8m 51s
Rendered 2643/18723, time remaining: 8m 48s
Rendered 2644/18723, time remaining: 8m 50s
Rendered 2645/18723, time remaining: 8m 50s
Rendered 2646/18723, time remaining: 8m 50s
Rendered 2647/18723, time remaining: 8m 50s
Rendered 2648/18723, time remaining: 8m 50s
Rendered 2649/18723, time remaining: 8m 57s
Rendered 2650/18723, time remaining: 9m 6s
Rendered 2651/18723, time remaining: 9m 8s
Rendered 2652/18723, time remaining: 9m 9s
Rendered 2653/18723, time remaining: 9m 9s
Rendered 2654/18723, time remaining: 9m 9s
Rendered 2655/18723, time remaining: 9m 10s
Rendered 2656/18723, time remaining: 9m 11s
Rendered 2657/18723, time remaining: 9m 23s
Rendered 2658/18723, time remaining: 9m 30s
Rendered 2659/18723, time remaining: 9m 23s
Rendered 2660/18723, time remaining: 9m 22s
Rendered 2661/18723, time remaining: 9m 23s
Rendered 2662/18723, time remaining: 9m 28s
Rendered 2663/18723, time remaining: 9m 12s
Rendered 2664/18723, time remaining: 9m 12s
Rendered 2665/18723, time remaining: 9m 16s
Rendered 2666/18723, time remaining: 9m 20s
Rendered 2667/18723, time remaining: 9m 29s
Rendered 2668/18723, time remaining: 9m 30s
Rendered 2669/18723, time remaining: 9m 31s
Rendered 2670/18723, time remaining: 9m 22s
Rendered 2671/18723, time remaining: 9m 24s
Rendered 2672/18723, time remaining: 9m 14s
Rendered 2673/18723, time remaining: 9m 12s
Rendered 2674/18723, time remaining: 9m 22s
Rendered 2675/18723, time remaining: 9m 34s
Rendered 2676/18723, time remaining: 9m 33s
Rendered 2677/18723, time remaining: 9m 35s
Rendered 2678/18723, time remaining: 9m 31s
Rendered 2679/18723, time remaining: 9m 31s
Rendered 2680/18723, time remaining: 9m 15s
Rendered 2681/18723, time remaining: 9m 21s
Rendered 2682/18723, time remaining: 9m 21s
Rendered 2683/18723, time remaining: 9m 19s
Rendered 2684/18723, time remaining: 9m 32s
Rendered 2685/18723, time remaining: 9m 33s
Rendered 2686/18723, time remaining: 9m 32s
Rendered 2687/18723, time remaining: 9m 35s
Rendered 2688/18723, time remaining: 9m 25s
Rendered 2689/18723, time remaining: 9m 22s
Rendered 2690/18723, time remaining: 9m 21s
Rendered 2691/18723, time remaining: 9m 21s
Rendered 2692/18723, time remaining: 9m 34s
Rendered 2693/18723, time remaining: 9m 29s
Rendered 2694/18723, time remaining: 9m 29s
Rendered 2695/18723, time remaining: 9m 30s
Rendered 2696/18723, time remaining: 9m 26s
Rendered 2697/18723, time remaining: 9m 23s
Rendered 2698/18723, time remaining: 9m 22s
Rendered 2699/18723, time remaining: 9m 28s
Rendered 2700/18723, time remaining: 9m 30s
Rendered 2701/18723, time remaining: 9m 23s
Rendered 2702/18723, time remaining: 9m 22s
Rendered 2703/18723, time remaining: 9m 24s
Rendered 2704/18723, time remaining: 9m 20s
Rendered 2705/18723, time remaining: 9m 22s
Rendered 2706/18723, time remaining: 9m 24s
Rendered 2707/18723, time remaining: 9m 38s
Rendered 2708/18723, time remaining: 9m 37s
Rendered 2709/18723, time remaining: 9m 38s
Rendered 2710/18723, time remaining: 9m 38s
Rendered 2711/18723, time remaining: 9m 38s
Rendered 2712/18723, time remaining: 9m 32s
Rendered 2713/18723, time remaining: 9m 24s
Rendered 2714/18723, time remaining: 9m 25s
Rendered 2715/18723, time remaining: 9m 46s
Rendered 2716/18723, time remaining: 9m 56s
Rendered 2717/18723, time remaining: 9m 49s
Rendered 2718/18723, time remaining: 9m 49s
Rendered 2719/18723, time remaining: 9m 50s
Rendered 2720/18723, time remaining: 9m 39s
Rendered 2721/18723, time remaining: 9m 40s
Rendered 2722/18723, time remaining: 9m 41s
Rendered 2723/18723, time remaining: 9m 42s
Rendered 2724/18723, time remaining: 9m 51s
Rendered 2725/18723, time remaining: 9m 55s
Rendered 2726/18723, time remaining: 9m 56s
Rendered 2727/18723, time remaining: 9m 56s
Rendered 2728/18723, time remaining: 9m 48s
Rendered 2729/18723, time remaining: 9m 48s
Rendered 2730/18723, time remaining: 9m 42s
Rendered 2731/18723, time remaining: 9m 42s
Rendered 2732/18723, time remaining: 9m 43s
Rendered 2733/18723, time remaining: 9m 57s
Rendered 2734/18723, time remaining: 10m 3s
Rendered 2735/18723, time remaining: 9m 53s
Rendered 2736/18723, time remaining: 9m 53s
Rendered 2737/18723, time remaining: 9m 47s
Rendered 2738/18723, time remaining: 10m 5s
Rendered 2739/18723, time remaining: 9m 58s
Rendered 2740/18723, time remaining: 9m 58s
Rendered 2741/18723, time remaining: 9m 49s
Rendered 2742/18723, time remaining: 10m 0s
Rendered 2743/18723, time remaining: 9m 54s
Rendered 2744/18723, time remaining: 9m 54s
Rendered 2745/18723, time remaining: 10m 4s
Rendered 2746/18723, time remaining: 10m 4s
Rendered 2747/18723, time remaining: 10m 4s
Rendered 2748/18723, time remaining: 10m 4s
Rendered 2749/18723, time remaining: 9m 55s
Rendered 2750/18723, time remaining: 10m 1s
Rendered 2751/18723, time remaining: 10m 2s
Rendered 2752/18723, time remaining: 10m 1s
Rendered 2753/18723, time remaining: 10m 0s
Rendered 2754/18723, time remaining: 9m 57s
Rendered 2755/18723, time remaining: 9m 57s
Rendered 2756/18723, time remaining: 9m 56s
Rendered 2757/18723, time remaining: 9m 59s
Rendered 2758/18723, time remaining: 10m 5s
Rendered 2759/18723, time remaining: 10m 3s
Rendered 2760/18723, time remaining: 10m 1s
Rendered 2761/18723, time remaining: 9m 51s
Rendered 2762/18723, time remaining: 9m 56s
Rendered 2763/18723, time remaining: 9m 56s
Rendered 2764/18723, time remaining: 9m 56s
Rendered 2765/18723, time remaining: 10m 1s
Rendered 2766/18723, time remaining: 10m 7s
Rendered 2767/18723, time remaining: 10m 8s
Rendered 2768/18723, time remaining: 9m 55s
Rendered 2769/18723, time remaining: 9m 57s
Rendered 2770/18723, time remaining: 10m 2s
Rendered 2771/18723, time remaining: 9m 51s
Rendered 2772/18723, time remaining: 9m 53s
Rendered 2773/18723, time remaining: 9m 50s
Rendered 2774/18723, time remaining: 9m 58s
Rendered 2775/18723, time remaining: 10m 2s
Rendered 2776/18723, time remaining: 9m 47s
Rendered 2777/18723, time remaining: 9m 48s
Rendered 2778/18723, time remaining: 9m 59s
Rendered 2779/18723, time remaining: 9m 59s
Rendered 2780/18723, time remaining: 9m 51s
Rendered 2781/18723, time remaining: 9m 52s
Rendered 2782/18723, time remaining: 9m 58s
Rendered 2783/18723, time remaining: 9m 58s
Rendered 2784/18723, time remaining: 9m 38s
Rendered 2785/18723, time remaining: 9m 41s
Rendered 2786/18723, time remaining: 10m 0s
Rendered 2787/18723, time remaining: 9m 53s
Rendered 2788/18723, time remaining: 9m 53s
Rendered 2789/18723, time remaining: 9m 53s
Rendered 2790/18723, time remaining: 10m 1s
Rendered 2791/18723, time remaining: 9m 55s
Rendered 2792/18723, time remaining: 9m 40s
Rendered 2793/18723, time remaining: 9m 41s
Rendered 2794/18723, time remaining: 9m 49s
Rendered 2795/18723, time remaining: 9m 49s
Rendered 2796/18723, time remaining: 9m 56s
Rendered 2797/18723, time remaining: 9m 55s
Rendered 2798/18723, time remaining: 10m 5s
Rendered 2799/18723, time remaining: 9m 59s
Rendered 2800/18723, time remaining: 9m 53s
Rendered 2801/18723, time remaining: 9m 48s
Rendered 2802/18723, time remaining: 9m 47s
Rendered 2803/18723, time remaining: 9m 54s
Rendered 2804/18723, time remaining: 9m 58s
Rendered 2805/18723, time remaining: 9m 57s
Rendered 2806/18723, time remaining: 10m 11s
Rendered 2807/18723, time remaining: 9m 58s
Rendered 2808/18723, time remaining: 9m 52s
Rendered 2809/18723, time remaining: 9m 57s
Rendered 2810/18723, time remaining: 9m 56s
Rendered 2811/18723, time remaining: 9m 55s
Rendered 2812/18723, time remaining: 9m 48s
Rendered 2813/18723, time remaining: 9m 54s
Rendered 2814/18723, time remaining: 10m 1s
Rendered 2815/18723, time remaining: 9m 59s
Rendered 2816/18723, time remaining: 9m 56s
Rendered 2817/18723, time remaining: 9m 49s
Rendered 2818/18723, time remaining: 9m 53s
Rendered 2819/18723, time remaining: 9m 53s
Rendered 2820/18723, time remaining: 9m 49s
Rendered 2821/18723, time remaining: 9m 56s
Rendered 2822/18723, time remaining: 9m 59s
Rendered 2823/18723, time remaining: 9m 59s
Rendered 2824/18723, time remaining: 9m 53s
Rendered 2825/18723, time remaining: 9m 40s
Rendered 2826/18723, time remaining: 9m 43s
Rendered 2827/18723, time remaining: 9m 38s
Rendered 2828/18723, time remaining: 9m 50s
Rendered 2829/18723, time remaining: 9m 56s
Rendered 2830/18723, time remaining: 9m 55s
Rendered 2831/18723, time remaining: 9m 48s
Rendered 2832/18723, time remaining: 9m 49s
Rendered 2833/18723, time remaining: 9m 55s
Rendered 2834/18723, time remaining: 9m 42s
Rendered 2835/18723, time remaining: 9m 42s
Rendered 2836/18723, time remaining: 9m 54s
Rendered 2837/18723, time remaining: 9m 46s
Rendered 2838/18723, time remaining: 9m 48s
Rendered 2839/18723, time remaining: 9m 45s
Rendered 2840/18723, time remaining: 9m 45s
Rendered 2841/18723, time remaining: 9m 46s
Rendered 2842/18723, time remaining: 9m 41s
Rendered 2843/18723, time remaining: 9m 39s
Rendered 2844/18723, time remaining: 9m 52s
Rendered 2845/18723, time remaining: 9m 56s
Rendered 2846/18723, time remaining: 9m 52s
Rendered 2847/18723, time remaining: 9m 51s
Rendered 2848/18723, time remaining: 9m 52s
Rendered 2849/18723, time remaining: 9m 46s
Rendered 2850/18723, time remaining: 9m 44s
Rendered 2851/18723, time remaining: 9m 39s
Rendered 2852/18723, time remaining: 9m 53s
Rendered 2853/18723, time remaining: 9m 54s
Rendered 2854/18723, time remaining: 9m 53s
Rendered 2855/18723, time remaining: 9m 57s
Rendered 2856/18723, time remaining: 9m 56s
Rendered 2857/18723, time remaining: 9m 32s
Rendered 2858/18723, time remaining: 9m 33s
Rendered 2859/18723, time remaining: 9m 34s
Rendered 2860/18723, time remaining: 9m 42s
Rendered 2861/18723, time remaining: 9m 42s
Rendered 2862/18723, time remaining: 9m 44s
Rendered 2863/18723, time remaining: 9m 45s
Rendered 2864/18723, time remaining: 9m 49s
Rendered 2865/18723, time remaining: 9m 28s
Rendered 2866/18723, time remaining: 9m 18s
Rendered 2867/18723, time remaining: 9m 28s
Rendered 2868/18723, time remaining: 9m 29s
Rendered 2869/18723, time remaining: 9m 29s
Rendered 2870/18723, time remaining: 9m 29s
Rendered 2871/18723, time remaining: 9m 35s
Rendered 2872/18723, time remaining: 9m 34s
Rendered 2873/18723, time remaining: 9m 32s
Rendered 2874/18723, time remaining: 9m 24s
Rendered 2875/18723, time remaining: 9m 28s
Rendered 2876/18723, time remaining: 9m 30s
Rendered 2877/18723, time remaining: 9m 31s
Rendered 2878/18723, time remaining: 9m 27s
Rendered 2879/18723, time remaining: 9m 27s
Rendered 2880/18723, time remaining: 9m 39s
Rendered 2881/18723, time remaining: 9m 37s
Rendered 2882/18723, time remaining: 9m 35s
Rendered 2883/18723, time remaining: 9m 22s
Rendered 2884/18723, time remaining: 9m 14s
Rendered 2885/18723, time remaining: 9m 22s
Rendered 2886/18723, time remaining: 9m 22s
Rendered 2887/18723, time remaining: 9m 22s
Rendered 2888/18723, time remaining: 9m 21s
Rendered 2889/18723, time remaining: 9m 21s
Rendered 2890/18723, time remaining: 9m 24s
Rendered 2891/18723, time remaining: 9m 32s
Rendered 2892/18723, time remaining: 9m 20s
Rendered 2893/18723, time remaining: 9m 20s
Rendered 2894/18723, time remaining: 9m 22s
Rendered 2895/18723, time remaining: 9m 19s
Rendered 2896/18723, time remaining: 9m 12s
Rendered 2897/18723, time remaining: 9m 27s
Rendered 2898/18723, time remaining: 9m 29s
Rendered 2899/18723, time remaining: 9m 20s
Rendered 2900/18723, time remaining: 9m 20s
Rendered 2901/18723, time remaining: 9m 19s
Rendered 2902/18723, time remaining: 9m 19s
Rendered 2903/18723, time remaining: 9m 20s
Rendered 2904/18723, time remaining: 9m 19s
Rendered 2905/18723, time remaining: 9m 28s
Rendered 2906/18723, time remaining: 9m 29s
Rendered 2907/18723, time remaining: 9m 27s
Rendered 2908/18723, time remaining: 9m 20s
Rendered 2909/18723, time remaining: 9m 20s
Rendered 2910/18723, time remaining: 9m 20s
Rendered 2911/18723, time remaining: 9m 25s
Rendered 2912/18723, time remaining: 9m 15s
Rendered 2913/18723, time remaining: 9m 32s
Rendered 2914/18723, time remaining: 9m 32s
Rendered 2915/18723, time remaining: 9m 24s
Rendered 2916/18723, time remaining: 9m 23s
Rendered 2917/18723, time remaining: 9m 24s
Rendered 2918/18723, time remaining: 9m 24s
Rendered 2919/18723, time remaining: 9m 21s
Rendered 2920/18723, time remaining: 9m 29s
Rendered 2921/18723, time remaining: 9m 30s
Rendered 2922/18723, time remaining: 9m 32s
Rendered 2923/18723, time remaining: 9m 44s
Rendered 2924/18723, time remaining: 9m 35s
Rendered 2925/18723, time remaining: 9m 31s
Rendered 2926/18723, time remaining: 9m 29s
Rendered 2927/18723, time remaining: 9m 35s
Rendered 2928/18723, time remaining: 9m 28s
Rendered 2929/18723, time remaining: 9m 28s
Rendered 2930/18723, time remaining: 9m 34s
Rendered 2931/18723, time remaining: 9m 35s
Rendered 2932/18723, time remaining: 9m 38s
Rendered 2933/18723, time remaining: 9m 38s
Rendered 2934/18723, time remaining: 9m 38s
Rendered 2935/18723, time remaining: 9m 52s
Rendered 2936/18723, time remaining: 9m 34s
Rendered 2937/18723, time remaining: 9m 34s
Rendered 2938/18723, time remaining: 9m 35s
Rendered 2939/18723, time remaining: 9m 36s
Rendered 2940/18723, time remaining: 9m 38s
Rendered 2941/18723, time remaining: 9m 38s
Rendered 2942/18723, time remaining: 9m 38s
Rendered 2943/18723, time remaining: 9m 57s
Rendered 2944/18723, time remaining: 9m 46s
Rendered 2945/18723, time remaining: 9m 46s
Rendered 2946/18723, time remaining: 9m 38s
Rendered 2947/18723, time remaining: 9m 39s
Rendered 2948/18723, time remaining: 9m 38s
Rendered 2949/18723, time remaining: 9m 37s
Rendered 2950/18723, time remaining: 9m 34s
Rendered 2951/18723, time remaining: 9m 44s
Rendered 2952/18723, time remaining: 9m 51s
Rendered 2953/18723, time remaining: 9m 44s
Rendered 2954/18723, time remaining: 9m 39s
Rendered 2955/18723, time remaining: 9m 41s
Rendered 2956/18723, time remaining: 9m 30s
Rendered 2957/18723, time remaining: 9m 30s
Rendered 2958/18723, time remaining: 9m 29s
Rendered 2959/18723, time remaining: 9m 32s
Rendered 2960/18723, time remaining: 9m 37s
Rendered 2961/18723, time remaining: 9m 46s
Rendered 2962/18723, time remaining: 9m 47s
Rendered 2963/18723, time remaining: 9m 42s
Rendered 2964/18723, time remaining: 9m 41s
Rendered 2965/18723, time remaining: 9m 33s
Rendered 2966/18723, time remaining: 9m 32s
Rendered 2967/18723, time remaining: 9m 31s
Rendered 2968/18723, time remaining: 9m 31s
Rendered 2969/18723, time remaining: 9m 39s
Rendered 2970/18723, time remaining: 9m 43s
Rendered 2971/18723, time remaining: 9m 35s
Rendered 2972/18723, time remaining: 9m 38s
Rendered 2973/18723, time remaining: 9m 44s
Rendered 2974/18723, time remaining: 9m 39s
Rendered 2975/18723, time remaining: 9m 39s
Rendered 2976/18723, time remaining: 9m 37s
Rendered 2977/18723, time remaining: 9m 44s
Rendered 2978/18723, time remaining: 9m 32s
Rendered 2979/18723, time remaining: 9m 36s
Rendered 2980/18723, time remaining: 9m 40s
Rendered 2981/18723, time remaining: 9m 40s
Rendered 2982/18723, time remaining: 9m 42s
Rendered 2983/18723, time remaining: 9m 34s
Rendered 2984/18723, time remaining: 9m 34s
Rendered 2985/18723, time remaining: 9m 41s
Rendered 2986/18723, time remaining: 9m 29s
Rendered 2987/18723, time remaining: 9m 29s
Rendered 2988/18723, time remaining: 9m 40s
Rendered 2989/18723, time remaining: 9m 42s
Rendered 2990/18723, time remaining: 9m 42s
Rendered 2991/18723, time remaining: 9m 41s
Rendered 2992/18723, time remaining: 9m 42s
Rendered 2993/18723, time remaining: 9m 41s
Rendered 2994/18723, time remaining: 9m 27s
Rendered 2995/18723, time remaining: 9m 23s
Rendered 2996/18723, time remaining: 9m 42s
Rendered 2997/18723, time remaining: 9m 41s
Rendered 2998/18723, time remaining: 9m 40s
Rendered 2999/18723, time remaining: 9m 34s
Rendered 3000/18723, time remaining: 9m 40s
Rendered 3001/18723, time remaining: 9m 40s
Rendered 3002/18723, time remaining: 9m 26s
Rendered 3003/18723, time remaining: 9m 26s
Rendered 3004/18723, time remaining: 9m 44s
Rendered 3005/18723, time remaining: 9m 38s
Rendered 3006/18723, time remaining: 9m 38s
Rendered 3007/18723, time remaining: 9m 41s
Rendered 3008/18723, time remaining: 9m 41s
Rendered 3009/18723, time remaining: 9m 32s
Rendered 3010/18723, time remaining: 9m 24s
Rendered 3011/18723, time remaining: 9m 35s
Rendered 3012/18723, time remaining: 9m 37s
Rendered 3013/18723, time remaining: 9m 36s
Rendered 3014/18723, time remaining: 9m 32s
Rendered 3015/18723, time remaining: 9m 33s
Rendered 3016/18723, time remaining: 9m 43s
Rendered 3017/18723, time remaining: 9m 27s
Rendered 3018/18723, time remaining: 9m 25s
Rendered 3019/18723, time remaining: 9m 36s
Rendered 3020/18723, time remaining: 9m 36s
Rendered 3021/18723, time remaining: 9m 34s
Rendered 3022/18723, time remaining: 9m 36s
Rendered 3023/18723, time remaining: 9m 38s
Rendered 3024/18723, time remaining: 9m 47s
Rendered 3025/18723, time remaining: 9m 30s
Rendered 3026/18723, time remaining: 9m 28s
Rendered 3027/18723, time remaining: 9m 28s
Rendered 3028/18723, time remaining: 9m 28s
Rendered 3029/18723, time remaining: 9m 28s
Rendered 3030/18723, time remaining: 9m 16s
Rendered 3031/18723, time remaining: 9m 35s
Rendered 3032/18723, time remaining: 9m 42s
Rendered 3033/18723, time remaining: 9m 42s
Rendered 3034/18723, time remaining: 9m 43s
Rendered 3035/18723, time remaining: 9m 38s
Rendered 3036/18723, time remaining: 9m 38s
Rendered 3037/18723, time remaining: 9m 39s
Rendered 3038/18723, time remaining: 9m 24s
Rendered 3039/18723, time remaining: 9m 25s
Rendered 3040/18723, time remaining: 9m 42s
Rendered 3041/18723, time remaining: 9m 34s
Rendered 3042/18723, time remaining: 9m 39s
Rendered 3043/18723, time remaining: 9m 40s
Rendered 3044/18723, time remaining: 9m 44s
Rendered 3045/18723, time remaining: 9m 37s
Rendered 3046/18723, time remaining: 9m 37s
Rendered 3047/18723, time remaining: 9m 24s
Rendered 3048/18723, time remaining: 9m 28s
Rendered 3049/18723, time remaining: 9m 28s
Rendered 3050/18723, time remaining: 9m 38s
Rendered 3051/18723, time remaining: 9m 38s
Rendered 3052/18723, time remaining: 9m 38s
Rendered 3053/18723, time remaining: 9m 41s
Rendered 3054/18723, time remaining: 9m 31s
Rendered 3055/18723, time remaining: 9m 27s
Rendered 3056/18723, time remaining: 9m 34s
Rendered 3057/18723, time remaining: 9m 28s
Rendered 3058/18723, time remaining: 9m 30s
Rendered 3059/18723, time remaining: 9m 32s
Rendered 3060/18723, time remaining: 9m 41s
Rendered 3061/18723, time remaining: 9m 39s
Rendered 3062/18723, time remaining: 9m 44s
Rendered 3063/18723, time remaining: 9m 29s
Rendered 3064/18723, time remaining: 9m 33s
Rendered 3065/18723, time remaining: 9m 38s
Rendered 3066/18723, time remaining: 9m 30s
Rendered 3067/18723, time remaining: 9m 28s
Rendered 3068/18723, time remaining: 9m 29s
Rendered 3069/18723, time remaining: 9m 42s
Rendered 3070/18723, time remaining: 9m 40s
Rendered 3071/18723, time remaining: 9m 40s
Rendered 3072/18723, time remaining: 9m 35s
Rendered 3073/18723, time remaining: 9m 23s
Rendered 3074/18723, time remaining: 9m 24s
Rendered 3075/18723, time remaining: 9m 34s
Rendered 3076/18723, time remaining: 9m 34s
Rendered 3077/18723, time remaining: 9m 30s
Rendered 3078/18723, time remaining: 9m 33s
Rendered 3079/18723, time remaining: 9m 33s
Rendered 3080/18723, time remaining: 9m 33s
Rendered 3081/18723, time remaining: 9m 36s
Rendered 3082/18723, time remaining: 9m 26s
Rendered 3083/18723, time remaining: 9m 34s
Rendered 3084/18723, time remaining: 9m 40s
Rendered 3085/18723, time remaining: 9m 25s
Rendered 3086/18723, time remaining: 9m 24s
Rendered 3087/18723, time remaining: 9m 33s
Rendered 3088/18723, time remaining: 9m 31s
Rendered 3089/18723, time remaining: 9m 31s
Rendered 3090/18723, time remaining: 9m 21s
Rendered 3091/18723, time remaining: 9m 30s
Rendered 3092/18723, time remaining: 9m 41s
Rendered 3093/18723, time remaining: 9m 27s
Rendered 3094/18723, time remaining: 9m 28s
Rendered 3095/18723, time remaining: 9m 26s
Rendered 3096/18723, time remaining: 9m 26s
Rendered 3097/18723, time remaining: 9m 26s
Rendered 3098/18723, time remaining: 9m 26s
Rendered 3099/18723, time remaining: 9m 25s
Rendered 3100/18723, time remaining: 9m 40s
Rendered 3101/18723, time remaining: 9m 29s
Rendered 3102/18723, time remaining: 9m 29s
Rendered 3103/18723, time remaining: 9m 28s
Rendered 3104/18723, time remaining: 9m 28s
Rendered 3105/18723, time remaining: 9m 26s
Rendered 3106/18723, time remaining: 9m 24s
Rendered 3107/18723, time remaining: 9m 34s
Rendered 3108/18723, time remaining: 9m 34s
Rendered 3109/18723, time remaining: 9m 32s
Rendered 3110/18723, time remaining: 9m 36s
Rendered 3111/18723, time remaining: 9m 26s
Rendered 3112/18723, time remaining: 9m 26s
Rendered 3113/18723, time remaining: 9m 28s
Rendered 3114/18723, time remaining: 9m 36s
Rendered 3115/18723, time remaining: 9m 36s
Rendered 3116/18723, time remaining: 9m 39s
Rendered 3117/18723, time remaining: 9m 39s
Rendered 3118/18723, time remaining: 9m 54s
Rendered 3119/18723, time remaining: 9m 45s
Rendered 3120/18723, time remaining: 9m 40s
Rendered 3121/18723, time remaining: 9m 40s
Rendered 3122/18723, time remaining: 9m 43s
Rendered 3123/18723, time remaining: 9m 37s
Rendered 3124/18723, time remaining: 9m 37s
Rendered 3125/18723, time remaining: 9m 40s
Rendered 3126/18723, time remaining: 9m 50s
Rendered 3127/18723, time remaining: 9m 47s
Rendered 3128/18723, time remaining: 9m 51s
Rendered 3129/18723, time remaining: 9m 41s
Rendered 3130/18723, time remaining: 9m 36s
Rendered 3131/18723, time remaining: 9m 40s
Rendered 3132/18723, time remaining: 9m 37s
Rendered 3133/18723, time remaining: 9m 42s
Rendered 3134/18723, time remaining: 10m 2s
Rendered 3135/18723, time remaining: 9m 54s
Rendered 3136/18723, time remaining: 9m 54s
Rendered 3137/18723, time remaining: 9m 54s
Rendered 3138/18723, time remaining: 9m 38s
Rendered 3139/18723, time remaining: 9m 47s
Rendered 3140/18723, time remaining: 9m 51s
Rendered 3141/18723, time remaining: 9m 54s
Rendered 3142/18723, time remaining: 9m 50s
Rendered 3143/18723, time remaining: 9m 53s
Rendered 3144/18723, time remaining: 10m 2s
Rendered 3145/18723, time remaining: 10m 1s
Rendered 3146/18723, time remaining: 9m 52s
Rendered 3147/18723, time remaining: 9m 52s
Rendered 3148/18723, time remaining: 9m 52s
Rendered 3149/18723, time remaining: 9m 52s
Rendered 3150/18723, time remaining: 9m 56s
Rendered 3151/18723, time remaining: 9m 56s
Rendered 3152/18723, time remaining: 10m 4s
Rendered 3153/18723, time remaining: 10m 2s
Rendered 3154/18723, time remaining: 9m 51s
Rendered 3155/18723, time remaining: 9m 51s
Rendered 3156/18723, time remaining: 9m 58s
Rendered 3157/18723, time remaining: 9m 55s
Rendered 3158/18723, time remaining: 9m 55s
Rendered 3159/18723, time remaining: 10m 7s
Rendered 3160/18723, time remaining: 10m 7s
Rendered 3161/18723, time remaining: 9m 56s
Rendered 3162/18723, time remaining: 9m 52s
Rendered 3163/18723, time remaining: 10m 2s
Rendered 3164/18723, time remaining: 10m 1s
Rendered 3165/18723, time remaining: 10m 0s
Rendered 3166/18723, time remaining: 10m 0s
Rendered 3167/18723, time remaining: 10m 8s
Rendered 3168/18723, time remaining: 10m 8s
Rendered 3169/18723, time remaining: 9m 57s
Rendered 3170/18723, time remaining: 9m 57s
Rendered 3171/18723, time remaining: 9m 59s
Rendered 3172/18723, time remaining: 9m 57s
Rendered 3173/18723, time remaining: 9m 55s
Rendered 3174/18723, time remaining: 9m 49s
Rendered 3175/18723, time remaining: 10m 4s
Rendered 3176/18723, time remaining: 10m 3s
Rendered 3177/18723, time remaining: 10m 8s
Rendered 3178/18723, time remaining: 10m 7s
Rendered 3179/18723, time remaining: 10m 6s
Rendered 3180/18723, time remaining: 10m 4s
Rendered 3181/18723, time remaining: 9m 52s
Rendered 3182/18723, time remaining: 9m 45s
Rendered 3183/18723, time remaining: 9m 59s
Rendered 3184/18723, time remaining: 9m 57s
Rendered 3185/18723, time remaining: 10m 0s
Rendered 3186/18723, time remaining: 9m 59s
Rendered 3187/18723, time remaining: 9m 58s
Rendered 3188/18723, time remaining: 9m 57s
Rendered 3189/18723, time remaining: 10m 3s
Rendered 3190/18723, time remaining: 9m 43s
Rendered 3191/18723, time remaining: 9m 50s
Rendered 3192/18723, time remaining: 9m 46s
Rendered 3193/18723, time remaining: 9m 54s
Rendered 3194/18723, time remaining: 9m 52s
Rendered 3195/18723, time remaining: 9m 52s
Rendered 3196/18723, time remaining: 10m 2s
Rendered 3197/18723, time remaining: 10m 1s
Rendered 3198/18723, time remaining: 9m 55s
Rendered 3199/18723, time remaining: 10m 4s
Rendered 3200/18723, time remaining: 9m 48s
Rendered 3201/18723, time remaining: 9m 59s
Rendered 3202/18723, time remaining: 10m 0s
Rendered 3203/18723, time remaining: 9m 55s
Rendered 3204/18723, time remaining: 9m 57s
Rendered 3205/18723, time remaining: 9m 52s
Rendered 3206/18723, time remaining: 9m 44s
Rendered 3207/18723, time remaining: 9m 46s
Rendered 3208/18723, time remaining: 9m 47s
Rendered 3209/18723, time remaining: 10m 1s
Rendered 3210/18723, time remaining: 9m 58s
Rendered 3211/18723, time remaining: 9m 56s
Rendered 3212/18723, time remaining: 9m 51s
Rendered 3213/18723, time remaining: 9m 50s
Rendered 3214/18723, time remaining: 9m 47s
Rendered 3215/18723, time remaining: 9m 45s
Rendered 3216/18723, time remaining: 9m 45s
Rendered 3217/18723, time remaining: 9m 49s
Rendered 3218/18723, time remaining: 10m 6s
Rendered 3219/18723, time remaining: 9m 55s
Rendered 3220/18723, time remaining: 9m 43s
Rendered 3221/18723, time remaining: 9m 44s
Rendered 3222/18723, time remaining: 9m 45s
Rendered 3223/18723, time remaining: 9m 48s
Rendered 3224/18723, time remaining: 9m 54s
Rendered 3225/18723, time remaining: 9m 43s
Rendered 3226/18723, time remaining: 9m 58s
Rendered 3227/18723, time remaining: 10m 3s
Rendered 3228/18723, time remaining: 9m 55s
Rendered 3229/18723, time remaining: 9m 55s
Rendered 3230/18723, time remaining: 9m 49s
Rendered 3231/18723, time remaining: 9m 48s
Rendered 3232/18723, time remaining: 9m 54s
Rendered 3233/18723, time remaining: 9m 55s
Rendered 3234/18723, time remaining: 9m 57s
Rendered 3235/18723, time remaining: 9m 56s
Rendered 3236/18723, time remaining: 9m 56s
Rendered 3237/18723, time remaining: 9m 47s
Rendered 3238/18723, time remaining: 9m 56s
Rendered 3239/18723, time remaining: 10m 2s
Rendered 3240/18723, time remaining: 10m 2s
Rendered 3241/18723, time remaining: 9m 54s
Rendered 3242/18723, time remaining: 9m 53s
Rendered 3243/18723, time remaining: 9m 47s
Rendered 3244/18723, time remaining: 9m 48s
Rendered 3245/18723, time remaining: 9m 58s
Rendered 3246/18723, time remaining: 9m 58s
Rendered 3247/18723, time remaining: 10m 5s
Rendered 3248/18723, time remaining: 9m 56s
Rendered 3249/18723, time remaining: 9m 56s
Rendered 3250/18723, time remaining: 9m 45s
Rendered 3251/18723, time remaining: 9m 51s
Rendered 3252/18723, time remaining: 9m 49s
Rendered 3253/18723, time remaining: 9m 53s
Rendered 3254/18723, time remaining: 9m 58s
Rendered 3255/18723, time remaining: 10m 0s
Rendered 3256/18723, time remaining: 9m 57s
Rendered 3257/18723, time remaining: 9m 47s
Rendered 3258/18723, time remaining: 9m 46s
Rendered 3259/18723, time remaining: 9m 50s
Rendered 3260/18723, time remaining: 9m 45s
Rendered 3261/18723, time remaining: 9m 50s
Rendered 3262/18723, time remaining: 9m 58s
Rendered 3263/18723, time remaining: 9m 57s
Rendered 3264/18723, time remaining: 9m 48s
Rendered 3265/18723, time remaining: 9m 48s
Rendered 3266/18723, time remaining: 9m 45s
Rendered 3267/18723, time remaining: 9m 46s
Rendered 3268/18723, time remaining: 9m 27s
Rendered 3269/18723, time remaining: 9m 34s
Rendered 3270/18723, time remaining: 9m 47s
Rendered 3271/18723, time remaining: 9m 52s
Rendered 3272/18723, time remaining: 9m 43s
Rendered 3273/18723, time remaining: 9m 46s
Rendered 3274/18723, time remaining: 9m 46s
Rendered 3275/18723, time remaining: 9m 44s
Rendered 3276/18723, time remaining: 9m 40s
Rendered 3277/18723, time remaining: 9m 37s
Rendered 3278/18723, time remaining: 9m 34s
Rendered 3279/18723, time remaining: 9m 44s
Rendered 3280/18723, time remaining: 9m 51s
Rendered 3281/18723, time remaining: 9m 47s
Rendered 3282/18723, time remaining: 9m 46s
Rendered 3283/18723, time remaining: 9m 47s
Rendered 3284/18723, time remaining: 9m 36s
Rendered 3285/18723, time remaining: 9m 36s
Rendered 3286/18723, time remaining: 9m 38s
Rendered 3287/18723, time remaining: 9m 39s
Rendered 3288/18723, time remaining: 9m 44s
Rendered 3289/18723, time remaining: 9m 34s
Rendered 3290/18723, time remaining: 9m 29s
Rendered 3291/18723, time remaining: 9m 38s
Rendered 3292/18723, time remaining: 9m 35s
Rendered 3293/18723, time remaining: 9m 41s
Rendered 3294/18723, time remaining: 9m 33s
Rendered 3295/18723, time remaining: 9m 33s
Rendered 3296/18723, time remaining: 9m 27s
Rendered 3297/18723, time remaining: 9m 29s
Rendered 3298/18723, time remaining: 9m 32s
Rendered 3299/18723, time remaining: 9m 33s
Rendered 3300/18723, time remaining: 9m 32s
Rendered 3301/18723, time remaining: 9m 33s
Rendered 3302/18723, time remaining: 9m 29s
Rendered 3303/18723, time remaining: 9m 33s
Rendered 3304/18723, time remaining: 9m 36s
Rendered 3305/18723, time remaining: 9m 36s
Rendered 3306/18723, time remaining: 9m 29s
Rendered 3307/18723, time remaining: 9m 30s
Rendered 3308/18723, time remaining: 9m 31s
Rendered 3309/18723, time remaining: 9m 16s
Rendered 3310/18723, time remaining: 9m 27s
Rendered 3311/18723, time remaining: 9m 35s
Rendered 3312/18723, time remaining: 9m 42s
Rendered 3313/18723, time remaining: 9m 33s
Rendered 3314/18723, time remaining: 9m 32s
Rendered 3315/18723, time remaining: 9m 32s
Rendered 3316/18723, time remaining: 9m 23s
Rendered 3317/18723, time remaining: 9m 23s
Rendered 3318/18723, time remaining: 9m 24s
Rendered 3319/18723, time remaining: 9m 37s
Rendered 3320/18723, time remaining: 9m 36s
Rendered 3321/18723, time remaining: 9m 28s
Rendered 3322/18723, time remaining: 9m 33s
Rendered 3323/18723, time remaining: 9m 33s
Rendered 3324/18723, time remaining: 9m 30s
Rendered 3325/18723, time remaining: 9m 31s
Rendered 3326/18723, time remaining: 9m 32s
Rendered 3327/18723, time remaining: 9m 33s
Rendered 3328/18723, time remaining: 9m 33s
Rendered 3329/18723, time remaining: 9m 32s
Rendered 3330/18723, time remaining: 9m 32s
Rendered 3331/18723, time remaining: 9m 36s
Rendered 3332/18723, time remaining: 9m 36s
Rendered 3333/18723, time remaining: 9m 32s
Rendered 3334/18723, time remaining: 9m 31s
Rendered 3335/18723, time remaining: 9m 33s
Rendered 3336/18723, time remaining: 9m 34s
Rendered 3337/18723, time remaining: 9m 34s
Rendered 3338/18723, time remaining: 9m 34s
Rendered 3339/18723, time remaining: 9m 35s
Rendered 3340/18723, time remaining: 9m 35s
Rendered 3341/18723, time remaining: 9m 37s
Rendered 3342/18723, time remaining: 9m 37s
Rendered 3343/18723, time remaining: 9m 40s
Rendered 3344/18723, time remaining: 9m 35s
Rendered 3345/18723, time remaining: 9m 35s
Rendered 3346/18723, time remaining: 9m 24s
Rendered 3347/18723, time remaining: 9m 33s
Rendered 3348/18723, time remaining: 9m 33s
Rendered 3349/18723, time remaining: 9m 23s
Rendered 3350/18723, time remaining: 9m 34s
Rendered 3351/18723, time remaining: 9m 29s
Rendered 3352/18723, time remaining: 9m 29s
Rendered 3353/18723, time remaining: 9m 29s
Rendered 3354/18723, time remaining: 9m 33s
Rendered 3355/18723, time remaining: 9m 37s
Rendered 3356/18723, time remaining: 9m 36s
Rendered 3357/18723, time remaining: 9m 34s
Rendered 3358/18723, time remaining: 9m 45s
Rendered 3359/18723, time remaining: 9m 33s
Rendered 3360/18723, time remaining: 9m 28s
Rendered 3361/18723, time remaining: 9m 26s
Rendered 3362/18723, time remaining: 9m 33s
Rendered 3363/18723, time remaining: 9m 33s
Rendered 3364/18723, time remaining: 9m 32s
Rendered 3365/18723, time remaining: 9m 30s
Rendered 3366/18723, time remaining: 9m 48s
Rendered 3367/18723, time remaining: 9m 45s
Rendered 3368/18723, time remaining: 9m 28s
Rendered 3369/18723, time remaining: 9m 30s
Rendered 3370/18723, time remaining: 9m 30s
Rendered 3371/18723, time remaining: 9m 30s
Rendered 3372/18723, time remaining: 9m 29s
Rendered 3373/18723, time remaining: 9m 35s
Rendered 3374/18723, time remaining: 9m 34s
Rendered 3375/18723, time remaining: 9m 36s
Rendered 3376/18723, time remaining: 9m 21s
Rendered 3377/18723, time remaining: 9m 20s
Rendered 3378/18723, time remaining: 9m 28s
Rendered 3379/18723, time remaining: 9m 28s
Rendered 3380/18723, time remaining: 9m 28s
Rendered 3381/18723, time remaining: 9m 24s
Rendered 3382/18723, time remaining: 9m 23s
Rendered 3383/18723, time remaining: 9m 19s
Rendered 3384/18723, time remaining: 9m 10s
Rendered 3385/18723, time remaining: 9m 29s
Rendered 3386/18723, time remaining: 9m 30s
Rendered 3387/18723, time remaining: 9m 30s
Rendered 3388/18723, time remaining: 9m 20s
Rendered 3389/18723, time remaining: 9m 15s
Rendered 3390/18723, time remaining: 9m 22s
Rendered 3391/18723, time remaining: 9m 22s
Rendered 3392/18723, time remaining: 9m 12s
Rendered 3393/18723, time remaining: 9m 32s
Rendered 3394/18723, time remaining: 9m 32s
Rendered 3395/18723, time remaining: 9m 22s
Rendered 3396/18723, time remaining: 9m 23s
Rendered 3397/18723, time remaining: 9m 18s
Rendered 3398/18723, time remaining: 9m 23s
Rendered 3399/18723, time remaining: 9m 28s
Rendered 3400/18723, time remaining: 9m 24s
Rendered 3401/18723, time remaining: 9m 30s
Rendered 3402/18723, time remaining: 9m 25s
Rendered 3403/18723, time remaining: 9m 24s
Rendered 3404/18723, time remaining: 9m 18s
Rendered 3405/18723, time remaining: 9m 18s
Rendered 3406/18723, time remaining: 9m 27s
Rendered 3407/18723, time remaining: 9m 30s
Rendered 3408/18723, time remaining: 9m 31s
Rendered 3409/18723, time remaining: 9m 36s
Rendered 3410/18723, time remaining: 9m 32s
Rendered 3411/18723, time remaining: 9m 27s
Rendered 3412/18723, time remaining: 9m 19s
Rendered 3413/18723, time remaining: 9m 18s
Rendered 3414/18723, time remaining: 9m 22s
Rendered 3415/18723, time remaining: 9m 22s
Rendered 3416/18723, time remaining: 9m 21s
Rendered 3417/18723, time remaining: 9m 40s
Rendered 3418/18723, time remaining: 9m 38s
Rendered 3419/18723, time remaining: 9m 32s
Rendered 3420/18723, time remaining: 9m 19s
Rendered 3421/18723, time remaining: 9m 15s
Rendered 3422/18723, time remaining: 9m 24s
Rendered 3423/18723, time remaining: 9m 21s
Rendered 3424/18723, time remaining: 9m 20s
Rendered 3425/18723, time remaining: 9m 38s
Rendered 3426/18723, time remaining: 9m 31s
Rendered 3427/18723, time remaining: 9m 30s
Rendered 3428/18723, time remaining: 9m 30s
Rendered 3429/18723, time remaining: 9m 22s
Rendered 3430/18723, time remaining: 9m 20s
Rendered 3431/18723, time remaining: 9m 20s
Rendered 3432/18723, time remaining: 9m 30s
Rendered 3433/18723, time remaining: 9m 32s
Rendered 3434/18723, time remaining: 9m 28s
Rendered 3435/18723, time remaining: 9m 28s
Rendered 3436/18723, time remaining: 9m 26s
Rendered 3437/18723, time remaining: 9m 30s
Rendered 3438/18723, time remaining: 9m 24s
Rendered 3439/18723, time remaining: 9m 24s
Rendered 3440/18723, time remaining: 9m 29s
Rendered 3441/18723, time remaining: 9m 26s
Rendered 3442/18723, time remaining: 9m 35s
Rendered 3443/18723, time remaining: 9m 26s
Rendered 3444/18723, time remaining: 9m 26s
Rendered 3445/18723, time remaining: 9m 26s
Rendered 3446/18723, time remaining: 9m 25s
Rendered 3447/18723, time remaining: 9m 34s
Rendered 3448/18723, time remaining: 9m 31s
Rendered 3449/18723, time remaining: 9m 32s
Rendered 3450/18723, time remaining: 9m 25s
Rendered 3451/18723, time remaining: 9m 26s
Rendered 3452/18723, time remaining: 9m 22s
Rendered 3453/18723, time remaining: 9m 32s
Rendered 3454/18723, time remaining: 9m 22s
Rendered 3455/18723, time remaining: 9m 30s
Rendered 3456/18723, time remaining: 9m 30s
Rendered 3457/18723, time remaining: 9m 29s
Rendered 3458/18723, time remaining: 9m 30s
Rendered 3459/18723, time remaining: 9m 30s
Rendered 3460/18723, time remaining: 9m 24s
Rendered 3461/18723, time remaining: 9m 21s
Rendered 3462/18723, time remaining: 9m 19s
Rendered 3463/18723, time remaining: 9m 28s
Rendered 3464/18723, time remaining: 9m 28s
Rendered 3465/18723, time remaining: 9m 31s
Rendered 3466/18723, time remaining: 9m 29s
Rendered 3467/18723, time remaining: 9m 21s
Rendered 3468/18723, time remaining: 9m 24s
Rendered 3469/18723, time remaining: 9m 21s
Rendered 3470/18723, time remaining: 9m 31s
Rendered 3471/18723, time remaining: 9m 31s
Rendered 3472/18723, time remaining: 9m 32s
Rendered 3473/18723, time remaining: 9m 33s
Rendered 3474/18723, time remaining: 9m 33s
Rendered 3475/18723, time remaining: 9m 17s
Rendered 3476/18723, time remaining: 9m 16s
Rendered 3477/18723, time remaining: 9m 25s
Rendered 3478/18723, time remaining: 9m 30s
Rendered 3479/18723, time remaining: 9m 30s
Rendered 3480/18723, time remaining: 9m 36s
Rendered 3481/18723, time remaining: 9m 27s
Rendered 3482/18723, time remaining: 9m 27s
Rendered 3483/18723, time remaining: 9m 17s
Rendered 3484/18723, time remaining: 9m 26s
Rendered 3485/18723, time remaining: 9m 19s
Rendered 3486/18723, time remaining: 9m 34s
Rendered 3487/18723, time remaining: 9m 33s
Rendered 3488/18723, time remaining: 9m 37s
Rendered 3489/18723, time remaining: 9m 29s
Rendered 3490/18723, time remaining: 9m 31s
Rendered 3491/18723, time remaining: 9m 31s
Rendered 3492/18723, time remaining: 9m 30s
Rendered 3493/18723, time remaining: 9m 19s
Rendered 3494/18723, time remaining: 9m 19s
Rendered 3495/18723, time remaining: 9m 30s
Rendered 3496/18723, time remaining: 9m 31s
Rendered 3497/18723, time remaining: 9m 28s
Rendered 3498/18723, time remaining: 9m 31s
Rendered 3499/18723, time remaining: 9m 34s
Rendered 3500/18723, time remaining: 9m 25s
Rendered 3501/18723, time remaining: 9m 27s
Rendered 3502/18723, time remaining: 9m 27s
Rendered 3503/18723, time remaining: 9m 29s
Rendered 3504/18723, time remaining: 9m 23s
Rendered 3505/18723, time remaining: 9m 26s
Rendered 3506/18723, time remaining: 9m 31s
Rendered 3507/18723, time remaining: 9m 33s
Rendered 3508/18723, time remaining: 9m 26s
Rendered 3509/18723, time remaining: 9m 28s
Rendered 3510/18723, time remaining: 9m 28s
Rendered 3511/18723, time remaining: 9m 30s
Rendered 3512/18723, time remaining: 9m 24s
Rendered 3513/18723, time remaining: 9m 31s
Rendered 3514/18723, time remaining: 9m 31s
Rendered 3515/18723, time remaining: 9m 35s
Rendered 3516/18723, time remaining: 9m 22s
Rendered 3517/18723, time remaining: 9m 30s
Rendered 3518/18723, time remaining: 9m 29s
Rendered 3519/18723, time remaining: 9m 25s
Rendered 3520/18723, time remaining: 9m 29s
Rendered 3521/18723, time remaining: 9m 35s
Rendered 3522/18723, time remaining: 9m 35s
Rendered 3523/18723, time remaining: 9m 27s
Rendered 3524/18723, time remaining: 9m 29s
Rendered 3525/18723, time remaining: 9m 28s
Rendered 3526/18723, time remaining: 9m 27s
Rendered 3527/18723, time remaining: 9m 30s
Rendered 3528/18723, time remaining: 9m 22s
Rendered 3529/18723, time remaining: 9m 32s
Rendered 3530/18723, time remaining: 9m 32s
Rendered 3531/18723, time remaining: 9m 33s
Rendered 3532/18723, time remaining: 9m 39s
Rendered 3533/18723, time remaining: 9m 36s
Rendered 3534/18723, time remaining: 9m 36s
Rendered 3535/18723, time remaining: 9m 16s
Rendered 3536/18723, time remaining: 9m 16s
Rendered 3537/18723, time remaining: 9m 27s
Rendered 3538/18723, time remaining: 9m 27s
Rendered 3539/18723, time remaining: 9m 37s
Rendered 3540/18723, time remaining: 9m 29s
Rendered 3541/18723, time remaining: 9m 30s
Rendered 3542/18723, time remaining: 9m 37s
Rendered 3543/18723, time remaining: 9m 18s
Rendered 3544/18723, time remaining: 9m 17s
Rendered 3545/18723, time remaining: 9m 23s
Rendered 3546/18723, time remaining: 9m 36s
Rendered 3547/18723, time remaining: 9m 33s
Rendered 3548/18723, time remaining: 9m 29s
Rendered 3549/18723, time remaining: 9m 25s
Rendered 3550/18723, time remaining: 9m 27s
Rendered 3551/18723, time remaining: 9m 23s
Rendered 3552/18723, time remaining: 9m 22s
Rendered 3553/18723, time remaining: 9m 20s
Rendered 3554/18723, time remaining: 9m 29s
Rendered 3555/18723, time remaining: 9m 31s
Rendered 3556/18723, time remaining: 9m 28s
Rendered 3557/18723, time remaining: 9m 25s
Rendered 3558/18723, time remaining: 9m 25s
Rendered 3559/18723, time remaining: 9m 12s
Rendered 3560/18723, time remaining: 9m 14s
Rendered 3561/18723, time remaining: 9m 21s
Rendered 3562/18723, time remaining: 9m 20s
Rendered 3563/18723, time remaining: 9m 31s
Rendered 3564/18723, time remaining: 9m 27s
Rendered 3565/18723, time remaining: 9m 27s
Rendered 3566/18723, time remaining: 9m 28s
Rendered 3567/18723, time remaining: 9m 9s
Rendered 3568/18723, time remaining: 9m 18s
Rendered 3569/18723, time remaining: 9m 17s
Rendered 3570/18723, time remaining: 9m 17s
Rendered 3571/18723, time remaining: 9m 35s
Rendered 3572/18723, time remaining: 9m 27s
Rendered 3573/18723, time remaining: 9m 28s
Rendered 3574/18723, time remaining: 9m 30s
Rendered 3575/18723, time remaining: 9m 12s
Rendered 3576/18723, time remaining: 9m 14s
Rendered 3577/18723, time remaining: 9m 14s
Rendered 3578/18723, time remaining: 9m 15s
Rendered 3579/18723, time remaining: 9m 33s
Rendered 3580/18723, time remaining: 9m 32s
Rendered 3581/18723, time remaining: 9m 32s
Rendered 3582/18723, time remaining: 9m 23s
Rendered 3583/18723, time remaining: 9m 17s
Rendered 3584/18723, time remaining: 9m 17s
Rendered 3585/18723, time remaining: 9m 17s
Rendered 3586/18723, time remaining: 9m 16s
Rendered 3587/18723, time remaining: 9m 33s
Rendered 3588/18723, time remaining: 9m 32s
Rendered 3589/18723, time remaining: 9m 32s
Rendered 3590/18723, time remaining: 9m 28s
Rendered 3591/18723, time remaining: 9m 19s
Rendered 3592/18723, time remaining: 9m 17s
Rendered 3593/18723, time remaining: 9m 17s
Rendered 3594/18723, time remaining: 9m 18s
Rendered 3595/18723, time remaining: 9m 32s
Rendered 3596/18723, time remaining: 9m 30s
Rendered 3597/18723, time remaining: 9m 18s
Rendered 3598/18723, time remaining: 9m 23s
Rendered 3599/18723, time remaining: 9m 20s
Rendered 3600/18723, time remaining: 9m 19s
Rendered 3601/18723, time remaining: 9m 21s
Rendered 3602/18723, time remaining: 9m 20s
Rendered 3603/18723, time remaining: 9m 23s
Rendered 3604/18723, time remaining: 9m 25s
Rendered 3605/18723, time remaining: 9m 18s
Rendered 3606/18723, time remaining: 9m 19s
Rendered 3607/18723, time remaining: 9m 22s
Rendered 3608/18723, time remaining: 9m 19s
Rendered 3609/18723, time remaining: 9m 21s
Rendered 3610/18723, time remaining: 9m 17s
Rendered 3611/18723, time remaining: 9m 32s
Rendered 3612/18723, time remaining: 9m 25s
Rendered 3613/18723, time remaining: 9m 18s
Rendered 3614/18723, time remaining: 9m 19s
Rendered 3615/18723, time remaining: 9m 17s
Rendered 3616/18723, time remaining: 9m 27s
Rendered 3617/18723, time remaining: 9m 26s
Rendered 3618/18723, time remaining: 9m 24s
Rendered 3619/18723, time remaining: 9m 26s
Rendered 3620/18723, time remaining: 9m 16s
Rendered 3621/18723, time remaining: 9m 16s
Rendered 3622/18723, time remaining: 9m 15s
Rendered 3623/18723, time remaining: 9m 14s
Rendered 3624/18723, time remaining: 9m 29s
Rendered 3625/18723, time remaining: 9m 31s
Rendered 3626/18723, time remaining: 9m 32s
Rendered 3627/18723, time remaining: 9m 18s
Rendered 3628/18723, time remaining: 9m 14s
Rendered 3629/18723, time remaining: 9m 15s
Rendered 3630/18723, time remaining: 9m 10s
Rendered 3631/18723, time remaining: 9m 11s
Rendered 3632/18723, time remaining: 9m 32s
Rendered 3633/18723, time remaining: 9m 33s
Rendered 3634/18723, time remaining: 9m 26s
Rendered 3635/18723, time remaining: 9m 26s
Rendered 3636/18723, time remaining: 9m 13s
Rendered 3637/18723, time remaining: 9m 16s
Rendered 3638/18723, time remaining: 9m 12s
Rendered 3639/18723, time remaining: 9m 19s
Rendered 3640/18723, time remaining: 9m 27s
Rendered 3641/18723, time remaining: 9m 23s
Rendered 3642/18723, time remaining: 9m 23s
Rendered 3643/18723, time remaining: 9m 23s
Rendered 3644/18723, time remaining: 9m 24s
Rendered 3645/18723, time remaining: 9m 21s
Rendered 3646/18723, time remaining: 9m 21s
Rendered 3647/18723, time remaining: 9m 15s
Rendered 3648/18723, time remaining: 9m 25s
Rendered 3649/18723, time remaining: 9m 23s
Rendered 3650/18723, time remaining: 9m 25s
Rendered 3651/18723, time remaining: 9m 17s
Rendered 3652/18723, time remaining: 9m 18s
Rendered 3653/18723, time remaining: 9m 30s
Rendered 3654/18723, time remaining: 9m 31s
Rendered 3655/18723, time remaining: 9m 26s
Rendered 3656/18723, time remaining: 9m 21s
Rendered 3657/18723, time remaining: 9m 23s
Rendered 3658/18723, time remaining: 9m 15s
Rendered 3659/18723, time remaining: 9m 8s
Rendered 3660/18723, time remaining: 9m 11s
Rendered 3661/18723, time remaining: 9m 28s
Rendered 3662/18723, time remaining: 9m 29s
Rendered 3663/18723, time remaining: 9m 21s
Rendered 3664/18723, time remaining: 9m 27s
Rendered 3665/18723, time remaining: 9m 22s
Rendered 3666/18723, time remaining: 9m 18s
Rendered 3667/18723, time remaining: 9m 9s
Rendered 3668/18723, time remaining: 9m 10s
Rendered 3669/18723, time remaining: 9m 28s
Rendered 3670/18723, time remaining: 9m 25s
Rendered 3671/18723, time remaining: 9m 17s
Rendered 3672/18723, time remaining: 9m 18s
Rendered 3673/18723, time remaining: 9m 22s
Rendered 3674/18723, time remaining: 9m 14s
Rendered 3675/18723, time remaining: 9m 13s
Rendered 3676/18723, time remaining: 9m 23s
Rendered 3677/18723, time remaining: 9m 21s
Rendered 3678/18723, time remaining: 9m 21s
Rendered 3679/18723, time remaining: 9m 11s
Rendered 3680/18723, time remaining: 9m 24s
Rendered 3681/18723, time remaining: 9m 24s
Rendered 3682/18723, time remaining: 9m 12s
Rendered 3683/18723, time remaining: 9m 14s
Rendered 3684/18723, time remaining: 9m 16s
Rendered 3685/18723, time remaining: 9m 19s
Rendered 3686/18723, time remaining: 9m 19s
Rendered 3687/18723, time remaining: 9m 11s
Rendered 3688/18723, time remaining: 9m 24s
Rendered 3689/18723, time remaining: 9m 17s
Rendered 3690/18723, time remaining: 9m 17s
Rendered 3691/18723, time remaining: 9m 20s
Rendered 3692/18723, time remaining: 9m 17s
Rendered 3693/18723, time remaining: 9m 25s
Rendered 3694/18723, time remaining: 9m 25s
Rendered 3695/18723, time remaining: 9m 25s
Rendered 3696/18723, time remaining: 9m 12s
Rendered 3697/18723, time remaining: 9m 13s
Rendered 3698/18723, time remaining: 9m 14s
Rendered 3699/18723, time remaining: 9m 15s
Rendered 3700/18723, time remaining: 9m 27s
Rendered 3701/18723, time remaining: 9m 18s
Rendered 3702/18723, time remaining: 9m 21s
Rendered 3703/18723, time remaining: 9m 22s
Rendered 3704/18723, time remaining: 9m 19s
Rendered 3705/18723, time remaining: 9m 18s
Rendered 3706/18723, time remaining: 9m 15s
Rendered 3707/18723, time remaining: 9m 16s
Rendered 3708/18723, time remaining: 9m 25s
Rendered 3709/18723, time remaining: 9m 24s
Rendered 3710/18723, time remaining: 9m 27s
Rendered 3711/18723, time remaining: 9m 20s
Rendered 3712/18723, time remaining: 9m 28s
Rendered 3713/18723, time remaining: 9m 16s
Rendered 3714/18723, time remaining: 9m 12s
Rendered 3715/18723, time remaining: 9m 17s
Rendered 3716/18723, time remaining: 9m 28s
Rendered 3717/18723, time remaining: 9m 28s
Rendered 3718/18723, time remaining: 9m 24s
Rendered 3719/18723, time remaining: 9m 24s
Rendered 3720/18723, time remaining: 9m 26s
Rendered 3721/18723, time remaining: 9m 8s
Rendered 3722/18723, time remaining: 9m 8s
Rendered 3723/18723, time remaining: 9m 17s
Rendered 3724/18723, time remaining: 9m 28s
Rendered 3725/18723, time remaining: 9m 27s
Rendered 3726/18723, time remaining: 9m 26s
Rendered 3727/18723, time remaining: 9m 27s
Rendered 3728/18723, time remaining: 9m 27s
Rendered 3729/18723, time remaining: 9m 8s
Rendered 3730/18723, time remaining: 9m 14s
Rendered 3731/18723, time remaining: 9m 14s
Rendered 3732/18723, time remaining: 9m 26s
Rendered 3733/18723, time remaining: 9m 25s
Rendered 3734/18723, time remaining: 9m 21s
Rendered 3735/18723, time remaining: 9m 28s
Rendered 3736/18723, time remaining: 9m 29s
Rendered 3737/18723, time remaining: 9m 8s
Rendered 3738/18723, time remaining: 9m 17s
Rendered 3739/18723, time remaining: 9m 17s
Rendered 3740/18723, time remaining: 9m 25s
Rendered 3741/18723, time remaining: 9m 23s
Rendered 3742/18723, time remaining: 9m 23s
Rendered 3743/18723, time remaining: 9m 23s
Rendered 3744/18723, time remaining: 9m 25s
Rendered 3745/18723, time remaining: 9m 11s
Rendered 3746/18723, time remaining: 9m 19s
Rendered 3747/18723, time remaining: 9m 19s
Rendered 3748/18723, time remaining: 9m 18s
Rendered 3749/18723, time remaining: 9m 18s
Rendered 3750/18723, time remaining: 9m 23s
Rendered 3751/18723, time remaining: 9m 28s
Rendered 3752/18723, time remaining: 9m 28s
Rendered 3753/18723, time remaining: 9m 13s
Rendered 3754/18723, time remaining: 9m 12s
Rendered 3755/18723, time remaining: 9m 14s
Rendered 3756/18723, time remaining: 9m 26s
Rendered 3757/18723, time remaining: 9m 33s
Rendered 3758/18723, time remaining: 9m 33s
Rendered 3759/18723, time remaining: 9m 33s
Rendered 3760/18723, time remaining: 9m 34s
Rendered 3761/18723, time remaining: 9m 15s
Rendered 3762/18723, time remaining: 9m 21s
Rendered 3763/18723, time remaining: 9m 20s
Rendered 3764/18723, time remaining: 9m 20s
Rendered 3765/18723, time remaining: 9m 31s
Rendered 3766/18723, time remaining: 9m 21s
Rendered 3767/18723, time remaining: 9m 26s
Rendered 3768/18723, time remaining: 9m 59s
Rendered 3769/18723, time remaining: 9m 50s
Rendered 3770/18723, time remaining: 9m 50s
Rendered 3771/18723, time remaining: 9m 51s
Rendered 3772/18723, time remaining: 9m 46s
Rendered 3773/18723, time remaining: 9m 47s
Rendered 3774/18723, time remaining: 9m 51s
Rendered 3775/18723, time remaining: 10m 4s
Rendered 3776/18723, time remaining: 10m 3s
Rendered 3777/18723, time remaining: 10m 9s
Rendered 3778/18723, time remaining: 10m 8s
Rendered 3779/18723, time remaining: 10m 8s
Rendered 3780/18723, time remaining: 10m 10s
Rendered 3781/18723, time remaining: 10m 9s
Rendered 3782/18723, time remaining: 10m 12s
Rendered 3783/18723, time remaining: 10m 10s
Rendered 3784/18723, time remaining: 10m 8s
Rendered 3785/18723, time remaining: 10m 8s
Rendered 3786/18723, time remaining: 10m 7s
Rendered 3787/18723, time remaining: 10m 10s
Rendered 3788/18723, time remaining: 10m 13s
Rendered 3789/18723, time remaining: 10m 14s
Rendered 3790/18723, time remaining: 10m 6s
Rendered 3791/18723, time remaining: 10m 2s
Rendered 3792/18723, time remaining: 10m 7s
Rendered 3793/18723, time remaining: 10m 35s
Rendered 3794/18723, time remaining: 10m 33s
Rendered 3795/18723, time remaining: 10m 27s
Rendered 3796/18723, time remaining: 10m 29s
Rendered 3797/18723, time remaining: 10m 29s
Rendered 3798/18723, time remaining: 10m 31s
Rendered 3799/18723, time remaining: 10m 54s
Rendered 3800/18723, time remaining: 10m 51s
Rendered 3801/18723, time remaining: 10m 54s
Rendered 3802/18723, time remaining: 10m 55s
Rendered 3803/18723, time remaining: 10m 49s
Rendered 3804/18723, time remaining: 10m 49s
Rendered 3805/18723, time remaining: 10m 48s
Rendered 3806/18723, time remaining: 11m 2s
Rendered 3807/18723, time remaining: 11m 3s
Rendered 3808/18723, time remaining: 11m 34s
Rendered 3809/18723, time remaining: 11m 34s
Rendered 3810/18723, time remaining: 11m 31s
Rendered 3811/18723, time remaining: 11m 18s
Rendered 3812/18723, time remaining: 11m 18s
Rendered 3813/18723, time remaining: 11m 27s
Rendered 3814/18723, time remaining: 11m 24s
Rendered 3815/18723, time remaining: 11m 26s
Rendered 3816/18723, time remaining: 11m 45s
Rendered 3817/18723, time remaining: 11m 45s
Rendered 3818/18723, time remaining: 11m 44s
Rendered 3819/18723, time remaining: 11m 26s
Rendered 3820/18723, time remaining: 11m 25s
Rendered 3821/18723, time remaining: 11m 30s
Rendered 3822/18723, time remaining: 11m 43s
Rendered 3823/18723, time remaining: 11m 47s
Rendered 3824/18723, time remaining: 11m 47s
Rendered 3825/18723, time remaining: 11m 47s
Rendered 3826/18723, time remaining: 11m 41s
Rendered 3827/18723, time remaining: 11m 38s
Rendered 3828/18723, time remaining: 11m 39s
Rendered 3829/18723, time remaining: 11m 48s
Rendered 3830/18723, time remaining: 11m 35s
Rendered 3831/18723, time remaining: 11m 39s
Rendered 3832/18723, time remaining: 11m 39s
Rendered 3833/18723, time remaining: 11m 40s
Rendered 3834/18723, time remaining: 11m 39s
Rendered 3835/18723, time remaining: 11m 37s
Rendered 3836/18723, time remaining: 11m 38s
Rendered 3837/18723, time remaining: 11m 36s
Rendered 3838/18723, time remaining: 11m 24s
Rendered 3839/18723, time remaining: 11m 22s
Rendered 3840/18723, time remaining: 11m 23s
Rendered 3841/18723, time remaining: 11m 22s
Rendered 3842/18723, time remaining: 11m 18s
Rendered 3843/18723, time remaining: 11m 10s
Rendered 3844/18723, time remaining: 11m 12s
Rendered 3845/18723, time remaining: 11m 7s
Rendered 3846/18723, time remaining: 11m 7s
Rendered 3847/18723, time remaining: 11m 6s
Rendered 3848/18723, time remaining: 11m 12s
Rendered 3849/18723, time remaining: 11m 31s
Rendered 3850/18723, time remaining: 11m 17s
Rendered 3851/18723, time remaining: 11m 18s
Rendered 3852/18723, time remaining: 11m 15s
Rendered 3853/18723, time remaining: 11m 23s
Rendered 3854/18723, time remaining: 11m 17s
Rendered 3855/18723, time remaining: 11m 16s
Rendered 3856/18723, time remaining: 11m 21s
Rendered 3857/18723, time remaining: 11m 26s
Rendered 3858/18723, time remaining: 11m 28s
Rendered 3859/18723, time remaining: 11m 28s
Rendered 3860/18723, time remaining: 11m 23s
Rendered 3861/18723, time remaining: 11m 28s
Rendered 3862/18723, time remaining: 11m 21s
Rendered 3863/18723, time remaining: 11m 28s
Rendered 3864/18723, time remaining: 11m 28s
Rendered 3865/18723, time remaining: 11m 30s
Rendered 3866/18723, time remaining: 11m 28s
Rendered 3867/18723, time remaining: 11m 32s
Rendered 3868/18723, time remaining: 11m 27s
Rendered 3869/18723, time remaining: 11m 34s
Rendered 3870/18723, time remaining: 11m 47s
Rendered 3871/18723, time remaining: 11m 47s
Rendered 3872/18723, time remaining: 11m 45s
Rendered 3873/18723, time remaining: 11m 40s
Rendered 3874/18723, time remaining: 12m 4s
Rendered 3875/18723, time remaining: 12m 4s
Rendered 3876/18723, time remaining: 12m 3s
Rendered 3877/18723, time remaining: 12m 15s
Rendered 3878/18723, time remaining: 12m 15s
Rendered 3879/18723, time remaining: 12m 20s
Rendered 3880/18723, time remaining: 12m 11s
Rendered 3881/18723, time remaining: 12m 17s
Rendered 3882/18723, time remaining: 12m 7s
Rendered 3883/18723, time remaining: 12m 7s
Rendered 3884/18723, time remaining: 12m 13s
Rendered 3885/18723, time remaining: 12m 8s
Rendered 3886/18723, time remaining: 12m 23s
Rendered 3887/18723, time remaining: 12m 24s
Rendered 3888/18723, time remaining: 12m 15s
Rendered 3889/18723, time remaining: 12m 16s
Rendered 3890/18723, time remaining: 12m 10s
Rendered 3891/18723, time remaining: 12m 18s
Rendered 3892/18723, time remaining: 12m 12s
Rendered 3893/18723, time remaining: 12m 12s
Rendered 3894/18723, time remaining: 12m 38s
Rendered 3895/18723, time remaining: 12m 38s
Rendered 3896/18723, time remaining: 12m 30s
Rendered 3897/18723, time remaining: 12m 29s
Rendered 3898/18723, time remaining: 12m 26s
Rendered 3899/18723, time remaining: 12m 26s
Rendered 3900/18723, time remaining: 12m 22s
Rendered 3901/18723, time remaining: 12m 30s
Rendered 3902/18723, time remaining: 12m 46s
Rendered 3903/18723, time remaining: 12m 46s
Rendered 3904/18723, time remaining: 12m 50s
Rendered 3905/18723, time remaining: 12m 47s
Rendered 3906/18723, time remaining: 12m 34s
Rendered 3907/18723, time remaining: 12m 24s
Rendered 3908/18723, time remaining: 12m 25s
Rendered 3909/18723, time remaining: 12m 32s
Rendered 3910/18723, time remaining: 12m 38s
Rendered 3911/18723, time remaining: 12m 42s
Rendered 3912/18723, time remaining: 12m 42s
Rendered 3913/18723, time remaining: 12m 44s
Rendered 3914/18723, time remaining: 12m 44s
Rendered 3915/18723, time remaining: 12m 31s
Rendered 3916/18723, time remaining: 12m 32s
Rendered 3917/18723, time remaining: 12m 37s
Rendered 3918/18723, time remaining: 12m 43s
Rendered 3919/18723, time remaining: 12m 40s
Rendered 3920/18723, time remaining: 12m 40s
Rendered 3921/18723, time remaining: 12m 40s
Rendered 3922/18723, time remaining: 12m 39s
Rendered 3923/18723, time remaining: 12m 39s
Rendered 3924/18723, time remaining: 12m 34s
Rendered 3925/18723, time remaining: 12m 20s
Rendered 3926/18723, time remaining: 12m 39s
Rendered 3927/18723, time remaining: 12m 35s
Rendered 3928/18723, time remaining: 12m 35s
Rendered 3929/18723, time remaining: 12m 34s
Rendered 3930/18723, time remaining: 12m 31s
Rendered 3931/18723, time remaining: 12m 32s
Rendered 3932/18723, time remaining: 12m 20s
Rendered 3933/18723, time remaining: 12m 20s
Rendered 3934/18723, time remaining: 12m 41s
Rendered 3935/18723, time remaining: 12m 41s
Rendered 3936/18723, time remaining: 12m 39s
Rendered 3937/18723, time remaining: 12m 33s
Rendered 3938/18723, time remaining: 12m 30s
Rendered 3939/18723, time remaining: 12m 23s
Rendered 3940/18723, time remaining: 12m 23s
Rendered 3941/18723, time remaining: 12m 30s
Rendered 3942/18723, time remaining: 12m 37s
Rendered 3943/18723, time remaining: 12m 17s
Rendered 3944/18723, time remaining: 12m 17s
Rendered 3945/18723, time remaining: 12m 15s
Rendered 3946/18723, time remaining: 12m 14s
Rendered 3947/18723, time remaining: 12m 24s
Rendered 3948/18723, time remaining: 12m 11s
Rendered 3949/18723, time remaining: 11m 47s
Rendered 3950/18723, time remaining: 11m 52s
Rendered 3951/18723, time remaining: 11m 50s
Rendered 3952/18723, time remaining: 12m 1s
Rendered 3953/18723, time remaining: 11m 53s
Rendered 3954/18723, time remaining: 11m 52s
Rendered 3955/18723, time remaining: 11m 52s
Rendered 3956/18723, time remaining: 11m 39s
Rendered 3957/18723, time remaining: 11m 38s
Rendered 3958/18723, time remaining: 11m 9s
Rendered 3959/18723, time remaining: 11m 12s
Rendered 3960/18723, time remaining: 11m 26s
Rendered 3961/18723, time remaining: 11m 23s
Rendered 3962/18723, time remaining: 11m 23s
Rendered 3963/18723, time remaining: 11m 12s
Rendered 3964/18723, time remaining: 11m 9s
Rendered 3965/18723, time remaining: 11m 10s
Rendered 3966/18723, time remaining: 10m 56s
Rendered 3967/18723, time remaining: 10m 59s
Rendered 3968/18723, time remaining: 11m 14s
Rendered 3969/18723, time remaining: 11m 15s
Rendered 3970/18723, time remaining: 11m 19s
Rendered 3971/18723, time remaining: 11m 17s
Rendered 3972/18723, time remaining: 11m 3s
Rendered 3973/18723, time remaining: 10m 54s
Rendered 3974/18723, time remaining: 11m 1s
Rendered 3975/18723, time remaining: 11m 3s
Rendered 3976/18723, time remaining: 11m 13s
Rendered 3977/18723, time remaining: 11m 10s
Rendered 3978/18723, time remaining: 11m 15s
Rendered 3979/18723, time remaining: 11m 6s
Rendered 3980/18723, time remaining: 11m 7s
Rendered 3981/18723, time remaining: 11m 3s
Rendered 3982/18723, time remaining: 11m 4s
Rendered 3983/18723, time remaining: 11m 10s
Rendered 3984/18723, time remaining: 11m 15s
Rendered 3985/18723, time remaining: 11m 21s
Rendered 3986/18723, time remaining: 11m 25s
Rendered 3987/18723, time remaining: 11m 24s
Rendered 3988/18723, time remaining: 11m 24s
Rendered 3989/18723, time remaining: 11m 24s
Rendered 3990/18723, time remaining: 11m 24s
Rendered 3991/18723, time remaining: 11m 25s
Rendered 3992/18723, time remaining: 11m 27s
Rendered 3993/18723, time remaining: 11m 43s
Rendered 3994/18723, time remaining: 11m 45s
Rendered 3995/18723, time remaining: 11m 45s
Rendered 3996/18723, time remaining: 11m 44s
Rendered 3997/18723, time remaining: 11m 44s
Rendered 3998/18723, time remaining: 11m 37s
Rendered 3999/18723, time remaining: 11m 27s
Rendered 4000/18723, time remaining: 11m 28s
Rendered 4001/18723, time remaining: 11m 38s
Rendered 4002/18723, time remaining: 11m 38s
Rendered 4003/18723, time remaining: 11m 34s
Rendered 4004/18723, time remaining: 11m 34s
Rendered 4005/18723, time remaining: 11m 39s
Rendered 4006/18723, time remaining: 11m 33s
Rendered 4007/18723, time remaining: 11m 33s
Rendered 4008/18723, time remaining: 11m 22s
Rendered 4009/18723, time remaining: 11m 22s
Rendered 4010/18723, time remaining: 11m 26s
Rendered 4011/18723, time remaining: 11m 24s
Rendered 4012/18723, time remaining: 11m 24s
Rendered 4013/18723, time remaining: 11m 26s
Rendered 4014/18723, time remaining: 11m 27s
Rendered 4015/18723, time remaining: 11m 28s
Rendered 4016/18723, time remaining: 11m 19s
Rendered 4017/18723, time remaining: 11m 15s
Rendered 4018/18723, time remaining: 11m 19s
Rendered 4019/18723, time remaining: 11m 12s
Rendered 4020/18723, time remaining: 11m 4s
Rendered 4021/18723, time remaining: 11m 5s
Rendered 4022/18723, time remaining: 11m 5s
Rendered 4023/18723, time remaining: 11m 14s
Rendered 4024/18723, time remaining: 10m 42s
Rendered 4025/18723, time remaining: 10m 44s
Rendered 4026/18723, time remaining: 10m 44s
Rendered 4027/18723, time remaining: 10m 32s
Rendered 4028/18723, time remaining: 10m 32s
Rendered 4029/18723, time remaining: 10m 26s
Rendered 4030/18723, time remaining: 10m 28s
Rendered 4031/18723, time remaining: 10m 44s
Rendered 4032/18723, time remaining: 10m 44s
Rendered 4033/18723, time remaining: 10m 52s
Rendered 4034/18723, time remaining: 10m 44s
Rendered 4035/18723, time remaining: 10m 42s
Rendered 4036/18723, time remaining: 10m 26s
Rendered 4037/18723, time remaining: 10m 33s
Rendered 4038/18723, time remaining: 10m 35s
Rendered 4039/18723, time remaining: 10m 49s
Rendered 4040/18723, time remaining: 10m 48s
Rendered 4041/18723, time remaining: 10m 40s
Rendered 4042/18723, time remaining: 10m 40s
Rendered 4043/18723, time remaining: 10m 43s
Rendered 4044/18723, time remaining: 10m 14s
Rendered 4045/18723, time remaining: 10m 25s
Rendered 4046/18723, time remaining: 10m 24s
Rendered 4047/18723, time remaining: 10m 37s
Rendered 4048/18723, time remaining: 10m 43s
Rendered 4049/18723, time remaining: 10m 43s
Rendered 4050/18723, time remaining: 10m 49s
Rendered 4051/18723, time remaining: 10m 32s
Rendered 4052/18723, time remaining: 10m 16s
Rendered 4053/18723, time remaining: 10m 16s
Rendered 4054/18723, time remaining: 10m 12s
Rendered 4055/18723, time remaining: 10m 24s
Rendered 4056/18723, time remaining: 10m 33s
Rendered 4057/18723, time remaining: 10m 35s
Rendered 4058/18723, time remaining: 10m 41s
Rendered 4059/18723, time remaining: 10m 32s
Rendered 4060/18723, time remaining: 10m 25s
Rendered 4061/18723, time remaining: 10m 21s
Rendered 4062/18723, time remaining: 10m 15s
Rendered 4063/18723, time remaining: 10m 24s
Rendered 4064/18723, time remaining: 10m 24s
Rendered 4065/18723, time remaining: 10m 36s
Rendered 4066/18723, time remaining: 10m 44s
Rendered 4067/18723, time remaining: 10m 34s
Rendered 4068/18723, time remaining: 9m 55s
Rendered 4069/18723, time remaining: 9m 54s
Rendered 4070/18723, time remaining: 9m 55s
Rendered 4071/18723, time remaining: 10m 0s
Rendered 4072/18723, time remaining: 10m 1s
Rendered 4073/18723, time remaining: 10m 14s
Rendered 4074/18723, time remaining: 10m 1s
Rendered 4075/18723, time remaining: 10m 0s
Rendered 4076/18723, time remaining: 9m 42s
Rendered 4077/18723, time remaining: 9m 41s
Rendered 4078/18723, time remaining: 9m 43s
Rendered 4079/18723, time remaining: 9m 58s
Rendered 4080/18723, time remaining: 9m 57s
Rendered 4081/18723, time remaining: 9m 58s
Rendered 4082/18723, time remaining: 9m 51s
Rendered 4083/18723, time remaining: 9m 51s
Rendered 4084/18723, time remaining: 9m 30s
Rendered 4085/18723, time remaining: 9m 36s
Rendered 4086/18723, time remaining: 9m 43s
Rendered 4087/18723, time remaining: 9m 50s
Rendered 4088/18723, time remaining: 9m 50s
Rendered 4089/18723, time remaining: 9m 52s
Rendered 4090/18723, time remaining: 9m 53s
Rendered 4091/18723, time remaining: 9m 46s
Rendered 4092/18723, time remaining: 9m 40s
Rendered 4093/18723, time remaining: 9m 33s
Rendered 4094/18723, time remaining: 9m 33s
Rendered 4095/18723, time remaining: 9m 44s
Rendered 4096/18723, time remaining: 9m 46s
Rendered 4097/18723, time remaining: 9m 35s
Rendered 4098/18723, time remaining: 9m 47s
Rendered 4099/18723, time remaining: 9m 47s
Rendered 4100/18723, time remaining: 9m 42s
Rendered 4101/18723, time remaining: 9m 42s
Rendered 4102/18723, time remaining: 9m 30s
Rendered 4103/18723, time remaining: 9m 32s
Rendered 4104/18723, time remaining: 9m 32s
Rendered 4105/18723, time remaining: 9m 37s
Rendered 4106/18723, time remaining: 9m 46s
Rendered 4107/18723, time remaining: 9m 43s
Rendered 4108/18723, time remaining: 9m 51s
Rendered 4109/18723, time remaining: 9m 58s
Rendered 4110/18723, time remaining: 9m 44s
Rendered 4111/18723, time remaining: 9m 41s
Rendered 4112/18723, time remaining: 9m 43s
Rendered 4113/18723, time remaining: 9m 50s
Rendered 4114/18723, time remaining: 9m 50s
Rendered 4115/18723, time remaining: 9m 48s
Rendered 4116/18723, time remaining: 9m 48s
Rendered 4117/18723, time remaining: 9m 58s
Rendered 4118/18723, time remaining: 9m 47s
Rendered 4119/18723, time remaining: 9m 47s
Rendered 4120/18723, time remaining: 9m 43s
Rendered 4121/18723, time remaining: 9m 39s
Rendered 4122/18723, time remaining: 9m 41s
Rendered 4123/18723, time remaining: 9m 51s
Rendered 4124/18723, time remaining: 9m 44s
Rendered 4125/18723, time remaining: 9m 53s
Rendered 4126/18723, time remaining: 9m 46s
Rendered 4127/18723, time remaining: 9m 46s
Rendered 4128/18723, time remaining: 9m 40s
Rendered 4129/18723, time remaining: 9m 40s
Rendered 4130/18723, time remaining: 9m 50s
Rendered 4131/18723, time remaining: 9m 50s
Rendered 4132/18723, time remaining: 9m 55s
Rendered 4133/18723, time remaining: 9m 49s
Rendered 4134/18723, time remaining: 9m 48s
Rendered 4135/18723, time remaining: 9m 41s
Rendered 4136/18723, time remaining: 9m 36s
Rendered 4137/18723, time remaining: 9m 37s
Rendered 4138/18723, time remaining: 9m 46s
Rendered 4139/18723, time remaining: 9m 45s
Rendered 4140/18723, time remaining: 9m 56s
Rendered 4141/18723, time remaining: 9m 59s
Rendered 4142/18723, time remaining: 9m 56s
Rendered 4143/18723, time remaining: 9m 41s
Rendered 4144/18723, time remaining: 9m 44s
Rendered 4145/18723, time remaining: 9m 43s
Rendered 4146/18723, time remaining: 9m 43s
Rendered 4147/18723, time remaining: 9m 43s
Rendered 4148/18723, time remaining: 9m 51s
Rendered 4149/18723, time remaining: 9m 48s
Rendered 4150/18723, time remaining: 9m 50s
Rendered 4151/18723, time remaining: 9m 41s
Rendered 4152/18723, time remaining: 9m 42s
Rendered 4153/18723, time remaining: 9m 38s
Rendered 4154/18723, time remaining: 9m 40s
Rendered 4155/18723, time remaining: 9m 35s
Rendered 4156/18723, time remaining: 9m 48s
Rendered 4157/18723, time remaining: 9m 54s
Rendered 4158/18723, time remaining: 9m 53s
Rendered 4159/18723, time remaining: 9m 53s
Rendered 4160/18723, time remaining: 9m 49s
Rendered 4161/18723, time remaining: 9m 46s
Rendered 4162/18723, time remaining: 9m 47s
Rendered 4163/18723, time remaining: 9m 48s
Rendered 4164/18723, time remaining: 9m 49s
Rendered 4165/18723, time remaining: 9m 57s
Rendered 4166/18723, time remaining: 10m 1s
Rendered 4167/18723, time remaining: 10m 3s
Rendered 4168/18723, time remaining: 9m 59s
Rendered 4169/18723, time remaining: 9m 59s
Rendered 4170/18723, time remaining: 9m 54s
Rendered 4171/18723, time remaining: 9m 52s
Rendered 4172/18723, time remaining: 10m 2s
Rendered 4173/18723, time remaining: 10m 1s
Rendered 4174/18723, time remaining: 9m 58s
Rendered 4175/18723, time remaining: 10m 4s
Rendered 4176/18723, time remaining: 10m 2s
Rendered 4177/18723, time remaining: 10m 1s
Rendered 4178/18723, time remaining: 10m 3s
Rendered 4179/18723, time remaining: 10m 2s
Rendered 4180/18723, time remaining: 10m 0s
Rendered 4181/18723, time remaining: 9m 59s
Rendered 4182/18723, time remaining: 9m 57s
Rendered 4183/18723, time remaining: 9m 52s
Rendered 4184/18723, time remaining: 9m 56s
Rendered 4185/18723, time remaining: 9m 56s
Rendered 4186/18723, time remaining: 9m 55s
Rendered 4187/18723, time remaining: 9m 49s
Rendered 4188/18723, time remaining: 9m 53s
Rendered 4189/18723, time remaining: 9m 44s
Rendered 4190/18723, time remaining: 9m 49s
Rendered 4191/18723, time remaining: 9m 52s
Rendered 4192/18723, time remaining: 10m 1s
Rendered 4193/18723, time remaining: 9m 59s
Rendered 4194/18723, time remaining: 9m 59s
Rendered 4195/18723, time remaining: 9m 47s
Rendered 4196/18723, time remaining: 9m 48s
Rendered 4197/18723, time remaining: 9m 46s
Rendered 4198/18723, time remaining: 9m 41s
Rendered 4199/18723, time remaining: 9m 50s
Rendered 4200/18723, time remaining: 9m 51s
Rendered 4201/18723, time remaining: 9m 56s
Rendered 4202/18723, time remaining: 9m 55s
Rendered 4203/18723, time remaining: 9m 54s
Rendered 4204/18723, time remaining: 9m 54s
Rendered 4205/18723, time remaining: 9m 48s
Rendered 4206/18723, time remaining: 9m 41s
Rendered 4207/18723, time remaining: 9m 53s
Rendered 4208/18723, time remaining: 9m 45s
Rendered 4209/18723, time remaining: 9m 52s
Rendered 4210/18723, time remaining: 9m 52s
Rendered 4211/18723, time remaining: 9m 52s
Rendered 4212/18723, time remaining: 9m 52s
Rendered 4213/18723, time remaining: 9m 41s
Rendered 4214/18723, time remaining: 9m 53s
Rendered 4215/18723, time remaining: 9m 43s
Rendered 4216/18723, time remaining: 9m 39s
Rendered 4217/18723, time remaining: 9m 48s
Rendered 4218/18723, time remaining: 9m 49s
Rendered 4219/18723, time remaining: 9m 53s
Rendered 4220/18723, time remaining: 9m 57s
Rendered 4221/18723, time remaining: 9m 52s
Rendered 4222/18723, time remaining: 9m 52s
Rendered 4223/18723, time remaining: 9m 54s
Rendered 4224/18723, time remaining: 9m 54s
Rendered 4225/18723, time remaining: 9m 54s
Rendered 4226/18723, time remaining: 9m 56s
Rendered 4227/18723, time remaining: 9m 54s
Rendered 4228/18723, time remaining: 9m 52s
Rendered 4229/18723, time remaining: 9m 38s
Rendered 4230/18723, time remaining: 9m 54s
Rendered 4231/18723, time remaining: 9m 59s
Rendered 4232/18723, time remaining: 9m 56s
Rendered 4233/18723, time remaining: 9m 55s
Rendered 4234/18723, time remaining: 9m 55s
Rendered 4235/18723, time remaining: 9m 52s
Rendered 4236/18723, time remaining: 9m 50s
Rendered 4237/18723, time remaining: 9m 43s
Rendered 4238/18723, time remaining: 9m 56s
Rendered 4239/18723, time remaining: 9m 53s
Rendered 4240/18723, time remaining: 9m 52s
Rendered 4241/18723, time remaining: 9m 58s
Rendered 4242/18723, time remaining: 9m 55s
Rendered 4243/18723, time remaining: 10m 4s
Rendered 4244/18723, time remaining: 10m 4s
Rendered 4245/18723, time remaining: 9m 56s
Rendered 4246/18723, time remaining: 9m 59s
Rendered 4247/18723, time remaining: 9m 59s
Rendered 4248/18723, time remaining: 9m 45s
Rendered 4249/18723, time remaining: 9m 51s
Rendered 4250/18723, time remaining: 10m 0s
Rendered 4251/18723, time remaining: 10m 7s
Rendered 4252/18723, time remaining: 10m 6s
Rendered 4253/18723, time remaining: 10m 4s
Rendered 4254/18723, time remaining: 10m 4s
Rendered 4255/18723, time remaining: 10m 8s
Rendered 4256/18723, time remaining: 10m 7s
Rendered 4257/18723, time remaining: 10m 6s
Rendered 4258/18723, time remaining: 9m 57s
Rendered 4259/18723, time remaining: 9m 50s
Rendered 4260/18723, time remaining: 9m 54s
Rendered 4261/18723, time remaining: 9m 55s
Rendered 4262/18723, time remaining: 10m 2s
Rendered 4263/18723, time remaining: 10m 4s
Rendered 4264/18723, time remaining: 10m 4s
Rendered 4265/18723, time remaining: 10m 4s
Rendered 4266/18723, time remaining: 9m 59s
Rendered 4267/18723, time remaining: 9m 56s
Rendered 4268/18723, time remaining: 9m 51s
Rendered 4269/18723, time remaining: 9m 51s
Rendered 4270/18723, time remaining: 10m 2s
Rendered 4271/18723, time remaining: 10m 7s
Rendered 4272/18723, time remaining: 10m 5s
Rendered 4273/18723, time remaining: 9m 55s
Rendered 4274/18723, time remaining: 10m 2s
Rendered 4275/18723, time remaining: 9m 56s
Rendered 4276/18723, time remaining: 9m 55s
Rendered 4277/18723, time remaining: 9m 55s
Rendered 4278/18723, time remaining: 9m 56s
Rendered 4279/18723, time remaining: 10m 7s
Rendered 4280/18723, time remaining: 9m 57s
Rendered 4281/18723, time remaining: 10m 0s
Rendered 4282/18723, time remaining: 10m 0s
Rendered 4283/18723, time remaining: 9m 59s
Rendered 4284/18723, time remaining: 10m 5s
Rendered 4285/18723, time remaining: 10m 9s
Rendered 4286/18723, time remaining: 10m 12s
Rendered 4287/18723, time remaining: 10m 11s
Rendered 4288/18723, time remaining: 10m 14s
Rendered 4289/18723, time remaining: 10m 21s
Rendered 4290/18723, time remaining: 10m 10s
Rendered 4291/18723, time remaining: 10m 4s
Rendered 4292/18723, time remaining: 10m 22s
Rendered 4293/18723, time remaining: 10m 28s
Rendered 4294/18723, time remaining: 10m 25s
Rendered 4295/18723, time remaining: 10m 25s
Rendered 4296/18723, time remaining: 10m 26s
Rendered 4297/18723, time remaining: 10m 26s
Rendered 4298/18723, time remaining: 10m 16s
Rendered 4299/18723, time remaining: 10m 18s
Rendered 4300/18723, time remaining: 10m 18s
Rendered 4301/18723, time remaining: 10m 30s
Rendered 4302/18723, time remaining: 10m 29s
Rendered 4303/18723, time remaining: 10m 37s
Rendered 4304/18723, time remaining: 10m 37s
Rendered 4305/18723, time remaining: 10m 36s
Rendered 4306/18723, time remaining: 10m 20s
Rendered 4307/18723, time remaining: 10m 8s
Rendered 4308/18723, time remaining: 10m 20s
Rendered 4309/18723, time remaining: 10m 33s
Rendered 4310/18723, time remaining: 10m 33s
Rendered 4311/18723, time remaining: 10m 32s
Rendered 4312/18723, time remaining: 10m 31s
Rendered 4313/18723, time remaining: 10m 31s
Rendered 4314/18723, time remaining: 10m 37s
Rendered 4315/18723, time remaining: 10m 21s
Rendered 4316/18723, time remaining: 10m 17s
Rendered 4317/18723, time remaining: 10m 14s
Rendered 4318/18723, time remaining: 10m 24s
Rendered 4319/18723, time remaining: 10m 24s
Rendered 4320/18723, time remaining: 10m 30s
Rendered 4321/18723, time remaining: 10m 34s
Rendered 4322/18723, time remaining: 10m 24s
Rendered 4323/18723, time remaining: 10m 12s
Rendered 4324/18723, time remaining: 10m 13s
Rendered 4325/18723, time remaining: 10m 14s
Rendered 4326/18723, time remaining: 10m 29s
Rendered 4327/18723, time remaining: 10m 29s
Rendered 4328/18723, time remaining: 10m 26s
Rendered 4329/18723, time remaining: 10m 36s
Rendered 4330/18723, time remaining: 10m 36s
Rendered 4331/18723, time remaining: 10m 16s
Rendered 4332/18723, time remaining: 10m 17s
Rendered 4333/18723, time remaining: 10m 15s
Rendered 4334/18723, time remaining: 10m 11s
Rendered 4335/18723, time remaining: 10m 22s
Rendered 4336/18723, time remaining: 10m 24s
Rendered 4337/18723, time remaining: 10m 39s
Rendered 4338/18723, time remaining: 10m 38s
Rendered 4339/18723, time remaining: 10m 32s
Rendered 4340/18723, time remaining: 10m 26s
Rendered 4341/18723, time remaining: 10m 23s
Rendered 4342/18723, time remaining: 10m 14s
Rendered 4343/18723, time remaining: 10m 15s
Rendered 4344/18723, time remaining: 10m 32s
Rendered 4345/18723, time remaining: 10m 33s
Rendered 4346/18723, time remaining: 10m 37s
Rendered 4347/18723, time remaining: 10m 26s
Rendered 4348/18723, time remaining: 10m 26s
Rendered 4349/18723, time remaining: 10m 18s
Rendered 4350/18723, time remaining: 10m 20s
Rendered 4351/18723, time remaining: 10m 17s
Rendered 4352/18723, time remaining: 10m 30s
Rendered 4353/18723, time remaining: 10m 31s
Rendered 4354/18723, time remaining: 10m 30s
Rendered 4355/18723, time remaining: 10m 25s
Rendered 4356/18723, time remaining: 10m 23s
Rendered 4357/18723, time remaining: 10m 12s
Rendered 4358/18723, time remaining: 10m 20s
Rendered 4359/18723, time remaining: 10m 14s
Rendered 4360/18723, time remaining: 10m 32s
Rendered 4361/18723, time remaining: 10m 31s
Rendered 4362/18723, time remaining: 10m 30s
Rendered 4363/18723, time remaining: 10m 31s
Rendered 4364/18723, time remaining: 10m 19s
Rendered 4365/18723, time remaining: 10m 18s
Rendered 4366/18723, time remaining: 10m 22s
Rendered 4367/18723, time remaining: 10m 17s
Rendered 4368/18723, time remaining: 10m 31s
Rendered 4369/18723, time remaining: 10m 27s
Rendered 4370/18723, time remaining: 10m 22s
Rendered 4371/18723, time remaining: 10m 22s
Rendered 4372/18723, time remaining: 10m 22s
Rendered 4373/18723, time remaining: 10m 8s
Rendered 4374/18723, time remaining: 10m 20s
Rendered 4375/18723, time remaining: 10m 31s
Rendered 4376/18723, time remaining: 10m 29s
Rendered 4377/18723, time remaining: 10m 29s
Rendered 4378/18723, time remaining: 10m 29s
Rendered 4379/18723, time remaining: 10m 29s
Rendered 4380/18723, time remaining: 10m 27s
Rendered 4381/18723, time remaining: 10m 20s
Rendered 4382/18723, time remaining: 10m 20s
Rendered 4383/18723, time remaining: 10m 31s
Rendered 4384/18723, time remaining: 10m 32s
Rendered 4385/18723, time remaining: 10m 30s
Rendered 4386/18723, time remaining: 10m 34s
Rendered 4387/18723, time remaining: 10m 34s
Rendered 4388/18723, time remaining: 10m 20s
Rendered 4389/18723, time remaining: 10m 20s
Rendered 4390/18723, time remaining: 10m 19s
Rendered 4391/18723, time remaining: 10m 32s
Rendered 4392/18723, time remaining: 10m 29s
Rendered 4393/18723, time remaining: 10m 19s
Rendered 4394/18723, time remaining: 10m 19s
Rendered 4395/18723, time remaining: 10m 18s
Rendered 4396/18723, time remaining: 10m 22s
Rendered 4397/18723, time remaining: 10m 22s
Rendered 4398/18723, time remaining: 10m 22s
Rendered 4399/18723, time remaining: 10m 36s
Rendered 4400/18723, time remaining: 10m 26s
Rendered 4401/18723, time remaining: 10m 18s
Rendered 4402/18723, time remaining: 10m 17s
Rendered 4403/18723, time remaining: 10m 18s
Rendered 4404/18723, time remaining: 10m 21s
Rendered 4405/18723, time remaining: 10m 17s
Rendered 4406/18723, time remaining: 10m 8s
Rendered 4407/18723, time remaining: 10m 27s
Rendered 4408/18723, time remaining: 10m 28s
Rendered 4409/18723, time remaining: 10m 25s
Rendered 4410/18723, time remaining: 10m 22s
Rendered 4411/18723, time remaining: 10m 29s
Rendered 4412/18723, time remaining: 10m 20s
Rendered 4413/18723, time remaining: 10m 11s
Rendered 4414/18723, time remaining: 10m 10s
Rendered 4415/18723, time remaining: 10m 25s
Rendered 4416/18723, time remaining: 10m 25s
Rendered 4417/18723, time remaining: 10m 20s
Rendered 4418/18723, time remaining: 10m 20s
Rendered 4419/18723, time remaining: 10m 24s
Rendered 4420/18723, time remaining: 10m 13s
Rendered 4421/18723, time remaining: 10m 8s
Rendered 4422/18723, time remaining: 10m 27s
Rendered 4423/18723, time remaining: 10m 28s
Rendered 4424/18723, time remaining: 10m 21s
Rendered 4425/18723, time remaining: 10m 16s
Rendered 4426/18723, time remaining: 10m 11s
Rendered 4427/18723, time remaining: 10m 18s
Rendered 4428/18723, time remaining: 10m 17s
Rendered 4429/18723, time remaining: 10m 6s
Rendered 4430/18723, time remaining: 10m 25s
Rendered 4431/18723, time remaining: 10m 21s
Rendered 4432/18723, time remaining: 10m 15s
Rendered 4433/18723, time remaining: 10m 14s
Rendered 4434/18723, time remaining: 10m 8s
Rendered 4435/18723, time remaining: 10m 6s
Rendered 4436/18723, time remaining: 10m 4s
Rendered 4437/18723, time remaining: 10m 14s
Rendered 4438/18723, time remaining: 10m 9s
Rendered 4439/18723, time remaining: 10m 3s
Rendered 4440/18723, time remaining: 10m 2s
Rendered 4441/18723, time remaining: 10m 5s
Rendered 4442/18723, time remaining: 9m 47s
Rendered 4443/18723, time remaining: 9m 40s
Rendered 4444/18723, time remaining: 9m 44s
Rendered 4445/18723, time remaining: 9m 45s
Rendered 4446/18723, time remaining: 9m 58s
Rendered 4447/18723, time remaining: 9m 59s
Rendered 4448/18723, time remaining: 9m 59s
Rendered 4449/18723, time remaining: 9m 49s
Rendered 4450/18723, time remaining: 9m 47s
Rendered 4451/18723, time remaining: 9m 37s
Rendered 4452/18723, time remaining: 9m 45s
Rendered 4453/18723, time remaining: 9m 42s
Rendered 4454/18723, time remaining: 9m 43s
Rendered 4455/18723, time remaining: 9m 51s
Rendered 4456/18723, time remaining: 9m 52s
Rendered 4457/18723, time remaining: 9m 51s
Rendered 4458/18723, time remaining: 9m 48s
Rendered 4459/18723, time remaining: 9m 36s
Rendered 4460/18723, time remaining: 9m 35s
Rendered 4461/18723, time remaining: 9m 42s
Rendered 4462/18723, time remaining: 9m 52s
Rendered 4463/18723, time remaining: 9m 41s
Rendered 4464/18723, time remaining: 9m 34s
Rendered 4465/18723, time remaining: 9m 34s
Rendered 4466/18723, time remaining: 9m 40s
Rendered 4467/18723, time remaining: 9m 40s
Rendered 4468/18723, time remaining: 9m 32s
Rendered 4469/18723, time remaining: 9m 38s
Rendered 4470/18723, time remaining: 9m 41s
Rendered 4471/18723, time remaining: 9m 37s
Rendered 4472/18723, time remaining: 9m 41s
Rendered 4473/18723, time remaining: 9m 43s
Rendered 4474/18723, time remaining: 9m 42s
Rendered 4475/18723, time remaining: 9m 33s
Rendered 4476/18723, time remaining: 9m 27s
Rendered 4477/18723, time remaining: 9m 35s
Rendered 4478/18723, time remaining: 9m 37s
Rendered 4479/18723, time remaining: 9m 26s
Rendered 4480/18723, time remaining: 9m 28s
Rendered 4481/18723, time remaining: 9m 29s
Rendered 4482/18723, time remaining: 9m 31s
Rendered 4483/18723, time remaining: 9m 34s
Rendered 4484/18723, time remaining: 9m 44s
Rendered 4485/18723, time remaining: 9m 33s
Rendered 4486/18723, time remaining: 9m 37s
Rendered 4487/18723, time remaining: 9m 22s
Rendered 4488/18723, time remaining: 9m 18s
Rendered 4489/18723, time remaining: 9m 23s
Rendered 4490/18723, time remaining: 9m 24s
Rendered 4491/18723, time remaining: 9m 26s
Rendered 4492/18723, time remaining: 9m 37s
Rendered 4493/18723, time remaining: 9m 36s
Rendered 4494/18723, time remaining: 9m 20s
Rendered 4495/18723, time remaining: 9m 19s
Rendered 4496/18723, time remaining: 9m 21s
Rendered 4497/18723, time remaining: 9m 22s
Rendered 4498/18723, time remaining: 9m 22s
Rendered 4499/18723, time remaining: 9m 21s
Rendered 4500/18723, time remaining: 9m 23s
Rendered 4501/18723, time remaining: 9m 28s
Rendered 4502/18723, time remaining: 9m 14s
Rendered 4503/18723, time remaining: 9m 14s
Rendered 4504/18723, time remaining: 9m 15s
Rendered 4505/18723, time remaining: 9m 25s
Rendered 4506/18723, time remaining: 9m 24s
Rendered 4507/18723, time remaining: 9m 23s
Rendered 4508/18723, time remaining: 9m 17s
Rendered 4509/18723, time remaining: 9m 22s
Rendered 4510/18723, time remaining: 9m 4s
Rendered 4511/18723, time remaining: 9m 9s
Rendered 4512/18723, time remaining: 9m 11s
Rendered 4513/18723, time remaining: 9m 15s
Rendered 4514/18723, time remaining: 9m 14s
Rendered 4515/18723, time remaining: 9m 23s
Rendered 4516/18723, time remaining: 9m 24s
Rendered 4517/18723, time remaining: 9m 20s
Rendered 4518/18723, time remaining: 9m 4s
Rendered 4519/18723, time remaining: 9m 11s
Rendered 4520/18723, time remaining: 9m 11s
Rendered 4521/18723, time remaining: 9m 11s
Rendered 4522/18723, time remaining: 9m 10s
Rendered 4523/18723, time remaining: 9m 10s
Rendered 4524/18723, time remaining: 9m 17s
Rendered 4525/18723, time remaining: 9m 6s
Rendered 4526/18723, time remaining: 9m 10s
Rendered 4527/18723, time remaining: 9m 11s
Rendered 4528/18723, time remaining: 9m 11s
Rendered 4529/18723, time remaining: 9m 10s
Rendered 4530/18723, time remaining: 8m 58s
Rendered 4531/18723, time remaining: 9m 4s
Rendered 4532/18723, time remaining: 9m 14s
Rendered 4533/18723, time remaining: 9m 8s
Rendered 4534/18723, time remaining: 9m 7s
Rendered 4535/18723, time remaining: 9m 10s
Rendered 4536/18723, time remaining: 9m 3s
Rendered 4537/18723, time remaining: 9m 3s
Rendered 4538/18723, time remaining: 9m 3s
Rendered 4539/18723, time remaining: 9m 4s
Rendered 4540/18723, time remaining: 9m 22s
Rendered 4541/18723, time remaining: 9m 7s
Rendered 4542/18723, time remaining: 9m 8s
Rendered 4543/18723, time remaining: 9m 9s
Rendered 4544/18723, time remaining: 9m 9s
Rendered 4545/18723, time remaining: 9m 10s
Rendered 4546/18723, time remaining: 9m 1s
Rendered 4547/18723, time remaining: 9m 2s
Rendered 4548/18723, time remaining: 9m 23s
Rendered 4549/18723, time remaining: 9m 4s
Rendered 4550/18723, time remaining: 9m 5s
Rendered 4551/18723, time remaining: 9m 6s
Rendered 4552/18723, time remaining: 9m 13s
Rendered 4553/18723, time remaining: 9m 13s
Rendered 4554/18723, time remaining: 9m 9s
Rendered 4555/18723, time remaining: 9m 4s
Rendered 4556/18723, time remaining: 9m 22s
Rendered 4557/18723, time remaining: 9m 2s
Rendered 4558/18723, time remaining: 9m 3s
Rendered 4559/18723, time remaining: 9m 5s
Rendered 4560/18723, time remaining: 9m 4s
Rendered 4561/18723, time remaining: 8m 57s
Rendered 4562/18723, time remaining: 9m 3s
Rendered 4563/18723, time remaining: 9m 7s
Rendered 4564/18723, time remaining: 9m 7s
Rendered 4565/18723, time remaining: 8m 54s
Rendered 4566/18723, time remaining: 9m 10s
Rendered 4567/18723, time remaining: 9m 5s
Rendered 4568/18723, time remaining: 9m 5s
Rendered 4569/18723, time remaining: 9m 5s
Rendered 4570/18723, time remaining: 9m 8s
Rendered 4571/18723, time remaining: 9m 7s
Rendered 4572/18723, time remaining: 8m 49s
Rendered 4573/18723, time remaining: 9m 4s
Rendered 4574/18723, time remaining: 9m 4s
Rendered 4575/18723, time remaining: 9m 4s
Rendered 4576/18723, time remaining: 9m 4s
Rendered 4577/18723, time remaining: 8m 59s
Rendered 4578/18723, time remaining: 8m 59s
Rendered 4579/18723, time remaining: 9m 2s
Rendered 4580/18723, time remaining: 8m 43s
Rendered 4581/18723, time remaining: 8m 59s
Rendered 4582/18723, time remaining: 9m 6s
Rendered 4583/18723, time remaining: 9m 7s
Rendered 4584/18723, time remaining: 9m 1s
Rendered 4585/18723, time remaining: 9m 0s
Rendered 4586/18723, time remaining: 9m 2s
Rendered 4587/18723, time remaining: 8m 59s
Rendered 4588/18723, time remaining: 8m 53s
Rendered 4589/18723, time remaining: 8m 59s
Rendered 4590/18723, time remaining: 9m 1s
Rendered 4591/18723, time remaining: 9m 3s
Rendered 4592/18723, time remaining: 9m 2s
Rendered 4593/18723, time remaining: 9m 2s
Rendered 4594/18723, time remaining: 8m 56s
Rendered 4595/18723, time remaining: 9m 3s
Rendered 4596/18723, time remaining: 8m 51s
Rendered 4597/18723, time remaining: 9m 0s
Rendered 4598/18723, time remaining: 9m 0s
Rendered 4599/18723, time remaining: 9m 6s
Rendered 4600/18723, time remaining: 9m 6s
Rendered 4601/18723, time remaining: 9m 4s
Rendered 4602/18723, time remaining: 8m 58s
Rendered 4603/18723, time remaining: 8m 53s
Rendered 4604/18723, time remaining: 8m 57s
Rendered 4605/18723, time remaining: 8m 50s
Rendered 4606/18723, time remaining: 9m 2s
Rendered 4607/18723, time remaining: 9m 2s
Rendered 4608/18723, time remaining: 8m 55s
Rendered 4609/18723, time remaining: 9m 1s
Rendered 4610/18723, time remaining: 9m 3s
Rendered 4611/18723, time remaining: 8m 58s
Rendered 4612/18723, time remaining: 8m 48s
Rendered 4613/18723, time remaining: 8m 48s
Rendered 4614/18723, time remaining: 8m 57s
Rendered 4615/18723, time remaining: 8m 59s
Rendered 4616/18723, time remaining: 8m 55s
Rendered 4617/18723, time remaining: 9m 1s
Rendered 4618/18723, time remaining: 9m 2s
Rendered 4619/18723, time remaining: 8m 56s
Rendered 4620/18723, time remaining: 8m 50s
Rendered 4621/18723, time remaining: 8m 54s
Rendered 4622/18723, time remaining: 8m 50s
Rendered 4623/18723, time remaining: 8m 49s
Rendered 4624/18723, time remaining: 8m 58s
Rendered 4625/18723, time remaining: 9m 6s
Rendered 4626/18723, time remaining: 8m 57s
Rendered 4627/18723, time remaining: 8m 50s
Rendered 4628/18723, time remaining: 8m 48s
Rendered 4629/18723, time remaining: 8m 49s
Rendered 4630/18723, time remaining: 8m 56s
Rendered 4631/18723, time remaining: 8m 59s
Rendered 4632/18723, time remaining: 8m 56s
Rendered 4633/18723, time remaining: 9m 0s
Rendered 4634/18723, time remaining: 8m 50s
Rendered 4635/18723, time remaining: 8m 50s
Rendered 4636/18723, time remaining: 8m 51s
Rendered 4637/18723, time remaining: 8m 52s
Rendered 4638/18723, time remaining: 8m 55s
Rendered 4639/18723, time remaining: 8m 50s
Rendered 4640/18723, time remaining: 8m 58s
Rendered 4641/18723, time remaining: 8m 59s
Rendered 4642/18723, time remaining: 8m 50s
Rendered 4643/18723, time remaining: 8m 50s
Rendered 4644/18723, time remaining: 8m 49s
Rendered 4645/18723, time remaining: 8m 57s
Rendered 4646/18723, time remaining: 8m 50s
Rendered 4647/18723, time remaining: 8m 49s
Rendered 4648/18723, time remaining: 8m 58s
Rendered 4649/18723, time remaining: 9m 1s
Rendered 4650/18723, time remaining: 8m 49s
Rendered 4651/18723, time remaining: 8m 44s
Rendered 4652/18723, time remaining: 8m 53s
Rendered 4653/18723, time remaining: 8m 52s
Rendered 4654/18723, time remaining: 8m 57s
Rendered 4655/18723, time remaining: 8m 47s
Rendered 4656/18723, time remaining: 8m 55s
Rendered 4657/18723, time remaining: 8m 57s
Rendered 4658/18723, time remaining: 8m 56s
Rendered 4659/18723, time remaining: 8m 49s
Rendered 4660/18723, time remaining: 8m 51s
Rendered 4661/18723, time remaining: 8m 49s
Rendered 4662/18723, time remaining: 8m 48s
Rendered 4663/18723, time remaining: 8m 45s
Rendered 4664/18723, time remaining: 9m 4s
Rendered 4665/18723, time remaining: 8m 55s
Rendered 4666/18723, time remaining: 8m 46s
Rendered 4667/18723, time remaining: 8m 47s
Rendered 4668/18723, time remaining: 8m 48s
Rendered 4669/18723, time remaining: 8m 42s
Rendered 4670/18723, time remaining: 8m 43s
Rendered 4671/18723, time remaining: 8m 51s
Rendered 4672/18723, time remaining: 9m 7s
Rendered 4673/18723, time remaining: 9m 8s
Rendered 4674/18723, time remaining: 8m 49s
Rendered 4675/18723, time remaining: 8m 51s
Rendered 4676/18723, time remaining: 8m 46s
Rendered 4677/18723, time remaining: 8m 46s
Rendered 4678/18723, time remaining: 8m 46s
Rendered 4679/18723, time remaining: 8m 47s
Rendered 4680/18723, time remaining: 8m 55s
Rendered 4681/18723, time remaining: 8m 56s
Rendered 4682/18723, time remaining: 8m 54s
Rendered 4683/18723, time remaining: 8m 51s
Rendered 4684/18723, time remaining: 8m 51s
Rendered 4685/18723, time remaining: 8m 48s
Rendered 4686/18723, time remaining: 8m 49s
Rendered 4687/18723, time remaining: 8m 50s
Rendered 4688/18723, time remaining: 8m 58s
Rendered 4689/18723, time remaining: 8m 56s
Rendered 4690/18723, time remaining: 8m 52s
Rendered 4691/18723, time remaining: 8m 50s
Rendered 4692/18723, time remaining: 8m 50s
Rendered 4693/18723, time remaining: 8m 50s
Rendered 4694/18723, time remaining: 8m 50s
Rendered 4695/18723, time remaining: 8m 49s
Rendered 4696/18723, time remaining: 8m 49s
Rendered 4697/18723, time remaining: 8m 56s
Rendered 4698/18723, time remaining: 8m 36s
Rendered 4699/18723, time remaining: 8m 52s
Rendered 4700/18723, time remaining: 8m 51s
Rendered 4701/18723, time remaining: 8m 50s
Rendered 4702/18723, time remaining: 8m 43s
Rendered 4703/18723, time remaining: 8m 44s
Rendered 4704/18723, time remaining: 8m 46s
Rendered 4705/18723, time remaining: 8m 52s
Rendered 4706/18723, time remaining: 8m 49s
Rendered 4707/18723, time remaining: 8m 55s
Rendered 4708/18723, time remaining: 8m 53s
Rendered 4709/18723, time remaining: 8m 50s
Rendered 4710/18723, time remaining: 8m 51s
Rendered 4711/18723, time remaining: 9m 0s
Rendered 4712/18723, time remaining: 9m 7s
Rendered 4713/18723, time remaining: 9m 3s
Rendered 4714/18723, time remaining: 9m 4s
Rendered 4715/18723, time remaining: 9m 9s
Rendered 4716/18723, time remaining: 8m 53s
Rendered 4717/18723, time remaining: 8m 53s
Rendered 4718/18723, time remaining: 8m 54s
Rendered 4719/18723, time remaining: 8m 52s
Rendered 4720/18723, time remaining: 9m 6s
Rendered 4721/18723, time remaining: 9m 6s
Rendered 4722/18723, time remaining: 9m 7s
Rendered 4723/18723, time remaining: 8m 51s
Rendered 4724/18723, time remaining: 8m 55s
Rendered 4725/18723, time remaining: 8m 55s
Rendered 4726/18723, time remaining: 8m 58s
Rendered 4727/18723, time remaining: 8m 56s
Rendered 4728/18723, time remaining: 9m 15s
Rendered 4729/18723, time remaining: 9m 12s
Rendered 4730/18723, time remaining: 9m 13s
Rendered 4731/18723, time remaining: 8m 58s
Rendered 4732/18723, time remaining: 8m 59s
Rendered 4733/18723, time remaining: 8m 58s
Rendered 4734/18723, time remaining: 8m 58s
Rendered 4735/18723, time remaining: 8m 58s
Rendered 4736/18723, time remaining: 9m 12s
Rendered 4737/18723, time remaining: 9m 4s
Rendered 4738/18723, time remaining: 9m 7s
Rendered 4739/18723, time remaining: 9m 0s
Rendered 4740/18723, time remaining: 9m 0s
Rendered 4741/18723, time remaining: 8m 55s
Rendered 4742/18723, time remaining: 8m 56s
Rendered 4743/18723, time remaining: 8m 59s
Rendered 4744/18723, time remaining: 9m 12s
Rendered 4745/18723, time remaining: 9m 4s
Rendered 4746/18723, time remaining: 9m 7s
Rendered 4747/18723, time remaining: 8m 58s
Rendered 4748/18723, time remaining: 8m 58s
Rendered 4749/18723, time remaining: 8m 53s
Rendered 4750/18723, time remaining: 8m 55s
Rendered 4751/18723, time remaining: 9m 1s
Rendered 4752/18723, time remaining: 9m 1s
Rendered 4753/18723, time remaining: 9m 1s
Rendered 4754/18723, time remaining: 9m 8s
Rendered 4755/18723, time remaining: 9m 7s
Rendered 4756/18723, time remaining: 8m 56s
Rendered 4757/18723, time remaining: 9m 0s
Rendered 4758/18723, time remaining: 8m 58s
Rendered 4759/18723, time remaining: 8m 52s
Rendered 4760/18723, time remaining: 8m 51s
Rendered 4761/18723, time remaining: 8m 57s
Rendered 4762/18723, time remaining: 9m 10s
Rendered 4763/18723, time remaining: 9m 12s
Rendered 4764/18723, time remaining: 9m 3s
Rendered 4765/18723, time remaining: 9m 0s
Rendered 4766/18723, time remaining: 9m 0s
Rendered 4767/18723, time remaining: 8m 59s
Rendered 4768/18723, time remaining: 8m 58s
Rendered 4769/18723, time remaining: 8m 56s
Rendered 4770/18723, time remaining: 9m 10s
Rendered 4771/18723, time remaining: 9m 6s
Rendered 4772/18723, time remaining: 9m 5s
Rendered 4773/18723, time remaining: 9m 7s
Rendered 4774/18723, time remaining: 9m 1s
Rendered 4775/18723, time remaining: 8m 57s
Rendered 4776/18723, time remaining: 8m 59s
Rendered 4777/18723, time remaining: 9m 3s
Rendered 4778/18723, time remaining: 9m 3s
Rendered 4779/18723, time remaining: 9m 3s
Rendered 4780/18723, time remaining: 8m 59s
Rendered 4781/18723, time remaining: 9m 2s
Rendered 4782/18723, time remaining: 9m 10s
Rendered 4783/18723, time remaining: 9m 3s
Rendered 4784/18723, time remaining: 9m 2s
Rendered 4785/18723, time remaining: 9m 8s
Rendered 4786/18723, time remaining: 9m 0s
Rendered 4787/18723, time remaining: 8m 59s
Rendered 4788/18723, time remaining: 8m 54s
Rendered 4789/18723, time remaining: 9m 7s
Rendered 4790/18723, time remaining: 9m 2s
Rendered 4791/18723, time remaining: 8m 58s
Rendered 4792/18723, time remaining: 8m 57s
Rendered 4793/18723, time remaining: 9m 6s
Rendered 4794/18723, time remaining: 9m 6s
Rendered 4795/18723, time remaining: 8m 57s
Rendered 4796/18723, time remaining: 8m 57s
Rendered 4797/18723, time remaining: 9m 13s
Rendered 4798/18723, time remaining: 9m 5s
Rendered 4799/18723, time remaining: 9m 3s
Rendered 4800/18723, time remaining: 9m 4s
Rendered 4801/18723, time remaining: 9m 16s
Rendered 4802/18723, time remaining: 9m 7s
Rendered 4803/18723, time remaining: 9m 8s
Rendered 4804/18723, time remaining: 9m 2s
Rendered 4805/18723, time remaining: 9m 16s
Rendered 4806/18723, time remaining: 9m 11s
Rendered 4807/18723, time remaining: 9m 9s
Rendered 4808/18723, time remaining: 9m 8s
Rendered 4809/18723, time remaining: 9m 9s
Rendered 4810/18723, time remaining: 9m 23s
Rendered 4811/18723, time remaining: 9m 20s
Rendered 4812/18723, time remaining: 9m 19s
Rendered 4813/18723, time remaining: 9m 18s
Rendered 4814/18723, time remaining: 9m 12s
Rendered 4815/18723, time remaining: 9m 13s
Rendered 4816/18723, time remaining: 9m 13s
Rendered 4817/18723, time remaining: 9m 12s
Rendered 4818/18723, time remaining: 9m 11s
Rendered 4819/18723, time remaining: 9m 16s
Rendered 4820/18723, time remaining: 9m 15s
Rendered 4821/18723, time remaining: 9m 20s
Rendered 4822/18723, time remaining: 9m 5s
Rendered 4823/18723, time remaining: 9m 11s
Rendered 4824/18723, time remaining: 9m 11s
Rendered 4825/18723, time remaining: 9m 9s
Rendered 4826/18723, time remaining: 9m 9s
Rendered 4827/18723, time remaining: 9m 15s
Rendered 4828/18723, time remaining: 9m 21s
Rendered 4829/18723, time remaining: 9m 20s
Rendered 4830/18723, time remaining: 9m 11s
Rendered 4831/18723, time remaining: 9m 21s
Rendered 4832/18723, time remaining: 9m 13s
Rendered 4833/18723, time remaining: 9m 12s
Rendered 4834/18723, time remaining: 9m 12s
Rendered 4835/18723, time remaining: 9m 12s
Rendered 4836/18723, time remaining: 9m 12s
Rendered 4837/18723, time remaining: 9m 12s
Rendered 4838/18723, time remaining: 9m 5s
Rendered 4839/18723, time remaining: 9m 26s
Rendered 4840/18723, time remaining: 9m 16s
Rendered 4841/18723, time remaining: 9m 12s
Rendered 4842/18723, time remaining: 9m 11s
Rendered 4843/18723, time remaining: 9m 11s
Rendered 4844/18723, time remaining: 9m 17s
Rendered 4845/18723, time remaining: 9m 16s
Rendered 4846/18723, time remaining: 9m 15s
Rendered 4847/18723, time remaining: 9m 22s
Rendered 4848/18723, time remaining: 9m 23s
Rendered 4849/18723, time remaining: 9m 8s
Rendered 4850/18723, time remaining: 9m 12s
Rendered 4851/18723, time remaining: 9m 21s
Rendered 4852/18723, time remaining: 9m 20s
Rendered 4853/18723, time remaining: 9m 19s
Rendered 4854/18723, time remaining: 9m 17s
Rendered 4855/18723, time remaining: 9m 16s
Rendered 4856/18723, time remaining: 9m 6s
Rendered 4857/18723, time remaining: 9m 0s
Rendered 4858/18723, time remaining: 9m 10s
Rendered 4859/18723, time remaining: 9m 16s
Rendered 4860/18723, time remaining: 9m 16s
Rendered 4861/18723, time remaining: 9m 6s
Rendered 4862/18723, time remaining: 8m 55s
Rendered 4863/18723, time remaining: 9m 4s
Rendered 4864/18723, time remaining: 9m 3s
Rendered 4865/18723, time remaining: 8m 56s
Rendered 4866/18723, time remaining: 9m 12s
Rendered 4867/18723, time remaining: 9m 12s
Rendered 4868/18723, time remaining: 9m 12s
Rendered 4869/18723, time remaining: 9m 11s
Rendered 4870/18723, time remaining: 8m 55s
Rendered 4871/18723, time remaining: 8m 58s
Rendered 4872/18723, time remaining: 8m 58s
Rendered 4873/18723, time remaining: 8m 59s
Rendered 4874/18723, time remaining: 9m 8s
Rendered 4875/18723, time remaining: 9m 12s
Rendered 4876/18723, time remaining: 9m 10s
Rendered 4877/18723, time remaining: 9m 12s
Rendered 4878/18723, time remaining: 8m 53s
Rendered 4879/18723, time remaining: 9m 1s
Rendered 4880/18723, time remaining: 9m 1s
Rendered 4881/18723, time remaining: 8m 59s
Rendered 4882/18723, time remaining: 8m 57s
Rendered 4883/18723, time remaining: 8m 57s
Rendered 4884/18723, time remaining: 9m 0s
Rendered 4885/18723, time remaining: 9m 12s
Rendered 4886/18723, time remaining: 8m 56s
Rendered 4887/18723, time remaining: 8m 56s
Rendered 4888/18723, time remaining: 8m 51s
Rendered 4889/18723, time remaining: 8m 54s
Rendered 4890/18723, time remaining: 8m 53s
Rendered 4891/18723, time remaining: 8m 54s
Rendered 4892/18723, time remaining: 9m 7s
Rendered 4893/18723, time remaining: 9m 4s
Rendered 4894/18723, time remaining: 8m 51s
Rendered 4895/18723, time remaining: 8m 53s
Rendered 4896/18723, time remaining: 8m 49s
Rendered 4897/18723, time remaining: 9m 3s
Rendered 4898/18723, time remaining: 9m 2s
Rendered 4899/18723, time remaining: 9m 1s
Rendered 4900/18723, time remaining: 9m 0s
Rendered 4901/18723, time remaining: 8m 56s
Rendered 4902/18723, time remaining: 8m 55s
Rendered 4903/18723, time remaining: 8m 56s
Rendered 4904/18723, time remaining: 8m 41s
Rendered 4905/18723, time remaining: 8m 59s
Rendered 4906/18723, time remaining: 9m 0s
Rendered 4907/18723, time remaining: 8m 56s
Rendered 4908/18723, time remaining: 9m 6s
Rendered 4909/18723, time remaining: 9m 6s
Rendered 4910/18723, time remaining: 9m 5s
Rendered 4911/18723, time remaining: 8m 57s
Rendered 4912/18723, time remaining: 8m 44s
Rendered 4913/18723, time remaining: 8m 47s
Rendered 4914/18723, time remaining: 8m 47s
Rendered 4915/18723, time remaining: 8m 47s
Rendered 4916/18723, time remaining: 9m 1s
Rendered 4917/18723, time remaining: 8m 56s
Rendered 4918/18723, time remaining: 8m 58s
Rendered 4919/18723, time remaining: 8m 59s
Rendered 4920/18723, time remaining: 8m 43s
Rendered 4921/18723, time remaining: 8m 48s
Rendered 4922/18723, time remaining: 8m 49s
Rendered 4923/18723, time remaining: 8m 50s
Rendered 4924/18723, time remaining: 8m 55s
Rendered 4925/18723, time remaining: 8m 57s
Rendered 4926/18723, time remaining: 8m 56s
Rendered 4927/18723, time remaining: 8m 51s
Rendered 4928/18723, time remaining: 8m 51s
Rendered 4929/18723, time remaining: 8m 58s
Rendered 4930/18723, time remaining: 8m 53s
Rendered 4931/18723, time remaining: 8m 48s
Rendered 4932/18723, time remaining: 8m 52s
Rendered 4933/18723, time remaining: 8m 52s
Rendered 4934/18723, time remaining: 8m 52s
Rendered 4935/18723, time remaining: 8m 53s
Rendered 4936/18723, time remaining: 8m 54s
Rendered 4937/18723, time remaining: 8m 53s
Rendered 4938/18723, time remaining: 8m 53s
Rendered 4939/18723, time remaining: 8m 50s
Rendered 4940/18723, time remaining: 9m 5s
Rendered 4941/18723, time remaining: 9m 6s
Rendered 4942/18723, time remaining: 9m 4s
Rendered 4943/18723, time remaining: 8m 58s
Rendered 4944/18723, time remaining: 8m 58s
Rendered 4945/18723, time remaining: 9m 13s
Rendered 4946/18723, time remaining: 9m 14s
Rendered 4947/18723, time remaining: 9m 1s
Rendered 4948/18723, time remaining: 9m 4s
Rendered 4949/18723, time remaining: 9m 5s
Rendered 4950/18723, time remaining: 9m 19s
Rendered 4951/18723, time remaining: 9m 6s
Rendered 4952/18723, time remaining: 9m 22s
Rendered 4953/18723, time remaining: 9m 21s
Rendered 4954/18723, time remaining: 9m 29s
Rendered 4955/18723, time remaining: 9m 14s
Rendered 4956/18723, time remaining: 9m 11s
Rendered 4957/18723, time remaining: 9m 12s
Rendered 4958/18723, time remaining: 9m 28s
Rendered 4959/18723, time remaining: 9m 33s
Rendered 4960/18723, time remaining: 9m 20s
Rendered 4961/18723, time remaining: 9m 20s
Rendered 4962/18723, time remaining: 9m 32s
Rendered 4963/18723, time remaining: 9m 36s
Rendered 4964/18723, time remaining: 9m 23s
Rendered 4965/18723, time remaining: 9m 23s
Rendered 4966/18723, time remaining: 9m 42s
Rendered 4967/18723, time remaining: 9m 46s
Rendered 4968/18723, time remaining: 9m 47s
Rendered 4969/18723, time remaining: 9m 42s
Rendered 4970/18723, time remaining: 9m 51s
Rendered 4971/18723, time remaining: 9m 45s
Rendered 4972/18723, time remaining: 9m 54s
Rendered 4973/18723, time remaining: 9m 46s
Rendered 4974/18723, time remaining: 9m 48s
Rendered 4975/18723, time remaining: 9m 48s
Rendered 4976/18723, time remaining: 9m 55s
Rendered 4977/18723, time remaining: 9m 48s
Rendered 4978/18723, time remaining: 9m 41s
Rendered 4979/18723, time remaining: 9m 55s
Rendered 4980/18723, time remaining: 10m 5s
Rendered 4981/18723, time remaining: 9m 48s
Rendered 4982/18723, time remaining: 9m 48s
Rendered 4983/18723, time remaining: 9m 48s
Rendered 4984/18723, time remaining: 9m 58s
Rendered 4985/18723, time remaining: 9m 57s
Rendered 4986/18723, time remaining: 9m 57s
Rendered 4987/18723, time remaining: 10m 5s
Rendered 4988/18723, time remaining: 10m 5s
Rendered 4989/18723, time remaining: 9m 44s
Rendered 4990/18723, time remaining: 9m 49s
Rendered 4991/18723, time remaining: 9m 54s
Rendered 4992/18723, time remaining: 9m 56s
Rendered 4993/18723, time remaining: 9m 56s
Rendered 4994/18723, time remaining: 9m 56s
Rendered 4995/18723, time remaining: 9m 57s
Rendered 4996/18723, time remaining: 10m 0s
Rendered 4997/18723, time remaining: 9m 46s
Rendered 4998/18723, time remaining: 9m 56s
Rendered 4999/18723, time remaining: 9m 56s
Rendered 5000/18723, time remaining: 9m 52s
Rendered 5001/18723, time remaining: 9m 49s
Rendered 5002/18723, time remaining: 9m 49s
Rendered 5003/18723, time remaining: 9m 50s
Rendered 5004/18723, time remaining: 10m 0s
Rendered 5005/18723, time remaining: 9m 55s
Rendered 5006/18723, time remaining: 9m 53s
Rendered 5007/18723, time remaining: 9m 54s
Rendered 5008/18723, time remaining: 9m 56s
Rendered 5009/18723, time remaining: 9m 50s
Rendered 5010/18723, time remaining: 9m 50s
Rendered 5011/18723, time remaining: 9m 51s
Rendered 5012/18723, time remaining: 9m 52s
Rendered 5013/18723, time remaining: 9m 45s
Rendered 5014/18723, time remaining: 9m 45s
Rendered 5015/18723, time remaining: 9m 58s
Rendered 5016/18723, time remaining: 9m 50s
Rendered 5017/18723, time remaining: 9m 52s
Rendered 5018/18723, time remaining: 9m 54s
Rendered 5019/18723, time remaining: 9m 53s
Rendered 5020/18723, time remaining: 9m 52s
Rendered 5021/18723, time remaining: 9m 50s
Rendered 5022/18723, time remaining: 9m 56s
Rendered 5023/18723, time remaining: 9m 56s
Rendered 5024/18723, time remaining: 9m 52s
Rendered 5025/18723, time remaining: 9m 59s
Rendered 5026/18723, time remaining: 9m 57s
Rendered 5027/18723, time remaining: 9m 54s
Rendered 5028/18723, time remaining: 9m 53s
Rendered 5029/18723, time remaining: 9m 52s
Rendered 5030/18723, time remaining: 9m 52s
Rendered 5031/18723, time remaining: 9m 52s
Rendered 5032/18723, time remaining: 9m 48s
Rendered 5033/18723, time remaining: 10m 4s
Rendered 5034/18723, time remaining: 10m 2s
Rendered 5035/18723, time remaining: 9m 50s
Rendered 5036/18723, time remaining: 9m 50s
Rendered 5037/18723, time remaining: 9m 53s
Rendered 5038/18723, time remaining: 9m 57s
Rendered 5039/18723, time remaining: 9m 56s
Rendered 5040/18723, time remaining: 9m 56s
Rendered 5041/18723, time remaining: 10m 6s
Rendered 5042/18723, time remaining: 9m 55s
Rendered 5043/18723, time remaining: 9m 55s
Rendered 5044/18723, time remaining: 10m 7s
Rendered 5045/18723, time remaining: 10m 4s
Rendered 5046/18723, time remaining: 10m 4s
Rendered 5047/18723, time remaining: 9m 57s
Rendered 5048/18723, time remaining: 9m 57s
Rendered 5049/18723, time remaining: 9m 57s
Rendered 5050/18723, time remaining: 9m 55s
Rendered 5051/18723, time remaining: 9m 54s
Rendered 5052/18723, time remaining: 10m 13s
Rendered 5053/18723, time remaining: 10m 13s
Rendered 5054/18723, time remaining: 10m 12s
Rendered 5055/18723, time remaining: 9m 55s
Rendered 5056/18723, time remaining: 9m 55s
Rendered 5057/18723, time remaining: 10m 3s
Rendered 5058/18723, time remaining: 9m 52s
Rendered 5059/18723, time remaining: 9m 51s
Rendered 5060/18723, time remaining: 10m 9s
Rendered 5061/18723, time remaining: 10m 11s
Rendered 5062/18723, time remaining: 10m 12s
Rendered 5063/18723, time remaining: 10m 13s
Rendered 5064/18723, time remaining: 10m 13s
Rendered 5065/18723, time remaining: 10m 12s
Rendered 5066/18723, time remaining: 10m 3s
Rendered 5067/18723, time remaining: 10m 3s
Rendered 5068/18723, time remaining: 10m 11s
Rendered 5069/18723, time remaining: 10m 10s
Rendered 5070/18723, time remaining: 10m 9s
Rendered 5071/18723, time remaining: 10m 8s
Rendered 5072/18723, time remaining: 10m 15s
Rendered 5073/18723, time remaining: 10m 11s
Rendered 5074/18723, time remaining: 10m 8s
Rendered 5075/18723, time remaining: 10m 3s
Rendered 5076/18723, time remaining: 10m 10s
Rendered 5077/18723, time remaining: 10m 11s
Rendered 5078/18723, time remaining: 10m 18s
Rendered 5079/18723, time remaining: 10m 12s
Rendered 5080/18723, time remaining: 10m 11s
Rendered 5081/18723, time remaining: 10m 10s
Rendered 5082/18723, time remaining: 10m 12s
Rendered 5083/18723, time remaining: 10m 11s
Rendered 5084/18723, time remaining: 10m 15s
Rendered 5085/18723, time remaining: 10m 9s
Rendered 5086/18723, time remaining: 10m 19s
Rendered 5087/18723, time remaining: 10m 19s
Rendered 5088/18723, time remaining: 10m 19s
Rendered 5089/18723, time remaining: 10m 9s
Rendered 5090/18723, time remaining: 9m 59s
Rendered 5091/18723, time remaining: 10m 0s
Rendered 5092/18723, time remaining: 10m 11s
Rendered 5093/18723, time remaining: 10m 10s
Rendered 5094/18723, time remaining: 10m 11s
Rendered 5095/18723, time remaining: 9m 57s
Rendered 5096/18723, time remaining: 10m 1s
Rendered 5097/18723, time remaining: 10m 1s
Rendered 5098/18723, time remaining: 10m 0s
Rendered 5099/18723, time remaining: 10m 6s
Rendered 5100/18723, time remaining: 9m 51s
Rendered 5101/18723, time remaining: 9m 54s
Rendered 5102/18723, time remaining: 9m 43s
Rendered 5103/18723, time remaining: 9m 43s
Rendered 5104/18723, time remaining: 9m 37s
Rendered 5105/18723, time remaining: 9m 44s
Rendered 5106/18723, time remaining: 9m 43s
Rendered 5107/18723, time remaining: 9m 43s
Rendered 5108/18723, time remaining: 9m 35s
Rendered 5109/18723, time remaining: 9m 29s
Rendered 5110/18723, time remaining: 9m 30s
Rendered 5111/18723, time remaining: 9m 30s
Rendered 5112/18723, time remaining: 9m 20s
Rendered 5113/18723, time remaining: 9m 23s
Rendered 5114/18723, time remaining: 9m 33s
Rendered 5115/18723, time remaining: 9m 32s
Rendered 5116/18723, time remaining: 9m 19s
Rendered 5117/18723, time remaining: 9m 16s
Rendered 5118/18723, time remaining: 9m 15s
Rendered 5119/18723, time remaining: 9m 16s
Rendered 5120/18723, time remaining: 9m 8s
Rendered 5121/18723, time remaining: 9m 2s
Rendered 5122/18723, time remaining: 8m 54s
Rendered 5123/18723, time remaining: 8m 55s
Rendered 5124/18723, time remaining: 8m 55s
Rendered 5125/18723, time remaining: 8m 54s
Rendered 5126/18723, time remaining: 8m 48s
Rendered 5127/18723, time remaining: 8m 48s
Rendered 5128/18723, time remaining: 8m 50s
Rendered 5129/18723, time remaining: 8m 36s
Rendered 5130/18723, time remaining: 8m 27s
Rendered 5131/18723, time remaining: 8m 27s
Rendered 5132/18723, time remaining: 8m 32s
Rendered 5133/18723, time remaining: 8m 31s
Rendered 5134/18723, time remaining: 8m 21s
Rendered 5135/18723, time remaining: 8m 21s
Rendered 5136/18723, time remaining: 8m 20s
Rendered 5137/18723, time remaining: 8m 11s
Rendered 5138/18723, time remaining: 8m 12s
Rendered 5139/18723, time remaining: 8m 31s
Rendered 5140/18723, time remaining: 8m 27s
Rendered 5141/18723, time remaining: 8m 23s
Rendered 5142/18723, time remaining: 8m 21s
Rendered 5143/18723, time remaining: 8m 21s
Rendered 5144/18723, time remaining: 8m 15s
Rendered 5145/18723, time remaining: 8m 15s
Rendered 5146/18723, time remaining: 8m 23s
Rendered 5147/18723, time remaining: 8m 24s
Rendered 5148/18723, time remaining: 8m 22s
Rendered 5149/18723, time remaining: 8m 26s
Rendered 5150/18723, time remaining: 8m 26s
Rendered 5151/18723, time remaining: 8m 21s
Rendered 5152/18723, time remaining: 8m 26s
Rendered 5153/18723, time remaining: 8m 26s
Rendered 5154/18723, time remaining: 8m 16s
Rendered 5155/18723, time remaining: 8m 16s
Rendered 5156/18723, time remaining: 8m 34s
Rendered 5157/18723, time remaining: 8m 33s
Rendered 5158/18723, time remaining: 8m 21s
Rendered 5159/18723, time remaining: 8m 34s
Rendered 5160/18723, time remaining: 8m 33s
Rendered 5161/18723, time remaining: 8m 32s
Rendered 5162/18723, time remaining: 8m 41s
Rendered 5163/18723, time remaining: 8m 44s
Rendered 5164/18723, time remaining: 8m 44s
Rendered 5165/18723, time remaining: 8m 31s
Rendered 5166/18723, time remaining: 8m 23s
Rendered 5167/18723, time remaining: 8m 24s
Rendered 5168/18723, time remaining: 8m 22s
Rendered 5169/18723, time remaining: 8m 32s
Rendered 5170/18723, time remaining: 8m 41s
Rendered 5171/18723, time remaining: 8m 43s
Rendered 5172/18723, time remaining: 8m 37s
Rendered 5173/18723, time remaining: 8m 40s
Rendered 5174/18723, time remaining: 8m 35s
Rendered 5175/18723, time remaining: 8m 24s
Rendered 5176/18723, time remaining: 8m 24s
Rendered 5177/18723, time remaining: 8m 24s
Rendered 5178/18723, time remaining: 8m 32s
Rendered 5179/18723, time remaining: 8m 27s
Rendered 5180/18723, time remaining: 8m 41s
Rendered 5181/18723, time remaining: 8m 48s
Rendered 5182/18723, time remaining: 8m 47s
Rendered 5183/18723, time remaining: 8m 36s
Rendered 5184/18723, time remaining: 8m 36s
Rendered 5185/18723, time remaining: 8m 36s
Rendered 5186/18723, time remaining: 8m 37s
Rendered 5187/18723, time remaining: 8m 34s
Rendered 5188/18723, time remaining: 8m 50s
Rendered 5189/18723, time remaining: 8m 49s
Rendered 5190/18723, time remaining: 8m 49s
Rendered 5191/18723, time remaining: 8m 38s
Rendered 5192/18723, time remaining: 8m 43s
Rendered 5193/18723, time remaining: 8m 45s
Rendered 5194/18723, time remaining: 8m 31s
Rendered 5195/18723, time remaining: 8m 31s
Rendered 5196/18723, time remaining: 8m 44s
Rendered 5197/18723, time remaining: 8m 39s
Rendered 5198/18723, time remaining: 8m 39s
Rendered 5199/18723, time remaining: 8m 39s
Rendered 5200/18723, time remaining: 8m 54s
Rendered 5201/18723, time remaining: 8m 53s
Rendered 5202/18723, time remaining: 8m 33s
Rendered 5203/18723, time remaining: 8m 33s
Rendered 5204/18723, time remaining: 8m 42s
Rendered 5205/18723, time remaining: 8m 40s
Rendered 5206/18723, time remaining: 8m 39s
Rendered 5207/18723, time remaining: 8m 32s
Rendered 5208/18723, time remaining: 8m 43s
Rendered 5209/18723, time remaining: 8m 44s
Rendered 5210/18723, time remaining: 8m 34s
Rendered 5211/18723, time remaining: 8m 32s
Rendered 5212/18723, time remaining: 8m 37s
Rendered 5213/18723, time remaining: 8m 35s
Rendered 5214/18723, time remaining: 8m 36s
Rendered 5215/18723, time remaining: 8m 40s
Rendered 5216/18723, time remaining: 8m 34s
Rendered 5217/18723, time remaining: 8m 39s
Rendered 5218/18723, time remaining: 8m 29s
Rendered 5219/18723, time remaining: 8m 30s
Rendered 5220/18723, time remaining: 8m 33s
Rendered 5221/18723, time remaining: 8m 35s
Rendered 5222/18723, time remaining: 8m 32s
Rendered 5223/18723, time remaining: 8m 37s
Rendered 5224/18723, time remaining: 8m 33s
Rendered 5225/18723, time remaining: 8m 34s
Rendered 5226/18723, time remaining: 8m 26s
Rendered 5227/18723, time remaining: 8m 27s
Rendered 5228/18723, time remaining: 8m 25s
Rendered 5229/18723, time remaining: 8m 27s
Rendered 5230/18723, time remaining: 8m 39s
Rendered 5231/18723, time remaining: 8m 38s
Rendered 5232/18723, time remaining: 8m 25s
Rendered 5233/18723, time remaining: 8m 25s
Rendered 5234/18723, time remaining: 8m 24s
Rendered 5235/18723, time remaining: 8m 27s
Rendered 5236/18723, time remaining: 8m 17s
Rendered 5237/18723, time remaining: 8m 22s
Rendered 5238/18723, time remaining: 8m 32s
Rendered 5239/18723, time remaining: 8m 38s
Rendered 5240/18723, time remaining: 8m 31s
Rendered 5241/18723, time remaining: 8m 28s
Rendered 5242/18723, time remaining: 8m 24s
Rendered 5243/18723, time remaining: 8m 24s
Rendered 5244/18723, time remaining: 8m 22s
Rendered 5245/18723, time remaining: 8m 22s
Rendered 5246/18723, time remaining: 8m 28s
Rendered 5247/18723, time remaining: 8m 25s
Rendered 5248/18723, time remaining: 8m 24s
Rendered 5249/18723, time remaining: 8m 21s
Rendered 5250/18723, time remaining: 8m 21s
Rendered 5251/18723, time remaining: 8m 19s
Rendered 5252/18723, time remaining: 8m 15s
Rendered 5253/18723, time remaining: 8m 17s
Rendered 5254/18723, time remaining: 8m 14s
Rendered 5255/18723, time remaining: 8m 9s
Rendered 5256/18723, time remaining: 8m 11s
Rendered 5257/18723, time remaining: 8m 12s
Rendered 5258/18723, time remaining: 8m 5s
Rendered 5259/18723, time remaining: 8m 5s
Rendered 5260/18723, time remaining: 8m 3s
Rendered 5261/18723, time remaining: 8m 3s
Rendered 5262/18723, time remaining: 8m 2s
Rendered 5263/18723, time remaining: 7m 55s
Rendered 5264/18723, time remaining: 7m 46s
Rendered 5265/18723, time remaining: 7m 51s
Rendered 5266/18723, time remaining: 7m 47s
Rendered 5267/18723, time remaining: 7m 55s
Rendered 5268/18723, time remaining: 7m 55s
Rendered 5269/18723, time remaining: 7m 54s
Rendered 5270/18723, time remaining: 7m 52s
Rendered 5271/18723, time remaining: 8m 0s
Rendered 5272/18723, time remaining: 8m 0s
Rendered 5273/18723, time remaining: 7m 59s
Rendered 5274/18723, time remaining: 7m 57s
Rendered 5275/18723, time remaining: 8m 7s
Rendered 5276/18723, time remaining: 8m 11s
Rendered 5277/18723, time remaining: 8m 11s
Rendered 5278/18723, time remaining: 8m 10s
Rendered 5279/18723, time remaining: 8m 16s
Rendered 5280/18723, time remaining: 8m 20s
Rendered 5281/18723, time remaining: 8m 22s
Rendered 5282/18723, time remaining: 8m 17s
Rendered 5283/18723, time remaining: 8m 27s
Rendered 5284/18723, time remaining: 8m 27s
Rendered 5285/18723, time remaining: 8m 26s
Rendered 5286/18723, time remaining: 8m 25s
Rendered 5287/18723, time remaining: 8m 36s
Rendered 5288/18723, time remaining: 8m 35s
Rendered 5289/18723, time remaining: 8m 16s
Rendered 5290/18723, time remaining: 8m 10s
Rendered 5291/18723, time remaining: 8m 25s
Rendered 5292/18723, time remaining: 8m 27s
Rendered 5293/18723, time remaining: 8m 27s
Rendered 5294/18723, time remaining: 8m 29s
Rendered 5295/18723, time remaining: 8m 28s
Rendered 5296/18723, time remaining: 8m 18s
Rendered 5297/18723, time remaining: 8m 18s
Rendered 5298/18723, time remaining: 8m 13s
Rendered 5299/18723, time remaining: 8m 19s
Rendered 5300/18723, time remaining: 8m 20s
Rendered 5301/18723, time remaining: 8m 25s
Rendered 5302/18723, time remaining: 8m 21s
Rendered 5303/18723, time remaining: 8m 19s
Rendered 5304/18723, time remaining: 8m 19s
Rendered 5305/18723, time remaining: 8m 28s
Rendered 5306/18723, time remaining: 8m 13s
Rendered 5307/18723, time remaining: 8m 20s
Rendered 5308/18723, time remaining: 8m 22s
Rendered 5309/18723, time remaining: 8m 9s
Rendered 5310/18723, time remaining: 8m 9s
Rendered 5311/18723, time remaining: 8m 9s
Rendered 5312/18723, time remaining: 8m 7s
Rendered 5313/18723, time remaining: 8m 7s
Rendered 5314/18723, time remaining: 8m 7s
Rendered 5315/18723, time remaining: 8m 18s
Rendered 5316/18723, time remaining: 8m 20s
Rendered 5317/18723, time remaining: 8m 18s
Rendered 5318/18723, time remaining: 8m 18s
Rendered 5319/18723, time remaining: 8m 15s
Rendered 5320/18723, time remaining: 8m 5s
Rendered 5321/18723, time remaining: 8m 3s
Rendered 5322/18723, time remaining: 8m 3s
Rendered 5323/18723, time remaining: 8m 13s
Rendered 5324/18723, time remaining: 8m 14s
Rendered 5325/18723, time remaining: 8m 14s
Rendered 5326/18723, time remaining: 8m 14s
Rendered 5327/18723, time remaining: 8m 15s
Rendered 5328/18723, time remaining: 8m 13s
Rendered 5329/18723, time remaining: 8m 11s
Rendered 5330/18723, time remaining: 8m 0s
Rendered 5331/18723, time remaining: 8m 0s
Rendered 5332/18723, time remaining: 8m 1s
Rendered 5333/18723, time remaining: 8m 1s
Rendered 5334/18723, time remaining: 8m 0s
Rendered 5335/18723, time remaining: 8m 8s
Rendered 5336/18723, time remaining: 8m 9s
Rendered 5337/18723, time remaining: 8m 10s
Rendered 5338/18723, time remaining: 7m 50s
Rendered 5339/18723, time remaining: 8m 0s
Rendered 5340/18723, time remaining: 8m 0s
Rendered 5341/18723, time remaining: 8m 4s
Rendered 5342/18723, time remaining: 7m 55s
Rendered 5343/18723, time remaining: 7m 54s
Rendered 5344/18723, time remaining: 8m 3s
Rendered 5345/18723, time remaining: 8m 4s
Rendered 5346/18723, time remaining: 7m 52s
Rendered 5347/18723, time remaining: 8m 5s
Rendered 5348/18723, time remaining: 8m 5s
Rendered 5349/18723, time remaining: 8m 13s
Rendered 5350/18723, time remaining: 8m 0s
Rendered 5351/18723, time remaining: 7m 59s
Rendered 5352/18723, time remaining: 8m 0s
Rendered 5353/18723, time remaining: 8m 9s
Rendered 5354/18723, time remaining: 8m 0s
Rendered 5355/18723, time remaining: 8m 18s
Rendered 5356/18723, time remaining: 8m 18s
Rendered 5357/18723, time remaining: 8m 19s
Rendered 5358/18723, time remaining: 8m 8s
Rendered 5359/18723, time remaining: 8m 13s
Rendered 5360/18723, time remaining: 8m 8s
Rendered 5361/18723, time remaining: 8m 8s
Rendered 5362/18723, time remaining: 8m 6s
Rendered 5363/18723, time remaining: 8m 14s
Rendered 5364/18723, time remaining: 8m 19s
Rendered 5365/18723, time remaining: 8m 16s
Rendered 5366/18723, time remaining: 8m 20s
Rendered 5367/18723, time remaining: 8m 16s
Rendered 5368/18723, time remaining: 8m 16s
Rendered 5369/18723, time remaining: 8m 15s
Rendered 5370/18723, time remaining: 8m 11s
Rendered 5371/18723, time remaining: 8m 19s
Rendered 5372/18723, time remaining: 8m 25s
Rendered 5373/18723, time remaining: 8m 21s
Rendered 5374/18723, time remaining: 8m 20s
Rendered 5375/18723, time remaining: 8m 19s
Rendered 5376/18723, time remaining: 8m 20s
Rendered 5377/18723, time remaining: 8m 26s
Rendered 5378/18723, time remaining: 8m 20s
Rendered 5379/18723, time remaining: 8m 18s
Rendered 5380/18723, time remaining: 8m 16s
Rendered 5381/18723, time remaining: 8m 22s
Rendered 5382/18723, time remaining: 8m 22s
Rendered 5383/18723, time remaining: 8m 22s
Rendered 5384/18723, time remaining: 8m 21s
Rendered 5385/18723, time remaining: 8m 23s
Rendered 5386/18723, time remaining: 8m 22s
Rendered 5387/18723, time remaining: 8m 23s
Rendered 5388/18723, time remaining: 8m 18s
Rendered 5389/18723, time remaining: 8m 12s
Rendered 5390/18723, time remaining: 8m 20s
Rendered 5391/18723, time remaining: 8m 28s
Rendered 5392/18723, time remaining: 8m 24s
Rendered 5393/18723, time remaining: 8m 24s
Rendered 5394/18723, time remaining: 8m 24s
Rendered 5395/18723, time remaining: 8m 23s
Rendered 5396/18723, time remaining: 8m 13s
Rendered 5397/18723, time remaining: 8m 28s
Rendered 5398/18723, time remaining: 8m 31s
Rendered 5399/18723, time remaining: 8m 32s
Rendered 5400/18723, time remaining: 8m 40s
Rendered 5401/18723, time remaining: 8m 43s
Rendered 5402/18723, time remaining: 8m 41s
Rendered 5403/18723, time remaining: 8m 40s
Rendered 5404/18723, time remaining: 8m 40s
Rendered 5405/18723, time remaining: 8m 43s
Rendered 5406/18723, time remaining: 8m 56s
Rendered 5407/18723, time remaining: 8m 57s
Rendered 5408/18723, time remaining: 8m 56s
Rendered 5409/18723, time remaining: 8m 56s
Rendered 5410/18723, time remaining: 9m 0s
Rendered 5411/18723, time remaining: 8m 59s
Rendered 5412/18723, time remaining: 9m 9s
Rendered 5413/18723, time remaining: 9m 16s
Rendered 5414/18723, time remaining: 9m 21s
Rendered 5415/18723, time remaining: 9m 16s
Rendered 5416/18723, time remaining: 9m 17s
Rendered 5417/18723, time remaining: 9m 10s
Rendered 5418/18723, time remaining: 9m 10s
Rendered 5419/18723, time remaining: 9m 19s
Rendered 5420/18723, time remaining: 9m 19s
Rendered 5421/18723, time remaining: 9m 11s
Rendered 5422/18723, time remaining: 9m 17s
Rendered 5423/18723, time remaining: 9m 19s
Rendered 5424/18723, time remaining: 9m 24s
Rendered 5425/18723, time remaining: 9m 14s
Rendered 5426/18723, time remaining: 9m 9s
Rendered 5427/18723, time remaining: 9m 18s
Rendered 5428/18723, time remaining: 9m 19s
Rendered 5429/18723, time remaining: 9m 15s
Rendered 5430/18723, time remaining: 9m 18s
Rendered 5431/18723, time remaining: 9m 16s
Rendered 5432/18723, time remaining: 9m 15s
Rendered 5433/18723, time remaining: 9m 10s
Rendered 5434/18723, time remaining: 9m 10s
Rendered 5435/18723, time remaining: 9m 17s
Rendered 5436/18723, time remaining: 9m 17s
Rendered 5437/18723, time remaining: 9m 14s
Rendered 5438/18723, time remaining: 9m 17s
Rendered 5439/18723, time remaining: 9m 19s
Rendered 5440/18723, time remaining: 9m 25s
Rendered 5441/18723, time remaining: 9m 10s
Rendered 5442/18723, time remaining: 9m 17s
Rendered 5443/18723, time remaining: 9m 17s
Rendered 5444/18723, time remaining: 9m 20s
Rendered 5445/18723, time remaining: 9m 20s
Rendered 5446/18723, time remaining: 9m 19s
Rendered 5447/18723, time remaining: 9m 24s
Rendered 5448/18723, time remaining: 9m 23s
Rendered 5449/18723, time remaining: 9m 12s
Rendered 5450/18723, time remaining: 9m 11s
Rendered 5451/18723, time remaining: 9m 17s
Rendered 5452/18723, time remaining: 9m 17s
Rendered 5453/18723, time remaining: 9m 17s
Rendered 5454/18723, time remaining: 9m 27s
Rendered 5455/18723, time remaining: 9m 18s
Rendered 5456/18723, time remaining: 9m 21s
Rendered 5457/18723, time remaining: 9m 15s
Rendered 5458/18723, time remaining: 9m 12s
Rendered 5459/18723, time remaining: 9m 15s
Rendered 5460/18723, time remaining: 9m 15s
Rendered 5461/18723, time remaining: 9m 23s
Rendered 5462/18723, time remaining: 9m 16s
Rendered 5463/18723, time remaining: 9m 14s
Rendered 5464/18723, time remaining: 9m 18s
Rendered 5465/18723, time remaining: 9m 10s
Rendered 5466/18723, time remaining: 9m 22s
Rendered 5467/18723, time remaining: 9m 22s
Rendered 5468/18723, time remaining: 9m 22s
Rendered 5469/18723, time remaining: 9m 16s
Rendered 5470/18723, time remaining: 9m 29s
Rendered 5471/18723, time remaining: 9m 29s
Rendered 5472/18723, time remaining: 9m 29s
Rendered 5473/18723, time remaining: 9m 16s
Rendered 5474/18723, time remaining: 9m 16s
Rendered 5475/18723, time remaining: 9m 22s
Rendered 5476/18723, time remaining: 9m 25s
Rendered 5477/18723, time remaining: 9m 29s
Rendered 5478/18723, time remaining: 9m 26s
Rendered 5479/18723, time remaining: 9m 26s
Rendered 5480/18723, time remaining: 9m 23s
Rendered 5481/18723, time remaining: 9m 21s
Rendered 5482/18723, time remaining: 9m 30s
Rendered 5483/18723, time remaining: 9m 35s
Rendered 5484/18723, time remaining: 9m 35s
Rendered 5485/18723, time remaining: 9m 26s
Rendered 5486/18723, time remaining: 9m 34s
Rendered 5487/18723, time remaining: 9m 33s
Rendered 5488/18723, time remaining: 9m 33s
Rendered 5489/18723, time remaining: 9m 36s
Rendered 5490/18723, time remaining: 9m 44s
Rendered 5491/18723, time remaining: 9m 43s
Rendered 5492/18723, time remaining: 9m 45s
Rendered 5493/18723, time remaining: 9m 44s
Rendered 5494/18723, time remaining: 9m 36s
Rendered 5495/18723, time remaining: 9m 34s
Rendered 5496/18723, time remaining: 9m 44s
Rendered 5497/18723, time remaining: 9m 34s
Rendered 5498/18723, time remaining: 9m 40s
Rendered 5499/18723, time remaining: 9m 32s
Rendered 5500/18723, time remaining: 9m 36s
Rendered 5501/18723, time remaining: 9m 41s
Rendered 5502/18723, time remaining: 9m 42s
Rendered 5503/18723, time remaining: 9m 33s
Rendered 5504/18723, time remaining: 9m 35s
Rendered 5505/18723, time remaining: 9m 18s
Rendered 5506/18723, time remaining: 9m 24s
Rendered 5507/18723, time remaining: 9m 30s
Rendered 5508/18723, time remaining: 9m 33s
Rendered 5509/18723, time remaining: 9m 29s
Rendered 5510/18723, time remaining: 9m 28s
Rendered 5511/18723, time remaining: 9m 28s
Rendered 5512/18723, time remaining: 9m 25s
Rendered 5513/18723, time remaining: 9m 23s
Rendered 5514/18723, time remaining: 9m 27s
Rendered 5515/18723, time remaining: 9m 26s
Rendered 5516/18723, time remaining: 9m 23s
Rendered 5517/18723, time remaining: 9m 24s
Rendered 5518/18723, time remaining: 9m 24s
Rendered 5519/18723, time remaining: 9m 28s
Rendered 5520/18723, time remaining: 9m 28s
Rendered 5521/18723, time remaining: 9m 17s
Rendered 5522/18723, time remaining: 9m 14s
Rendered 5523/18723, time remaining: 9m 21s
Rendered 5524/18723, time remaining: 9m 21s
Rendered 5525/18723, time remaining: 9m 22s
Rendered 5526/18723, time remaining: 9m 34s
Rendered 5527/18723, time remaining: 9m 27s
Rendered 5528/18723, time remaining: 9m 27s
Rendered 5529/18723, time remaining: 9m 27s
Rendered 5530/18723, time remaining: 9m 17s
Rendered 5531/18723, time remaining: 9m 12s
Rendered 5532/18723, time remaining: 9m 13s
Rendered 5533/18723, time remaining: 9m 23s
Rendered 5534/18723, time remaining: 9m 36s
Rendered 5535/18723, time remaining: 9m 32s
Rendered 5536/18723, time remaining: 9m 31s
Rendered 5537/18723, time remaining: 9m 26s
Rendered 5538/18723, time remaining: 9m 24s
Rendered 5539/18723, time remaining: 9m 24s
Rendered 5540/18723, time remaining: 9m 17s
Rendered 5541/18723, time remaining: 9m 23s
Rendered 5542/18723, time remaining: 9m 26s
Rendered 5543/18723, time remaining: 9m 29s
Rendered 5544/18723, time remaining: 9m 29s
Rendered 5545/18723, time remaining: 9m 28s
Rendered 5546/18723, time remaining: 9m 42s
Rendered 5547/18723, time remaining: 9m 27s
Rendered 5548/18723, time remaining: 9m 22s
Rendered 5549/18723, time remaining: 9m 17s
Rendered 5550/18723, time remaining: 9m 13s
Rendered 5551/18723, time remaining: 9m 10s
Rendered 5552/18723, time remaining: 9m 17s
Rendered 5553/18723, time remaining: 9m 16s
Rendered 5554/18723, time remaining: 9m 33s
Rendered 5555/18723, time remaining: 9m 29s
Rendered 5556/18723, time remaining: 9m 15s
Rendered 5557/18723, time remaining: 9m 12s
Rendered 5558/18723, time remaining: 9m 15s
Rendered 5559/18723, time remaining: 9m 14s
Rendered 5560/18723, time remaining: 9m 10s
Rendered 5561/18723, time remaining: 9m 18s
Rendered 5562/18723, time remaining: 9m 23s
Rendered 5563/18723, time remaining: 9m 18s
Rendered 5564/18723, time remaining: 9m 12s
Rendered 5565/18723, time remaining: 9m 18s
Rendered 5566/18723, time remaining: 9m 16s
Rendered 5567/18723, time remaining: 9m 12s
Rendered 5568/18723, time remaining: 9m 13s
Rendered 5569/18723, time remaining: 9m 13s
Rendered 5570/18723, time remaining: 9m 21s
Rendered 5571/18723, time remaining: 9m 28s
Rendered 5572/18723, time remaining: 9m 22s
Rendered 5573/18723, time remaining: 9m 20s
Rendered 5574/18723, time remaining: 9m 14s
Rendered 5575/18723, time remaining: 9m 15s
Rendered 5576/18723, time remaining: 9m 25s
Rendered 5577/18723, time remaining: 9m 20s
Rendered 5578/18723, time remaining: 9m 25s
Rendered 5579/18723, time remaining: 9m 22s
Rendered 5580/18723, time remaining: 9m 14s
Rendered 5581/18723, time remaining: 9m 14s
Rendered 5582/18723, time remaining: 9m 22s
Rendered 5583/18723, time remaining: 9m 25s
Rendered 5584/18723, time remaining: 9m 26s
Rendered 5585/18723, time remaining: 9m 20s
Rendered 5586/18723, time remaining: 9m 33s
Rendered 5587/18723, time remaining: 9m 25s
Rendered 5588/18723, time remaining: 9m 22s
Rendered 5589/18723, time remaining: 9m 21s
Rendered 5590/18723, time remaining: 9m 16s
Rendered 5591/18723, time remaining: 9m 17s
Rendered 5592/18723, time remaining: 9m 15s
Rendered 5593/18723, time remaining: 9m 19s
Rendered 5594/18723, time remaining: 9m 22s
Rendered 5595/18723, time remaining: 9m 23s
Rendered 5596/18723, time remaining: 9m 28s
Rendered 5597/18723, time remaining: 9m 22s
Rendered 5598/18723, time remaining: 9m 23s
Rendered 5599/18723, time remaining: 9m 23s
Rendered 5600/18723, time remaining: 9m 29s
Rendered 5601/18723, time remaining: 9m 18s
Rendered 5602/18723, time remaining: 9m 19s
Rendered 5603/18723, time remaining: 9m 24s
Rendered 5604/18723, time remaining: 9m 15s
Rendered 5605/18723, time remaining: 9m 27s
Rendered 5606/18723, time remaining: 9m 22s
Rendered 5607/18723, time remaining: 9m 22s
Rendered 5608/18723, time remaining: 9m 25s
Rendered 5609/18723, time remaining: 9m 22s
Rendered 5610/18723, time remaining: 9m 22s
Rendered 5611/18723, time remaining: 9m 15s
Rendered 5612/18723, time remaining: 9m 21s
Rendered 5613/18723, time remaining: 9m 25s
Rendered 5614/18723, time remaining: 9m 21s
Rendered 5615/18723, time remaining: 9m 19s
Rendered 5616/18723, time remaining: 9m 7s
Rendered 5617/18723, time remaining: 9m 18s
Rendered 5618/18723, time remaining: 9m 20s
Rendered 5619/18723, time remaining: 9m 20s
Rendered 5620/18723, time remaining: 9m 11s
Rendered 5621/18723, time remaining: 9m 10s
Rendered 5622/18723, time remaining: 9m 10s
Rendered 5623/18723, time remaining: 9m 10s
Rendered 5624/18723, time remaining: 9m 26s
Rendered 5625/18723, time remaining: 9m 20s
Rendered 5626/18723, time remaining: 9m 16s
Rendered 5627/18723, time remaining: 9m 21s
Rendered 5628/18723, time remaining: 9m 18s
Rendered 5629/18723, time remaining: 9m 17s
Rendered 5630/18723, time remaining: 9m 26s
Rendered 5631/18723, time remaining: 9m 23s
Rendered 5632/18723, time remaining: 9m 15s
Rendered 5633/18723, time remaining: 9m 13s
Rendered 5634/18723, time remaining: 9m 13s
Rendered 5635/18723, time remaining: 9m 20s
Rendered 5636/18723, time remaining: 9m 15s
Rendered 5637/18723, time remaining: 9m 14s
Rendered 5638/18723, time remaining: 9m 14s
Rendered 5639/18723, time remaining: 9m 3s
Rendered 5640/18723, time remaining: 9m 0s
Rendered 5641/18723, time remaining: 8m 57s
Rendered 5642/18723, time remaining: 9m 0s
Rendered 5643/18723, time remaining: 9m 9s
Rendered 5644/18723, time remaining: 9m 9s
Rendered 5645/18723, time remaining: 9m 9s
Rendered 5646/18723, time remaining: 9m 9s
Rendered 5647/18723, time remaining: 9m 4s
Rendered 5648/18723, time remaining: 9m 7s
Rendered 5649/18723, time remaining: 9m 7s
Rendered 5650/18723, time remaining: 9m 7s
Rendered 5651/18723, time remaining: 9m 9s
Rendered 5652/18723, time remaining: 9m 7s
Rendered 5653/18723, time remaining: 9m 7s
Rendered 5654/18723, time remaining: 9m 9s
Rendered 5655/18723, time remaining: 9m 10s
Rendered 5656/18723, time remaining: 9m 15s
Rendered 5657/18723, time remaining: 9m 18s
Rendered 5658/18723, time remaining: 9m 15s
Rendered 5659/18723, time remaining: 9m 12s
Rendered 5660/18723, time remaining: 9m 11s
Rendered 5661/18723, time remaining: 9m 10s
Rendered 5662/18723, time remaining: 9m 25s
Rendered 5663/18723, time remaining: 9m 14s
Rendered 5664/18723, time remaining: 9m 5s
Rendered 5665/18723, time remaining: 9m 12s
Rendered 5666/18723, time remaining: 9m 11s
Rendered 5667/18723, time remaining: 9m 9s
Rendered 5668/18723, time remaining: 9m 8s
Rendered 5669/18723, time remaining: 9m 16s
Rendered 5670/18723, time remaining: 9m 27s
Rendered 5671/18723, time remaining: 9m 25s
Rendered 5672/18723, time remaining: 9m 17s
Rendered 5673/18723, time remaining: 9m 10s
Rendered 5674/18723, time remaining: 9m 9s
Rendered 5675/18723, time remaining: 9m 19s
Rendered 5676/18723, time remaining: 9m 6s
Rendered 5677/18723, time remaining: 9m 18s
Rendered 5678/18723, time remaining: 9m 18s
Rendered 5679/18723, time remaining: 9m 18s
Rendered 5680/18723, time remaining: 9m 25s
Rendered 5681/18723, time remaining: 9m 24s
Rendered 5682/18723, time remaining: 9m 23s
Rendered 5683/18723, time remaining: 9m 23s
Rendered 5684/18723, time remaining: 9m 9s
Rendered 5685/18723, time remaining: 9m 9s
Rendered 5686/18723, time remaining: 9m 18s
Rendered 5687/18723, time remaining: 9m 17s
Rendered 5688/18723, time remaining: 9m 20s
Rendered 5689/18723, time remaining: 9m 23s
Rendered 5690/18723, time remaining: 9m 22s
Rendered 5691/18723, time remaining: 9m 13s
Rendered 5692/18723, time remaining: 9m 7s
Rendered 5693/18723, time remaining: 9m 5s
Rendered 5694/18723, time remaining: 9m 15s
Rendered 5695/18723, time remaining: 9m 23s
Rendered 5696/18723, time remaining: 9m 10s
Rendered 5697/18723, time remaining: 9m 13s
Rendered 5698/18723, time remaining: 9m 15s
Rendered 5699/18723, time remaining: 9m 15s
Rendered 5700/18723, time remaining: 9m 13s
Rendered 5701/18723, time remaining: 9m 18s
Rendered 5702/18723, time remaining: 9m 18s
Rendered 5703/18723, time remaining: 9m 20s
Rendered 5704/18723, time remaining: 9m 5s
Rendered 5705/18723, time remaining: 9m 5s
Rendered 5706/18723, time remaining: 9m 7s
Rendered 5707/18723, time remaining: 9m 13s
Rendered 5708/18723, time remaining: 9m 17s
Rendered 5709/18723, time remaining: 9m 17s
Rendered 5710/18723, time remaining: 9m 17s
Rendered 5711/18723, time remaining: 9m 13s
Rendered 5712/18723, time remaining: 8m 58s
Rendered 5713/18723, time remaining: 9m 7s
Rendered 5714/18723, time remaining: 9m 13s
Rendered 5715/18723, time remaining: 9m 7s
Rendered 5716/18723, time remaining: 9m 7s
Rendered 5717/18723, time remaining: 9m 7s
Rendered 5718/18723, time remaining: 9m 9s
Rendered 5719/18723, time remaining: 9m 4s
Rendered 5720/18723, time remaining: 8m 56s
Rendered 5721/18723, time remaining: 8m 54s
Rendered 5722/18723, time remaining: 8m 59s
Rendered 5723/18723, time remaining: 9m 0s
Rendered 5724/18723, time remaining: 9m 7s
Rendered 5725/18723, time remaining: 9m 6s
Rendered 5726/18723, time remaining: 8m 56s
Rendered 5727/18723, time remaining: 8m 54s
Rendered 5728/18723, time remaining: 8m 49s
Rendered 5729/18723, time remaining: 8m 54s
Rendered 5730/18723, time remaining: 9m 4s
Rendered 5731/18723, time remaining: 9m 4s
Rendered 5732/18723, time remaining: 8m 58s
Rendered 5733/18723, time remaining: 8m 59s
Rendered 5734/18723, time remaining: 8m 57s
Rendered 5735/18723, time remaining: 8m 57s
Rendered 5736/18723, time remaining: 8m 45s
Rendered 5737/18723, time remaining: 8m 51s
Rendered 5738/18723, time remaining: 9m 6s
Rendered 5739/18723, time remaining: 9m 4s
Rendered 5740/18723, time remaining: 9m 4s
Rendered 5741/18723, time remaining: 9m 4s
Rendered 5742/18723, time remaining: 9m 2s
Rendered 5743/18723, time remaining: 8m 57s
Rendered 5744/18723, time remaining: 8m 49s
Rendered 5745/18723, time remaining: 8m 48s
Rendered 5746/18723, time remaining: 8m 59s
Rendered 5747/18723, time remaining: 9m 3s
Rendered 5748/18723, time remaining: 9m 0s
Rendered 5749/18723, time remaining: 9m 2s
Rendered 5750/18723, time remaining: 8m 56s
Rendered 5751/18723, time remaining: 8m 56s
Rendered 5752/18723, time remaining: 9m 11s
Rendered 5753/18723, time remaining: 9m 10s
Rendered 5754/18723, time remaining: 9m 9s
Rendered 5755/18723, time remaining: 8m 57s
Rendered 5756/18723, time remaining: 8m 55s
Rendered 5757/18723, time remaining: 9m 3s
Rendered 5758/18723, time remaining: 8m 59s
Rendered 5759/18723, time remaining: 9m 8s
Rendered 5760/18723, time remaining: 9m 8s
Rendered 5761/18723, time remaining: 9m 19s
Rendered 5762/18723, time remaining: 9m 13s
Rendered 5763/18723, time remaining: 9m 4s
Rendered 5764/18723, time remaining: 9m 4s
Rendered 5765/18723, time remaining: 9m 10s
Rendered 5766/18723, time remaining: 9m 8s
Rendered 5767/18723, time remaining: 9m 1s
Rendered 5768/18723, time remaining: 9m 12s
Rendered 5769/18723, time remaining: 9m 17s
Rendered 5770/18723, time remaining: 9m 12s
Rendered 5771/18723, time remaining: 9m 12s
Rendered 5772/18723, time remaining: 9m 12s
Rendered 5773/18723, time remaining: 9m 13s
Rendered 5774/18723, time remaining: 8m 57s
Rendered 5775/18723, time remaining: 8m 59s
Rendered 5776/18723, time remaining: 9m 10s
Rendered 5777/18723, time remaining: 9m 2s
Rendered 5778/18723, time remaining: 9m 5s
Rendered 5779/18723, time remaining: 9m 5s
Rendered 5780/18723, time remaining: 8m 57s
Rendered 5781/18723, time remaining: 9m 6s
Rendered 5782/18723, time remaining: 9m 4s
Rendered 5783/18723, time remaining: 8m 59s
Rendered 5784/18723, time remaining: 9m 6s
Rendered 5785/18723, time remaining: 9m 6s
Rendered 5786/18723, time remaining: 9m 1s
Rendered 5787/18723, time remaining: 9m 1s
Rendered 5788/18723, time remaining: 9m 1s
Rendered 5789/18723, time remaining: 9m 9s
Rendered 5790/18723, time remaining: 9m 5s
Rendered 5791/18723, time remaining: 9m 5s
Rendered 5792/18723, time remaining: 9m 6s
Rendered 5793/18723, time remaining: 9m 3s
Rendered 5794/18723, time remaining: 9m 4s
Rendered 5795/18723, time remaining: 9m 5s
Rendered 5796/18723, time remaining: 8m 55s
Rendered 5797/18723, time remaining: 8m 56s
Rendered 5798/18723, time remaining: 8m 47s
Rendered 5799/18723, time remaining: 8m 53s
Rendered 5800/18723, time remaining: 9m 0s
Rendered 5801/18723, time remaining: 8m 53s
Rendered 5802/18723, time remaining: 8m 57s
Rendered 5803/18723, time remaining: 8m 59s
Rendered 5804/18723, time remaining: 8m 56s
Rendered 5805/18723, time remaining: 8m 55s
Rendered 5806/18723, time remaining: 8m 49s
Rendered 5807/18723, time remaining: 8m 40s
Rendered 5808/18723, time remaining: 8m 49s
Rendered 5809/18723, time remaining: 8m 53s
Rendered 5810/18723, time remaining: 8m 53s
Rendered 5811/18723, time remaining: 8m 57s
Rendered 5812/18723, time remaining: 8m 42s
Rendered 5813/18723, time remaining: 8m 43s
Rendered 5814/18723, time remaining: 8m 44s
Rendered 5815/18723, time remaining: 8m 47s
Rendered 5816/18723, time remaining: 8m 53s
Rendered 5817/18723, time remaining: 8m 56s
Rendered 5818/18723, time remaining: 8m 57s
Rendered 5819/18723, time remaining: 8m 50s
Rendered 5820/18723, time remaining: 8m 39s
Rendered 5821/18723, time remaining: 8m 38s
Rendered 5822/18723, time remaining: 8m 44s
Rendered 5823/18723, time remaining: 8m 44s
Rendered 5824/18723, time remaining: 8m 47s
Rendered 5825/18723, time remaining: 8m 50s
Rendered 5826/18723, time remaining: 8m 50s
Rendered 5827/18723, time remaining: 8m 39s
Rendered 5828/18723, time remaining: 8m 43s
Rendered 5829/18723, time remaining: 8m 45s
Rendered 5830/18723, time remaining: 8m 38s
Rendered 5831/18723, time remaining: 8m 43s
Rendered 5832/18723, time remaining: 8m 49s
Rendered 5833/18723, time remaining: 8m 41s
Rendered 5834/18723, time remaining: 8m 45s
Rendered 5835/18723, time remaining: 8m 49s
Rendered 5836/18723, time remaining: 8m 41s
Rendered 5837/18723, time remaining: 8m 45s
Rendered 5838/18723, time remaining: 8m 41s
Rendered 5839/18723, time remaining: 8m 42s
Rendered 5840/18723, time remaining: 8m 45s
Rendered 5841/18723, time remaining: 8m 41s
Rendered 5842/18723, time remaining: 8m 51s
Rendered 5843/18723, time remaining: 8m 50s
Rendered 5844/18723, time remaining: 8m 43s
Rendered 5845/18723, time remaining: 8m 40s
Rendered 5846/18723, time remaining: 8m 41s
Rendered 5847/18723, time remaining: 8m 43s
Rendered 5848/18723, time remaining: 8m 40s
Rendered 5849/18723, time remaining: 8m 42s
Rendered 5850/18723, time remaining: 8m 45s
Rendered 5851/18723, time remaining: 8m 40s
Rendered 5852/18723, time remaining: 8m 43s
Rendered 5853/18723, time remaining: 8m 42s
Rendered 5854/18723, time remaining: 8m 47s
Rendered 5855/18723, time remaining: 8m 51s
Rendered 5856/18723, time remaining: 8m 49s
Rendered 5857/18723, time remaining: 8m 43s
Rendered 5858/18723, time remaining: 8m 37s
Rendered 5859/18723, time remaining: 8m 37s
Rendered 5860/18723, time remaining: 8m 38s
Rendered 5861/18723, time remaining: 8m 44s
Rendered 5862/18723, time remaining: 8m 52s
Rendered 5863/18723, time remaining: 8m 42s
Rendered 5864/18723, time remaining: 8m 40s
Rendered 5865/18723, time remaining: 8m 40s
Rendered 5866/18723, time remaining: 8m 40s
Rendered 5867/18723, time remaining: 8m 41s
Rendered 5868/18723, time remaining: 8m 41s
Rendered 5869/18723, time remaining: 8m 38s
Rendered 5870/18723, time remaining: 8m 51s
Rendered 5871/18723, time remaining: 8m 45s
Rendered 5872/18723, time remaining: 8m 40s
Rendered 5873/18723, time remaining: 8m 48s
Rendered 5874/18723, time remaining: 8m 41s
Rendered 5875/18723, time remaining: 8m 42s
Rendered 5876/18723, time remaining: 8m 42s
Rendered 5877/18723, time remaining: 8m 41s
Rendered 5878/18723, time remaining: 8m 52s
Rendered 5879/18723, time remaining: 8m 47s
Rendered 5880/18723, time remaining: 8m 44s
Rendered 5881/18723, time remaining: 8m 44s
Rendered 5882/18723, time remaining: 8m 42s
Rendered 5883/18723, time remaining: 8m 35s
Rendered 5884/18723, time remaining: 8m 43s
Rendered 5885/18723, time remaining: 8m 43s
Rendered 5886/18723, time remaining: 8m 51s
Rendered 5887/18723, time remaining: 8m 45s
Rendered 5888/18723, time remaining: 8m 36s
Rendered 5889/18723, time remaining: 8m 36s
Rendered 5890/18723, time remaining: 8m 36s
Rendered 5891/18723, time remaining: 8m 38s
Rendered 5892/18723, time remaining: 8m 44s
Rendered 5893/18723, time remaining: 8m 44s
Rendered 5894/18723, time remaining: 8m 43s
Rendered 5895/18723, time remaining: 8m 43s
Rendered 5896/18723, time remaining: 8m 36s
Rendered 5897/18723, time remaining: 8m 31s
Rendered 5898/18723, time remaining: 8m 31s
Rendered 5899/18723, time remaining: 8m 46s
Rendered 5900/18723, time remaining: 8m 46s
Rendered 5901/18723, time remaining: 8m 49s
Rendered 5902/18723, time remaining: 8m 34s
Rendered 5903/18723, time remaining: 8m 30s
Rendered 5904/18723, time remaining: 8m 34s
Rendered 5905/18723, time remaining: 8m 34s
Rendered 5906/18723, time remaining: 8m 38s
Rendered 5907/18723, time remaining: 8m 43s
Rendered 5908/18723, time remaining: 8m 43s
Rendered 5909/18723, time remaining: 8m 35s
Rendered 5910/18723, time remaining: 8m 34s
Rendered 5911/18723, time remaining: 8m 22s
Rendered 5912/18723, time remaining: 8m 24s
Rendered 5913/18723, time remaining: 8m 32s
Rendered 5914/18723, time remaining: 8m 32s
Rendered 5915/18723, time remaining: 8m 36s
Rendered 5916/18723, time remaining: 8m 36s
Rendered 5917/18723, time remaining: 8m 40s
Rendered 5918/18723, time remaining: 8m 27s
Rendered 5919/18723, time remaining: 8m 21s
Rendered 5920/18723, time remaining: 8m 21s
Rendered 5921/18723, time remaining: 8m 31s
Rendered 5922/18723, time remaining: 8m 31s
Rendered 5923/18723, time remaining: 8m 29s
Rendered 5924/18723, time remaining: 8m 33s
Rendered 5925/18723, time remaining: 8m 38s
Rendered 5926/18723, time remaining: 8m 30s
Rendered 5927/18723, time remaining: 8m 31s
Rendered 5928/18723, time remaining: 8m 30s
Rendered 5929/18723, time remaining: 8m 30s
Rendered 5930/18723, time remaining: 8m 29s
Rendered 5931/18723, time remaining: 8m 19s
Rendered 5932/18723, time remaining: 8m 19s
Rendered 5933/18723, time remaining: 8m 28s
Rendered 5934/18723, time remaining: 8m 30s
Rendered 5935/18723, time remaining: 8m 27s
Rendered 5936/18723, time remaining: 8m 27s
Rendered 5937/18723, time remaining: 8m 27s
Rendered 5938/18723, time remaining: 8m 35s
Rendered 5939/18723, time remaining: 8m 25s
Rendered 5940/18723, time remaining: 8m 24s
Rendered 5941/18723, time remaining: 8m 30s
Rendered 5942/18723, time remaining: 8m 28s
Rendered 5943/18723, time remaining: 8m 21s
Rendered 5944/18723, time remaining: 8m 20s
Rendered 5945/18723, time remaining: 8m 27s
Rendered 5946/18723, time remaining: 8m 36s
Rendered 5947/18723, time remaining: 8m 35s
Rendered 5948/18723, time remaining: 8m 34s
Rendered 5949/18723, time remaining: 8m 29s
Rendered 5950/18723, time remaining: 8m 19s
Rendered 5951/18723, time remaining: 8m 23s
Rendered 5952/18723, time remaining: 8m 19s
Rendered 5953/18723, time remaining: 8m 27s
Rendered 5954/18723, time remaining: 8m 27s
Rendered 5955/18723, time remaining: 8m 28s
Rendered 5956/18723, time remaining: 8m 25s
Rendered 5957/18723, time remaining: 8m 35s
Rendered 5958/18723, time remaining: 8m 28s
Rendered 5959/18723, time remaining: 8m 24s
Rendered 5960/18723, time remaining: 8m 24s
Rendered 5961/18723, time remaining: 8m 28s
Rendered 5962/18723, time remaining: 8m 28s
Rendered 5963/18723, time remaining: 8m 28s
Rendered 5964/18723, time remaining: 8m 26s
Rendered 5965/18723, time remaining: 8m 31s
Rendered 5966/18723, time remaining: 8m 26s
Rendered 5967/18723, time remaining: 8m 22s
Rendered 5968/18723, time remaining: 8m 22s
Rendered 5969/18723, time remaining: 8m 20s
Rendered 5970/18723, time remaining: 8m 20s
Rendered 5971/18723, time remaining: 8m 21s
Rendered 5972/18723, time remaining: 8m 16s
Rendered 5973/18723, time remaining: 8m 29s
Rendered 5974/18723, time remaining: 8m 32s
Rendered 5975/18723, time remaining: 8m 21s
Rendered 5976/18723, time remaining: 8m 23s
Rendered 5977/18723, time remaining: 8m 23s
Rendered 5978/18723, time remaining: 8m 21s
Rendered 5979/18723, time remaining: 8m 27s
Rendered 5980/18723, time remaining: 8m 27s
Rendered 5981/18723, time remaining: 8m 22s
Rendered 5982/18723, time remaining: 8m 28s
Rendered 5983/18723, time remaining: 8m 26s
Rendered 5984/18723, time remaining: 8m 29s
Rendered 5985/18723, time remaining: 8m 25s
Rendered 5986/18723, time remaining: 8m 24s
Rendered 5987/18723, time remaining: 8m 23s
Rendered 5988/18723, time remaining: 8m 23s
Rendered 5989/18723, time remaining: 8m 19s
Rendered 5990/18723, time remaining: 8m 26s
Rendered 5991/18723, time remaining: 8m 25s
Rendered 5992/18723, time remaining: 8m 22s
Rendered 5993/18723, time remaining: 8m 25s
Rendered 5994/18723, time remaining: 8m 23s
Rendered 5995/18723, time remaining: 8m 19s
Rendered 5996/18723, time remaining: 8m 18s
Rendered 5997/18723, time remaining: 8m 21s
Rendered 5998/18723, time remaining: 8m 21s
Rendered 5999/18723, time remaining: 8m 19s
Rendered 6000/18723, time remaining: 8m 24s
Rendered 6001/18723, time remaining: 8m 29s
Rendered 6002/18723, time remaining: 8m 22s
Rendered 6003/18723, time remaining: 8m 25s
Rendered 6004/18723, time remaining: 8m 18s
Rendered 6005/18723, time remaining: 8m 14s
Rendered 6006/18723, time remaining: 8m 22s
Rendered 6007/18723, time remaining: 8m 21s
Rendered 6008/18723, time remaining: 8m 21s
Rendered 6009/18723, time remaining: 8m 31s
Rendered 6010/18723, time remaining: 8m 37s
Rendered 6011/18723, time remaining: 8m 28s
Rendered 6012/18723, time remaining: 8m 22s
Rendered 6013/18723, time remaining: 8m 20s
Rendered 6014/18723, time remaining: 8m 15s
Rendered 6015/18723, time remaining: 8m 16s
Rendered 6016/18723, time remaining: 8m 24s
Rendered 6017/18723, time remaining: 8m 25s
Rendered 6018/18723, time remaining: 8m 39s
Rendered 6019/18723, time remaining: 8m 37s
Rendered 6020/18723, time remaining: 8m 24s
Rendered 6021/18723, time remaining: 8m 24s
Rendered 6022/18723, time remaining: 8m 22s
Rendered 6023/18723, time remaining: 8m 14s
Rendered 6024/18723, time remaining: 8m 21s
Rendered 6025/18723, time remaining: 8m 20s
Rendered 6026/18723, time remaining: 8m 32s
Rendered 6027/18723, time remaining: 8m 37s
Rendered 6028/18723, time remaining: 8m 25s
Rendered 6029/18723, time remaining: 8m 24s
Rendered 6030/18723, time remaining: 8m 17s
Rendered 6031/18723, time remaining: 8m 21s
Rendered 6032/18723, time remaining: 8m 25s
Rendered 6033/18723, time remaining: 8m 26s
Rendered 6034/18723, time remaining: 8m 25s
Rendered 6035/18723, time remaining: 8m 30s
Rendered 6036/18723, time remaining: 8m 20s
Rendered 6037/18723, time remaining: 8m 21s
Rendered 6038/18723, time remaining: 8m 18s
Rendered 6039/18723, time remaining: 8m 19s
Rendered 6040/18723, time remaining: 8m 34s
Rendered 6041/18723, time remaining: 8m 34s
Rendered 6042/18723, time remaining: 8m 24s
Rendered 6043/18723, time remaining: 8m 25s
Rendered 6044/18723, time remaining: 8m 32s
Rendered 6045/18723, time remaining: 8m 31s
Rendered 6046/18723, time remaining: 8m 23s
Rendered 6047/18723, time remaining: 8m 23s
Rendered 6048/18723, time remaining: 8m 32s
Rendered 6049/18723, time remaining: 8m 24s
Rendered 6050/18723, time remaining: 8m 23s
Rendered 6051/18723, time remaining: 8m 20s
Rendered 6052/18723, time remaining: 8m 27s
Rendered 6053/18723, time remaining: 8m 30s
Rendered 6054/18723, time remaining: 8m 26s
Rendered 6055/18723, time remaining: 8m 26s
Rendered 6056/18723, time remaining: 8m 24s
Rendered 6057/18723, time remaining: 8m 11s
Rendered 6058/18723, time remaining: 8m 24s
Rendered 6059/18723, time remaining: 8m 24s
Rendered 6060/18723, time remaining: 8m 24s
Rendered 6061/18723, time remaining: 8m 35s
Rendered 6062/18723, time remaining: 8m 34s
Rendered 6063/18723, time remaining: 8m 26s
Rendered 6064/18723, time remaining: 8m 30s
Rendered 6065/18723, time remaining: 8m 19s
Rendered 6066/18723, time remaining: 8m 20s
Rendered 6067/18723, time remaining: 8m 12s
Rendered 6068/18723, time remaining: 8m 20s
Rendered 6069/18723, time remaining: 8m 28s
Rendered 6070/18723, time remaining: 8m 28s
Rendered 6071/18723, time remaining: 8m 19s
Rendered 6072/18723, time remaining: 8m 27s
Rendered 6073/18723, time remaining: 8m 27s
Rendered 6074/18723, time remaining: 8m 27s
Rendered 6075/18723, time remaining: 8m 20s
Rendered 6076/18723, time remaining: 8m 19s
Rendered 6077/18723, time remaining: 8m 23s
Rendered 6078/18723, time remaining: 8m 21s
Rendered 6079/18723, time remaining: 8m 23s
Rendered 6080/18723, time remaining: 8m 32s
Rendered 6081/18723, time remaining: 8m 35s
Rendered 6082/18723, time remaining: 8m 37s
Rendered 6083/18723, time remaining: 8m 28s
Rendered 6084/18723, time remaining: 8m 20s
Rendered 6085/18723, time remaining: 8m 16s
Rendered 6086/18723, time remaining: 8m 17s
Rendered 6087/18723, time remaining: 8m 26s
Rendered 6088/18723, time remaining: 8m 28s
Rendered 6089/18723, time remaining: 8m 29s
Rendered 6090/18723, time remaining: 8m 30s
Rendered 6091/18723, time remaining: 8m 24s
Rendered 6092/18723, time remaining: 8m 22s
Rendered 6093/18723, time remaining: 8m 23s
Rendered 6094/18723, time remaining: 8m 26s
Rendered 6095/18723, time remaining: 8m 22s
Rendered 6096/18723, time remaining: 8m 20s
Rendered 6097/18723, time remaining: 8m 26s
Rendered 6098/18723, time remaining: 8m 26s
Rendered 6099/18723, time remaining: 8m 26s
Rendered 6100/18723, time remaining: 8m 28s
Rendered 6101/18723, time remaining: 8m 29s
Rendered 6102/18723, time remaining: 8m 29s
Rendered 6103/18723, time remaining: 8m 24s
Rendered 6104/18723, time remaining: 8m 32s
Rendered 6105/18723, time remaining: 8m 29s
Rendered 6106/18723, time remaining: 8m 31s
Rendered 6107/18723, time remaining: 8m 20s
Rendered 6108/18723, time remaining: 8m 26s
Rendered 6109/18723, time remaining: 8m 26s
Rendered 6110/18723, time remaining: 8m 26s
Rendered 6111/18723, time remaining: 8m 23s
Rendered 6112/18723, time remaining: 8m 27s
Rendered 6113/18723, time remaining: 8m 37s
Rendered 6114/18723, time remaining: 8m 38s
Rendered 6115/18723, time remaining: 8m 23s
Rendered 6116/18723, time remaining: 8m 23s
Rendered 6117/18723, time remaining: 8m 30s
Rendered 6118/18723, time remaining: 8m 29s
Rendered 6119/18723, time remaining: 8m 30s
Rendered 6120/18723, time remaining: 8m 30s
Rendered 6121/18723, time remaining: 8m 41s
Rendered 6122/18723, time remaining: 8m 39s
Rendered 6123/18723, time remaining: 8m 30s
Rendered 6124/18723, time remaining: 8m 28s
Rendered 6125/18723, time remaining: 8m 33s
Rendered 6126/18723, time remaining: 8m 31s
Rendered 6127/18723, time remaining: 8m 30s
Rendered 6128/18723, time remaining: 8m 28s
Rendered 6129/18723, time remaining: 8m 27s
Rendered 6130/18723, time remaining: 8m 27s
Rendered 6131/18723, time remaining: 8m 33s
Rendered 6132/18723, time remaining: 8m 21s
Rendered 6133/18723, time remaining: 8m 31s
Rendered 6134/18723, time remaining: 8m 24s
Rendered 6135/18723, time remaining: 8m 24s
Rendered 6136/18723, time remaining: 8m 33s
Rendered 6137/18723, time remaining: 8m 33s
Rendered 6138/18723, time remaining: 8m 33s
Rendered 6139/18723, time remaining: 8m 34s
Rendered 6140/18723, time remaining: 8m 24s
Rendered 6141/18723, time remaining: 8m 36s
Rendered 6142/18723, time remaining: 8m 29s
Rendered 6143/18723, time remaining: 8m 26s
Rendered 6144/18723, time remaining: 8m 30s
Rendered 6145/18723, time remaining: 8m 37s
Rendered 6146/18723, time remaining: 8m 37s
Rendered 6147/18723, time remaining: 8m 30s
Rendered 6148/18723, time remaining: 8m 36s
Rendered 6149/18723, time remaining: 8m 40s
Rendered 6150/18723, time remaining: 8m 29s
Rendered 6151/18723, time remaining: 8m 25s
Rendered 6152/18723, time remaining: 8m 25s
Rendered 6153/18723, time remaining: 8m 34s
Rendered 6154/18723, time remaining: 8m 33s
Rendered 6155/18723, time remaining: 8m 32s
Rendered 6156/18723, time remaining: 8m 26s
Rendered 6157/18723, time remaining: 8m 28s
Rendered 6158/18723, time remaining: 8m 33s
Rendered 6159/18723, time remaining: 8m 26s
Rendered 6160/18723, time remaining: 8m 27s
Rendered 6161/18723, time remaining: 8m 27s
Rendered 6162/18723, time remaining: 8m 26s
Rendered 6163/18723, time remaining: 8m 34s
Rendered 6164/18723, time remaining: 8m 37s
Rendered 6165/18723, time remaining: 8m 36s
Rendered 6166/18723, time remaining: 8m 31s
Rendered 6167/18723, time remaining: 8m 34s
Rendered 6168/18723, time remaining: 8m 18s
Rendered 6169/18723, time remaining: 8m 18s
Rendered 6170/18723, time remaining: 8m 23s
Rendered 6171/18723, time remaining: 8m 40s
Rendered 6172/18723, time remaining: 8m 40s
Rendered 6173/18723, time remaining: 8m 41s
Rendered 6174/18723, time remaining: 8m 33s
Rendered 6175/18723, time remaining: 8m 34s
Rendered 6176/18723, time remaining: 8m 30s
Rendered 6177/18723, time remaining: 8m 24s
Rendered 6178/18723, time remaining: 8m 23s
Rendered 6179/18723, time remaining: 8m 36s
Rendered 6180/18723, time remaining: 8m 39s
Rendered 6181/18723, time remaining: 8m 35s
Rendered 6182/18723, time remaining: 8m 32s
Rendered 6183/18723, time remaining: 8m 39s
Rendered 6184/18723, time remaining: 8m 33s
Rendered 6185/18723, time remaining: 8m 27s
Rendered 6186/18723, time remaining: 8m 27s
Rendered 6187/18723, time remaining: 8m 45s
Rendered 6188/18723, time remaining: 8m 42s
Rendered 6189/18723, time remaining: 8m 41s
Rendered 6190/18723, time remaining: 8m 26s
Rendered 6191/18723, time remaining: 8m 24s
Rendered 6192/18723, time remaining: 8m 32s
Rendered 6193/18723, time remaining: 8m 31s
Rendered 6194/18723, time remaining: 8m 24s
Rendered 6195/18723, time remaining: 8m 37s
Rendered 6196/18723, time remaining: 8m 39s
Rendered 6197/18723, time remaining: 8m 39s
Rendered 6198/18723, time remaining: 8m 31s
Rendered 6199/18723, time remaining: 8m 27s
Rendered 6200/18723, time remaining: 8m 28s
Rendered 6201/18723, time remaining: 8m 28s
Rendered 6202/18723, time remaining: 8m 20s
Rendered 6203/18723, time remaining: 8m 28s
Rendered 6204/18723, time remaining: 8m 38s
Rendered 6205/18723, time remaining: 8m 37s
Rendered 6206/18723, time remaining: 8m 35s
Rendered 6207/18723, time remaining: 8m 34s
Rendered 6208/18723, time remaining: 8m 26s
Rendered 6209/18723, time remaining: 8m 27s
Rendered 6210/18723, time remaining: 8m 27s
Rendered 6211/18723, time remaining: 8m 30s
Rendered 6212/18723, time remaining: 8m 30s
Rendered 6213/18723, time remaining: 8m 31s
Rendered 6214/18723, time remaining: 8m 35s
Rendered 6215/18723, time remaining: 8m 35s
Rendered 6216/18723, time remaining: 8m 39s
Rendered 6217/18723, time remaining: 8m 39s
Rendered 6218/18723, time remaining: 8m 33s
Rendered 6219/18723, time remaining: 8m 26s
Rendered 6220/18723, time remaining: 8m 29s
Rendered 6221/18723, time remaining: 8m 30s
Rendered 6222/18723, time remaining: 8m 33s
Rendered 6223/18723, time remaining: 8m 34s
Rendered 6224/18723, time remaining: 8m 33s
Rendered 6225/18723, time remaining: 8m 33s
Rendered 6226/18723, time remaining: 8m 31s
Rendered 6227/18723, time remaining: 8m 31s
Rendered 6228/18723, time remaining: 8m 33s
Rendered 6229/18723, time remaining: 8m 31s
Rendered 6230/18723, time remaining: 8m 27s
Rendered 6231/18723, time remaining: 8m 27s
Rendered 6232/18723, time remaining: 8m 26s
Rendered 6233/18723, time remaining: 8m 26s
Rendered 6234/18723, time remaining: 8m 33s
Rendered 6235/18723, time remaining: 8m 33s
Rendered 6236/18723, time remaining: 8m 32s
Rendered 6237/18723, time remaining: 8m 33s
Rendered 6238/18723, time remaining: 8m 24s
Rendered 6239/18723, time remaining: 8m 24s
Rendered 6240/18723, time remaining: 8m 29s
Rendered 6241/18723, time remaining: 8m 34s
Rendered 6242/18723, time remaining: 8m 36s
Rendered 6243/18723, time remaining: 8m 34s
Rendered 6244/18723, time remaining: 8m 32s
Rendered 6245/18723, time remaining: 8m 28s
Rendered 6246/18723, time remaining: 8m 23s
Rendered 6247/18723, time remaining: 8m 18s
Rendered 6248/18723, time remaining: 8m 33s
Rendered 6249/18723, time remaining: 8m 34s
Rendered 6250/18723, time remaining: 8m 31s
Rendered 6251/18723, time remaining: 8m 25s
Rendered 6252/18723, time remaining: 8m 25s
Rendered 6253/18723, time remaining: 8m 22s
Rendered 6254/18723, time remaining: 8m 23s
Rendered 6255/18723, time remaining: 8m 25s
Rendered 6256/18723, time remaining: 8m 33s
Rendered 6257/18723, time remaining: 8m 35s
Rendered 6258/18723, time remaining: 8m 28s
Rendered 6259/18723, time remaining: 8m 27s
Rendered 6260/18723, time remaining: 8m 27s
Rendered 6261/18723, time remaining: 8m 28s
Rendered 6262/18723, time remaining: 8m 25s
Rendered 6263/18723, time remaining: 8m 16s
Rendered 6264/18723, time remaining: 8m 23s
Rendered 6265/18723, time remaining: 8m 28s
Rendered 6266/18723, time remaining: 8m 28s
Rendered 6267/18723, time remaining: 8m 21s
Rendered 6268/18723, time remaining: 8m 21s
Rendered 6269/18723, time remaining: 8m 23s
Rendered 6270/18723, time remaining: 8m 33s
Rendered 6271/18723, time remaining: 8m 28s
Rendered 6272/18723, time remaining: 8m 28s
Rendered 6273/18723, time remaining: 8m 24s
Rendered 6274/18723, time remaining: 8m 21s
Rendered 6275/18723, time remaining: 8m 20s
Rendered 6276/18723, time remaining: 8m 20s
Rendered 6277/18723, time remaining: 8m 21s
Rendered 6278/18723, time remaining: 8m 30s
Rendered 6279/18723, time remaining: 8m 30s
Rendered 6280/18723, time remaining: 8m 30s
Rendered 6281/18723, time remaining: 8m 23s
Rendered 6282/18723, time remaining: 8m 23s
Rendered 6283/18723, time remaining: 8m 14s
Rendered 6284/18723, time remaining: 8m 15s
Rendered 6285/18723, time remaining: 8m 24s
Rendered 6286/18723, time remaining: 8m 24s
Rendered 6287/18723, time remaining: 8m 21s
Rendered 6288/18723, time remaining: 8m 25s
Rendered 6289/18723, time remaining: 8m 25s
Rendered 6290/18723, time remaining: 8m 24s
Rendered 6291/18723, time remaining: 8m 12s
Rendered 6292/18723, time remaining: 8m 20s
Rendered 6293/18723, time remaining: 8m 27s
Rendered 6294/18723, time remaining: 8m 22s
Rendered 6295/18723, time remaining: 8m 13s
Rendered 6296/18723, time remaining: 8m 17s
Rendered 6297/18723, time remaining: 8m 18s
Rendered 6298/18723, time remaining: 8m 13s
Rendered 6299/18723, time remaining: 8m 15s
Rendered 6300/18723, time remaining: 8m 20s
Rendered 6301/18723, time remaining: 8m 27s
Rendered 6302/18723, time remaining: 8m 24s
Rendered 6303/18723, time remaining: 8m 21s
Rendered 6304/18723, time remaining: 8m 21s
Rendered 6305/18723, time remaining: 8m 21s
Rendered 6306/18723, time remaining: 8m 19s
Rendered 6307/18723, time remaining: 8m 18s
Rendered 6308/18723, time remaining: 8m 23s
Rendered 6309/18723, time remaining: 8m 23s
Rendered 6310/18723, time remaining: 8m 19s
Rendered 6311/18723, time remaining: 8m 25s
Rendered 6312/18723, time remaining: 8m 24s
Rendered 6313/18723, time remaining: 8m 16s
Rendered 6314/18723, time remaining: 8m 13s
Rendered 6315/18723, time remaining: 8m 16s
Rendered 6316/18723, time remaining: 8m 30s
Rendered 6317/18723, time remaining: 8m 25s
Rendered 6318/18723, time remaining: 8m 25s
Rendered 6319/18723, time remaining: 8m 25s
Rendered 6320/18723, time remaining: 8m 21s
Rendered 6321/18723, time remaining: 8m 6s
Rendered 6322/18723, time remaining: 8m 14s
Rendered 6323/18723, time remaining: 8m 15s
Rendered 6324/18723, time remaining: 8m 20s
Rendered 6325/18723, time remaining: 8m 19s
Rendered 6326/18723, time remaining: 8m 14s
Rendered 6327/18723, time remaining: 8m 23s
Rendered 6328/18723, time remaining: 8m 23s
Rendered 6329/18723, time remaining: 8m 11s
Rendered 6330/18723, time remaining: 8m 8s
Rendered 6331/18723, time remaining: 8m 16s
Rendered 6332/18723, time remaining: 8m 24s
Rendered 6333/18723, time remaining: 8m 19s
Rendered 6334/18723, time remaining: 8m 20s
Rendered 6335/18723, time remaining: 8m 21s
Rendered 6336/18723, time remaining: 8m 22s
Rendered 6337/18723, time remaining: 8m 5s
Rendered 6338/18723, time remaining: 8m 5s
Rendered 6339/18723, time remaining: 8m 10s
Rendered 6340/18723, time remaining: 8m 23s
Rendered 6341/18723, time remaining: 8m 24s
Rendered 6342/18723, time remaining: 8m 19s
Rendered 6343/18723, time remaining: 8m 19s
Rendered 6344/18723, time remaining: 8m 21s
Rendered 6345/18723, time remaining: 8m 8s
Rendered 6346/18723, time remaining: 8m 8s
Rendered 6347/18723, time remaining: 8m 11s
Rendered 6348/18723, time remaining: 8m 11s
Rendered 6349/18723, time remaining: 8m 10s
Rendered 6350/18723, time remaining: 8m 18s
Rendered 6351/18723, time remaining: 8m 20s
Rendered 6352/18723, time remaining: 8m 20s
Rendered 6353/18723, time remaining: 8m 12s
Rendered 6354/18723, time remaining: 8m 8s
Rendered 6355/18723, time remaining: 8m 15s
Rendered 6356/18723, time remaining: 8m 16s
Rendered 6357/18723, time remaining: 8m 17s
Rendered 6358/18723, time remaining: 8m 16s
Rendered 6359/18723, time remaining: 8m 14s
Rendered 6360/18723, time remaining: 8m 15s
Rendered 6361/18723, time remaining: 8m 3s
Rendered 6362/18723, time remaining: 8m 18s
Rendered 6363/18723, time remaining: 8m 17s
Rendered 6364/18723, time remaining: 8m 10s
Rendered 6365/18723, time remaining: 8m 18s
Rendered 6366/18723, time remaining: 8m 13s
Rendered 6367/18723, time remaining: 8m 13s
Rendered 6368/18723, time remaining: 8m 10s
Rendered 6369/18723, time remaining: 8m 23s
Rendered 6370/18723, time remaining: 8m 23s
Rendered 6371/18723, time remaining: 8m 32s
Rendered 6372/18723, time remaining: 8m 22s
Rendered 6373/18723, time remaining: 8m 22s
Rendered 6374/18723, time remaining: 8m 16s
Rendered 6375/18723, time remaining: 8m 16s
Rendered 6376/18723, time remaining: 8m 16s
Rendered 6377/18723, time remaining: 8m 16s
Rendered 6378/18723, time remaining: 8m 22s
Rendered 6379/18723, time remaining: 8m 23s
Rendered 6380/18723, time remaining: 8m 25s
Rendered 6381/18723, time remaining: 8m 20s
Rendered 6382/18723, time remaining: 8m 19s
Rendered 6383/18723, time remaining: 8m 22s
Rendered 6384/18723, time remaining: 8m 19s
Rendered 6385/18723, time remaining: 8m 18s
Rendered 6386/18723, time remaining: 8m 26s
Rendered 6387/18723, time remaining: 8m 21s
Rendered 6388/18723, time remaining: 8m 25s
Rendered 6389/18723, time remaining: 8m 25s
Rendered 6390/18723, time remaining: 8m 24s
Rendered 6391/18723, time remaining: 8m 21s
Rendered 6392/18723, time remaining: 8m 18s
Rendered 6393/18723, time remaining: 8m 18s
Rendered 6394/18723, time remaining: 8m 23s
Rendered 6395/18723, time remaining: 8m 23s
Rendered 6396/18723, time remaining: 8m 33s
Rendered 6397/18723, time remaining: 8m 33s
Rendered 6398/18723, time remaining: 8m 21s
Rendered 6399/18723, time remaining: 8m 23s
Rendered 6400/18723, time remaining: 8m 22s
Rendered 6401/18723, time remaining: 8m 21s
Rendered 6402/18723, time remaining: 8m 23s
Rendered 6403/18723, time remaining: 8m 29s
Rendered 6404/18723, time remaining: 8m 26s
Rendered 6405/18723, time remaining: 8m 26s
Rendered 6406/18723, time remaining: 8m 18s
Rendered 6407/18723, time remaining: 8m 17s
Rendered 6408/18723, time remaining: 8m 26s
Rendered 6409/18723, time remaining: 8m 26s
Rendered 6410/18723, time remaining: 8m 29s
Rendered 6411/18723, time remaining: 8m 23s
Rendered 6412/18723, time remaining: 8m 30s
Rendered 6413/18723, time remaining: 8m 29s
Rendered 6414/18723, time remaining: 8m 22s
Rendered 6415/18723, time remaining: 8m 21s
Rendered 6416/18723, time remaining: 8m 22s
Rendered 6417/18723, time remaining: 8m 32s
Rendered 6418/18723, time remaining: 8m 32s
Rendered 6419/18723, time remaining: 8m 29s
Rendered 6420/18723, time remaining: 8m 26s
Rendered 6421/18723, time remaining: 8m 23s
Rendered 6422/18723, time remaining: 8m 24s
Rendered 6423/18723, time remaining: 8m 24s
Rendered 6424/18723, time remaining: 8m 26s
Rendered 6425/18723, time remaining: 8m 23s
Rendered 6426/18723, time remaining: 8m 25s
Rendered 6427/18723, time remaining: 8m 25s
Rendered 6428/18723, time remaining: 8m 25s
Rendered 6429/18723, time remaining: 8m 24s
Rendered 6430/18723, time remaining: 8m 24s
Rendered 6431/18723, time remaining: 8m 24s
Rendered 6432/18723, time remaining: 8m 24s
Rendered 6433/18723, time remaining: 8m 24s
Rendered 6434/18723, time remaining: 8m 31s
Rendered 6435/18723, time remaining: 8m 31s
Rendered 6436/18723, time remaining: 8m 28s
Rendered 6437/18723, time remaining: 8m 27s
Rendered 6438/18723, time remaining: 8m 20s
Rendered 6439/18723, time remaining: 8m 21s
Rendered 6440/18723, time remaining: 8m 25s
Rendered 6441/18723, time remaining: 8m 27s
Rendered 6442/18723, time remaining: 8m 22s
Rendered 6443/18723, time remaining: 8m 23s
Rendered 6444/18723, time remaining: 8m 26s
Rendered 6445/18723, time remaining: 8m 26s
Rendered 6446/18723, time remaining: 8m 27s
Rendered 6447/18723, time remaining: 8m 30s
Rendered 6448/18723, time remaining: 8m 29s
Rendered 6449/18723, time remaining: 8m 24s
Rendered 6450/18723, time remaining: 8m 25s
Rendered 6451/18723, time remaining: 8m 28s
Rendered 6452/18723, time remaining: 8m 28s
Rendered 6453/18723, time remaining: 8m 20s
Rendered 6454/18723, time remaining: 8m 27s
Rendered 6455/18723, time remaining: 8m 27s
Rendered 6456/18723, time remaining: 8m 27s
Rendered 6457/18723, time remaining: 8m 27s
Rendered 6458/18723, time remaining: 8m 26s
Rendered 6459/18723, time remaining: 8m 23s
Rendered 6460/18723, time remaining: 8m 19s
Rendered 6461/18723, time remaining: 8m 16s
Rendered 6462/18723, time remaining: 8m 30s
Rendered 6463/18723, time remaining: 8m 30s
Rendered 6464/18723, time remaining: 8m 30s
Rendered 6465/18723, time remaining: 8m 27s
Rendered 6466/18723, time remaining: 8m 15s
Rendered 6467/18723, time remaining: 8m 15s
Rendered 6468/18723, time remaining: 8m 15s
Rendered 6469/18723, time remaining: 8m 19s
Rendered 6470/18723, time remaining: 8m 31s
Rendered 6471/18723, time remaining: 8m 33s
Rendered 6472/18723, time remaining: 8m 26s
Rendered 6473/18723, time remaining: 8m 24s
Rendered 6474/18723, time remaining: 8m 21s
Rendered 6475/18723, time remaining: 8m 22s
Rendered 6476/18723, time remaining: 8m 20s
Rendered 6477/18723, time remaining: 8m 14s
Rendered 6478/18723, time remaining: 8m 28s
Rendered 6479/18723, time remaining: 8m 28s
Rendered 6480/18723, time remaining: 8m 31s
Rendered 6481/18723, time remaining: 8m 24s
Rendered 6482/18723, time remaining: 8m 20s
Rendered 6483/18723, time remaining: 8m 19s
Rendered 6484/18723, time remaining: 8m 17s
Rendered 6485/18723, time remaining: 8m 20s
Rendered 6486/18723, time remaining: 8m 24s
Rendered 6487/18723, time remaining: 8m 28s
Rendered 6488/18723, time remaining: 8m 34s
Rendered 6489/18723, time remaining: 8m 33s
Rendered 6490/18723, time remaining: 8m 21s
Rendered 6491/18723, time remaining: 8m 19s
Rendered 6492/18723, time remaining: 8m 16s
Rendered 6493/18723, time remaining: 8m 16s
Rendered 6494/18723, time remaining: 8m 22s
Rendered 6495/18723, time remaining: 8m 21s
Rendered 6496/18723, time remaining: 8m 34s
Rendered 6497/18723, time remaining: 8m 34s
Rendered 6498/18723, time remaining: 8m 32s
Rendered 6499/18723, time remaining: 8m 29s
Rendered 6500/18723, time remaining: 8m 20s
Rendered 6501/18723, time remaining: 8m 26s
Rendered 6502/18723, time remaining: 8m 26s
Rendered 6503/18723, time remaining: 8m 25s
Rendered 6504/18723, time remaining: 8m 29s
Rendered 6505/18723, time remaining: 8m 26s
Rendered 6506/18723, time remaining: 8m 25s
Rendered 6507/18723, time remaining: 8m 25s
Rendered 6508/18723, time remaining: 8m 22s
Rendered 6509/18723, time remaining: 8m 24s
Rendered 6510/18723, time remaining: 8m 24s
Rendered 6511/18723, time remaining: 8m 33s
Rendered 6512/18723, time remaining: 8m 33s
Rendered 6513/18723, time remaining: 8m 34s
Rendered 6514/18723, time remaining: 8m 33s
Rendered 6515/18723, time remaining: 8m 25s
Rendered 6516/18723, time remaining: 8m 25s
Rendered 6517/18723, time remaining: 8m 32s
Rendered 6518/18723, time remaining: 8m 33s
Rendered 6519/18723, time remaining: 8m 22s
Rendered 6520/18723, time remaining: 8m 34s
Rendered 6521/18723, time remaining: 8m 22s
Rendered 6522/18723, time remaining: 8m 22s
Rendered 6523/18723, time remaining: 8m 21s
Rendered 6524/18723, time remaining: 8m 19s
Rendered 6525/18723, time remaining: 8m 23s
Rendered 6526/18723, time remaining: 8m 23s
Rendered 6527/18723, time remaining: 8m 26s
Rendered 6528/18723, time remaining: 8m 23s
Rendered 6529/18723, time remaining: 8m 23s
Rendered 6530/18723, time remaining: 8m 18s
Rendered 6531/18723, time remaining: 8m 23s
Rendered 6532/18723, time remaining: 8m 22s
Rendered 6533/18723, time remaining: 8m 27s
Rendered 6534/18723, time remaining: 8m 23s
Rendered 6535/18723, time remaining: 8m 25s
Rendered 6536/18723, time remaining: 8m 19s
Rendered 6537/18723, time remaining: 8m 22s
Rendered 6538/18723, time remaining: 8m 16s
Rendered 6539/18723, time remaining: 8m 27s
Rendered 6540/18723, time remaining: 8m 22s
Rendered 6541/18723, time remaining: 8m 25s
Rendered 6542/18723, time remaining: 8m 25s
Rendered 6543/18723, time remaining: 8m 25s
Rendered 6544/18723, time remaining: 8m 21s
Rendered 6545/18723, time remaining: 8m 29s
Rendered 6546/18723, time remaining: 8m 19s
Rendered 6547/18723, time remaining: 8m 22s
Rendered 6548/18723, time remaining: 8m 18s
Rendered 6549/18723, time remaining: 8m 26s
Rendered 6550/18723, time remaining: 8m 26s
Rendered 6551/18723, time remaining: 8m 26s
Rendered 6552/18723, time remaining: 8m 24s
Rendered 6553/18723, time remaining: 8m 20s
Rendered 6554/18723, time remaining: 8m 22s
Rendered 6555/18723, time remaining: 8m 21s
Rendered 6556/18723, time remaining: 8m 24s
Rendered 6557/18723, time remaining: 8m 30s
Rendered 6558/18723, time remaining: 8m 21s
Rendered 6559/18723, time remaining: 8m 22s
Rendered 6560/18723, time remaining: 8m 19s
Rendered 6561/18723, time remaining: 8m 26s
Rendered 6562/18723, time remaining: 8m 23s
Rendered 6563/18723, time remaining: 8m 23s
Rendered 6564/18723, time remaining: 8m 22s
Rendered 6565/18723, time remaining: 8m 26s
Rendered 6566/18723, time remaining: 8m 24s
Rendered 6567/18723, time remaining: 8m 15s
Rendered 6568/18723, time remaining: 8m 14s
Rendered 6569/18723, time remaining: 8m 30s
Rendered 6570/18723, time remaining: 8m 22s
Rendered 6571/18723, time remaining: 8m 18s
Rendered 6572/18723, time remaining: 8m 18s
Rendered 6573/18723, time remaining: 8m 25s
Rendered 6574/18723, time remaining: 8m 23s
Rendered 6575/18723, time remaining: 8m 19s
Rendered 6576/18723, time remaining: 8m 16s
Rendered 6577/18723, time remaining: 8m 31s
Rendered 6578/18723, time remaining: 8m 21s
Rendered 6579/18723, time remaining: 8m 14s
Rendered 6580/18723, time remaining: 8m 16s
Rendered 6581/18723, time remaining: 8m 20s
Rendered 6582/18723, time remaining: 8m 20s
Rendered 6583/18723, time remaining: 8m 24s
Rendered 6584/18723, time remaining: 8m 22s
Rendered 6585/18723, time remaining: 8m 20s
Rendered 6586/18723, time remaining: 8m 14s
Rendered 6587/18723, time remaining: 8m 15s
Rendered 6588/18723, time remaining: 8m 18s
Rendered 6589/18723, time remaining: 8m 17s
Rendered 6590/18723, time remaining: 8m 16s
Rendered 6591/18723, time remaining: 8m 14s
Rendered 6592/18723, time remaining: 8m 19s
Rendered 6593/18723, time remaining: 8m 21s
Rendered 6594/18723, time remaining: 8m 18s
Rendered 6595/18723, time remaining: 8m 18s
Rendered 6596/18723, time remaining: 8m 19s
Rendered 6597/18723, time remaining: 8m 17s
Rendered 6598/18723, time remaining: 8m 16s
Rendered 6599/18723, time remaining: 8m 14s
Rendered 6600/18723, time remaining: 8m 17s
Rendered 6601/18723, time remaining: 8m 15s
Rendered 6602/18723, time remaining: 8m 15s
Rendered 6603/18723, time remaining: 8m 14s
Rendered 6604/18723, time remaining: 8m 13s
Rendered 6605/18723, time remaining: 8m 13s
Rendered 6606/18723, time remaining: 8m 13s
Rendered 6607/18723, time remaining: 8m 17s
Rendered 6608/18723, time remaining: 8m 8s
Rendered 6609/18723, time remaining: 8m 23s
Rendered 6610/18723, time remaining: 8m 23s
Rendered 6611/18723, time remaining: 8m 20s
Rendered 6612/18723, time remaining: 8m 6s
Rendered 6613/18723, time remaining: 8m 6s
Rendered 6614/18723, time remaining: 8m 12s
Rendered 6615/18723, time remaining: 8m 12s
Rendered 6616/18723, time remaining: 8m 21s
Rendered 6617/18723, time remaining: 8m 21s
Rendered 6618/18723, time remaining: 8m 22s
Rendered 6619/18723, time remaining: 8m 18s
Rendered 6620/18723, time remaining: 8m 6s
Rendered 6621/18723, time remaining: 8m 4s
Rendered 6622/18723, time remaining: 8m 4s
Rendered 6623/18723, time remaining: 8m 11s
Rendered 6624/18723, time remaining: 8m 24s
Rendered 6625/18723, time remaining: 8m 23s
Rendered 6626/18723, time remaining: 8m 23s
Rendered 6627/18723, time remaining: 8m 21s
Rendered 6628/18723, time remaining: 8m 8s
Rendered 6629/18723, time remaining: 8m 9s
Rendered 6630/18723, time remaining: 8m 6s
Rendered 6631/18723, time remaining: 8m 12s
Rendered 6632/18723, time remaining: 8m 15s
Rendered 6633/18723, time remaining: 8m 16s
Rendered 6634/18723, time remaining: 8m 17s
Rendered 6635/18723, time remaining: 8m 13s
Rendered 6636/18723, time remaining: 8m 9s
Rendered 6637/18723, time remaining: 8m 5s
Rendered 6638/18723, time remaining: 7m 59s
Rendered 6639/18723, time remaining: 7m 56s
Rendered 6640/18723, time remaining: 7m 58s
Rendered 6641/18723, time remaining: 7m 58s
Rendered 6642/18723, time remaining: 7m 58s
Rendered 6643/18723, time remaining: 7m 58s
Rendered 6644/18723, time remaining: 7m 51s
Rendered 6645/18723, time remaining: 7m 52s
Rendered 6646/18723, time remaining: 7m 39s
Rendered 6647/18723, time remaining: 7m 36s
Rendered 6648/18723, time remaining: 7m 40s
Rendered 6649/18723, time remaining: 7m 41s
Rendered 6650/18723, time remaining: 7m 41s
Rendered 6651/18723, time remaining: 7m 34s
Rendered 6652/18723, time remaining: 7m 42s
Rendered 6653/18723, time remaining: 7m 50s
Rendered 6654/18723, time remaining: 7m 39s
Rendered 6655/18723, time remaining: 7m 35s
Rendered 6656/18723, time remaining: 7m 39s
Rendered 6657/18723, time remaining: 7m 40s
Rendered 6658/18723, time remaining: 7m 40s
Rendered 6659/18723, time remaining: 7m 38s
Rendered 6660/18723, time remaining: 7m 45s
Rendered 6661/18723, time remaining: 7m 38s
Rendered 6662/18723, time remaining: 7m 28s
Rendered 6663/18723, time remaining: 7m 27s
Rendered 6664/18723, time remaining: 7m 28s
Rendered 6665/18723, time remaining: 7m 28s
Rendered 6666/18723, time remaining: 7m 29s
Rendered 6667/18723, time remaining: 7m 27s
Rendered 6668/18723, time remaining: 7m 27s
Rendered 6669/18723, time remaining: 7m 36s
Rendered 6670/18723, time remaining: 7m 22s
Rendered 6671/18723, time remaining: 7m 22s
Rendered 6672/18723, time remaining: 7m 29s
Rendered 6673/18723, time remaining: 7m 33s
Rendered 6674/18723, time remaining: 7m 33s
Rendered 6675/18723, time remaining: 7m 29s
Rendered 6676/18723, time remaining: 7m 35s
Rendered 6677/18723, time remaining: 7m 27s
Rendered 6678/18723, time remaining: 7m 23s
Rendered 6679/18723, time remaining: 7m 21s
Rendered 6680/18723, time remaining: 7m 30s
Rendered 6681/18723, time remaining: 7m 30s
Rendered 6682/18723, time remaining: 7m 33s
Rendered 6683/18723, time remaining: 7m 25s
Rendered 6684/18723, time remaining: 7m 30s
Rendered 6685/18723, time remaining: 7m 28s
Rendered 6686/18723, time remaining: 7m 30s
Rendered 6687/18723, time remaining: 7m 30s
Rendered 6688/18723, time remaining: 7m 31s
Rendered 6689/18723, time remaining: 7m 21s
Rendered 6690/18723, time remaining: 7m 21s
Rendered 6691/18723, time remaining: 7m 15s
Rendered 6692/18723, time remaining: 7m 14s
Rendered 6693/18723, time remaining: 7m 23s
Rendered 6694/18723, time remaining: 7m 32s
Rendered 6695/18723, time remaining: 7m 27s
Rendered 6696/18723, time remaining: 7m 25s
Rendered 6697/18723, time remaining: 7m 23s
Rendered 6698/18723, time remaining: 7m 24s
Rendered 6699/18723, time remaining: 7m 13s
Rendered 6700/18723, time remaining: 7m 13s
Rendered 6701/18723, time remaining: 7m 14s
Rendered 6702/18723, time remaining: 7m 19s
Rendered 6703/18723, time remaining: 7m 34s
Rendered 6704/18723, time remaining: 7m 26s
Rendered 6705/18723, time remaining: 7m 26s
Rendered 6706/18723, time remaining: 7m 22s
Rendered 6707/18723, time remaining: 7m 20s
Rendered 6708/18723, time remaining: 7m 21s
Rendered 6709/18723, time remaining: 7m 20s
Rendered 6710/18723, time remaining: 7m 19s
Rendered 6711/18723, time remaining: 7m 27s
Rendered 6712/18723, time remaining: 7m 22s
Rendered 6713/18723, time remaining: 7m 22s
Rendered 6714/18723, time remaining: 7m 24s
Rendered 6715/18723, time remaining: 7m 20s
Rendered 6716/18723, time remaining: 7m 20s
Rendered 6717/18723, time remaining: 7m 20s
Rendered 6718/18723, time remaining: 7m 21s
Rendered 6719/18723, time remaining: 7m 19s
Rendered 6720/18723, time remaining: 7m 19s
Rendered 6721/18723, time remaining: 7m 20s
Rendered 6722/18723, time remaining: 7m 26s
Rendered 6723/18723, time remaining: 7m 20s
Rendered 6724/18723, time remaining: 7m 19s
Rendered 6725/18723, time remaining: 7m 19s
Rendered 6726/18723, time remaining: 7m 33s
Rendered 6727/18723, time remaining: 7m 19s
Rendered 6728/18723, time remaining: 7m 20s
Rendered 6729/18723, time remaining: 7m 22s
Rendered 6730/18723, time remaining: 7m 21s
Rendered 6731/18723, time remaining: 7m 17s
Rendered 6732/18723, time remaining: 7m 18s
Rendered 6733/18723, time remaining: 7m 22s
Rendered 6734/18723, time remaining: 7m 17s
Rendered 6735/18723, time remaining: 7m 20s
Rendered 6736/18723, time remaining: 7m 19s
Rendered 6737/18723, time remaining: 7m 27s
Rendered 6738/18723, time remaining: 7m 26s
Rendered 6739/18723, time remaining: 7m 26s
Rendered 6740/18723, time remaining: 7m 24s
Rendered 6741/18723, time remaining: 7m 24s
Rendered 6742/18723, time remaining: 7m 24s
Rendered 6743/18723, time remaining: 7m 20s
Rendered 6744/18723, time remaining: 7m 22s
Rendered 6745/18723, time remaining: 7m 23s
Rendered 6746/18723, time remaining: 7m 18s
Rendered 6747/18723, time remaining: 7m 24s
Rendered 6748/18723, time remaining: 7m 24s
Rendered 6749/18723, time remaining: 7m 24s
Rendered 6750/18723, time remaining: 7m 28s
Rendered 6751/18723, time remaining: 7m 24s
Rendered 6752/18723, time remaining: 7m 24s
Rendered 6753/18723, time remaining: 7m 25s
Rendered 6754/18723, time remaining: 7m 23s
Rendered 6755/18723, time remaining: 7m 30s
Rendered 6756/18723, time remaining: 7m 30s
Rendered 6757/18723, time remaining: 7m 27s
Rendered 6758/18723, time remaining: 7m 27s
Rendered 6759/18723, time remaining: 7m 18s
Rendered 6760/18723, time remaining: 7m 20s
Rendered 6761/18723, time remaining: 7m 21s
Rendered 6762/18723, time remaining: 7m 32s
Rendered 6763/18723, time remaining: 7m 32s
Rendered 6764/18723, time remaining: 7m 26s
Rendered 6765/18723, time remaining: 7m 26s
Rendered 6766/18723, time remaining: 7m 17s
Rendered 6767/18723, time remaining: 7m 17s
Rendered 6768/18723, time remaining: 7m 16s
Rendered 6769/18723, time remaining: 7m 25s
Rendered 6770/18723, time remaining: 7m 24s
Rendered 6771/18723, time remaining: 7m 29s
Rendered 6772/18723, time remaining: 7m 33s
Rendered 6773/18723, time remaining: 7m 26s
Rendered 6774/18723, time remaining: 7m 13s
Rendered 6775/18723, time remaining: 7m 13s
Rendered 6776/18723, time remaining: 7m 13s
Rendered 6777/18723, time remaining: 7m 19s
Rendered 6778/18723, time remaining: 7m 26s
Rendered 6779/18723, time remaining: 7m 27s
Rendered 6780/18723, time remaining: 7m 32s
Rendered 6781/18723, time remaining: 7m 27s
Rendered 6782/18723, time remaining: 7m 18s
Rendered 6783/18723, time remaining: 7m 17s
Rendered 6784/18723, time remaining: 7m 18s
Rendered 6785/18723, time remaining: 7m 24s
Rendered 6786/18723, time remaining: 7m 26s
Rendered 6787/18723, time remaining: 7m 31s
Rendered 6788/18723, time remaining: 7m 31s
Rendered 6789/18723, time remaining: 7m 40s
Rendered 6790/18723, time remaining: 7m 38s
Rendered 6791/18723, time remaining: 7m 37s
Rendered 6792/18723, time remaining: 7m 37s
Rendered 6793/18723, time remaining: 7m 41s
Rendered 6794/18723, time remaining: 7m 45s
Rendered 6795/18723, time remaining: 7m 47s
Rendered 6796/18723, time remaining: 7m 53s
Rendered 6797/18723, time remaining: 7m 56s
Rendered 6798/18723, time remaining: 7m 58s
Rendered 6799/18723, time remaining: 7m 57s
Rendered 6800/18723, time remaining: 7m 57s
Rendered 6801/18723, time remaining: 7m 57s
Rendered 6802/18723, time remaining: 7m 48s
Rendered 6803/18723, time remaining: 7m 52s
Rendered 6804/18723, time remaining: 7m 52s
Rendered 6805/18723, time remaining: 7m 54s
Rendered 6806/18723, time remaining: 7m 56s
Rendered 6807/18723, time remaining: 8m 3s
Rendered 6808/18723, time remaining: 8m 3s
Rendered 6809/18723, time remaining: 8m 3s
Rendered 6810/18723, time remaining: 8m 3s
Rendered 6811/18723, time remaining: 8m 1s
Rendered 6812/18723, time remaining: 7m 56s
Rendered 6813/18723, time remaining: 8m 11s
Rendered 6814/18723, time remaining: 8m 10s
Rendered 6815/18723, time remaining: 8m 10s
Rendered 6816/18723, time remaining: 8m 11s
Rendered 6817/18723, time remaining: 8m 17s
Rendered 6818/18723, time remaining: 8m 26s
Rendered 6819/18723, time remaining: 8m 14s
Rendered 6820/18723, time remaining: 8m 14s
Rendered 6821/18723, time remaining: 8m 17s
Rendered 6822/18723, time remaining: 8m 13s
Rendered 6823/18723, time remaining: 8m 10s
Rendered 6824/18723, time remaining: 8m 10s
Rendered 6825/18723, time remaining: 8m 22s
Rendered 6826/18723, time remaining: 8m 21s
Rendered 6827/18723, time remaining: 8m 22s
Rendered 6828/18723, time remaining: 8m 21s
Rendered 6829/18723, time remaining: 8m 21s
Rendered 6830/18723, time remaining: 8m 12s
Rendered 6831/18723, time remaining: 8m 13s
Rendered 6832/18723, time remaining: 8m 10s
Rendered 6833/18723, time remaining: 8m 18s
Rendered 6834/18723, time remaining: 8m 13s
Rendered 6835/18723, time remaining: 8m 24s
Rendered 6836/18723, time remaining: 8m 22s
Rendered 6837/18723, time remaining: 8m 15s
Rendered 6838/18723, time remaining: 8m 15s
Rendered 6839/18723, time remaining: 8m 15s
Rendered 6840/18723, time remaining: 8m 16s
Rendered 6841/18723, time remaining: 8m 16s
Rendered 6842/18723, time remaining: 8m 23s
Rendered 6843/18723, time remaining: 8m 26s
Rendered 6844/18723, time remaining: 8m 20s
Rendered 6845/18723, time remaining: 8m 18s
Rendered 6846/18723, time remaining: 8m 18s
Rendered 6847/18723, time remaining: 8m 17s
Rendered 6848/18723, time remaining: 8m 16s
Rendered 6849/18723, time remaining: 8m 21s
Rendered 6850/18723, time remaining: 8m 32s
Rendered 6851/18723, time remaining: 8m 31s
Rendered 6852/18723, time remaining: 8m 25s
Rendered 6853/18723, time remaining: 8m 12s
Rendered 6854/18723, time remaining: 8m 13s
Rendered 6855/18723, time remaining: 8m 14s
Rendered 6856/18723, time remaining: 8m 15s
Rendered 6857/18723, time remaining: 8m 15s
Rendered 6858/18723, time remaining: 8m 19s
Rendered 6859/18723, time remaining: 8m 21s
Rendered 6860/18723, time remaining: 8m 22s
Rendered 6861/18723, time remaining: 8m 10s
Rendered 6862/18723, time remaining: 8m 11s
Rendered 6863/18723, time remaining: 8m 15s
Rendered 6864/18723, time remaining: 8m 17s
Rendered 6865/18723, time remaining: 8m 19s
Rendered 6866/18723, time remaining: 8m 27s
Rendered 6867/18723, time remaining: 8m 29s
Rendered 6868/18723, time remaining: 8m 28s
Rendered 6869/18723, time remaining: 8m 13s
Rendered 6870/18723, time remaining: 8m 15s
Rendered 6871/18723, time remaining: 8m 18s
Rendered 6872/18723, time remaining: 8m 12s
Rendered 6873/18723, time remaining: 8m 26s
Rendered 6874/18723, time remaining: 8m 29s
Rendered 6875/18723, time remaining: 8m 30s
Rendered 6876/18723, time remaining: 8m 16s
Rendered 6877/18723, time remaining: 8m 16s
Rendered 6878/18723, time remaining: 8m 22s
Rendered 6879/18723, time remaining: 8m 21s
Rendered 6880/18723, time remaining: 8m 20s
Rendered 6881/18723, time remaining: 8m 31s
Rendered 6882/18723, time remaining: 8m 35s
Rendered 6883/18723, time remaining: 8m 27s
Rendered 6884/18723, time remaining: 8m 27s
Rendered 6885/18723, time remaining: 8m 20s
Rendered 6886/18723, time remaining: 8m 21s
Rendered 6887/18723, time remaining: 8m 17s
Rendered 6888/18723, time remaining: 8m 16s
Rendered 6889/18723, time remaining: 8m 27s
Rendered 6890/18723, time remaining: 8m 28s
Rendered 6891/18723, time remaining: 8m 29s
Rendered 6892/18723, time remaining: 8m 23s
Rendered 6893/18723, time remaining: 8m 17s
Rendered 6894/18723, time remaining: 8m 23s
Rendered 6895/18723, time remaining: 8m 21s
Rendered 6896/18723, time remaining: 8m 25s
Rendered 6897/18723, time remaining: 8m 20s
Rendered 6898/18723, time remaining: 8m 29s
Rendered 6899/18723, time remaining: 8m 29s
Rendered 6900/18723, time remaining: 8m 16s
Rendered 6901/18723, time remaining: 8m 13s
Rendered 6902/18723, time remaining: 8m 21s
Rendered 6903/18723, time remaining: 8m 20s
Rendered 6904/18723, time remaining: 8m 25s
Rendered 6905/18723, time remaining: 8m 21s
Rendered 6906/18723, time remaining: 8m 23s
Rendered 6907/18723, time remaining: 8m 23s
Rendered 6908/18723, time remaining: 8m 22s
Rendered 6909/18723, time remaining: 8m 16s
Rendered 6910/18723, time remaining: 8m 15s
Rendered 6911/18723, time remaining: 8m 17s
Rendered 6912/18723, time remaining: 8m 22s
Rendered 6913/18723, time remaining: 8m 22s
Rendered 6914/18723, time remaining: 8m 29s
Rendered 6915/18723, time remaining: 8m 29s
Rendered 6916/18723, time remaining: 8m 25s
Rendered 6917/18723, time remaining: 8m 25s
Rendered 6918/18723, time remaining: 8m 25s
Rendered 6919/18723, time remaining: 8m 31s
Rendered 6920/18723, time remaining: 8m 35s
Rendered 6921/18723, time remaining: 8m 31s
Rendered 6922/18723, time remaining: 8m 28s
Rendered 6923/18723, time remaining: 8m 31s
Rendered 6924/18723, time remaining: 8m 33s
Rendered 6925/18723, time remaining: 8m 32s
Rendered 6926/18723, time remaining: 8m 31s
Rendered 6927/18723, time remaining: 8m 33s
Rendered 6928/18723, time remaining: 8m 26s
Rendered 6929/18723, time remaining: 8m 34s
Rendered 6930/18723, time remaining: 8m 29s
Rendered 6931/18723, time remaining: 8m 28s
Rendered 6932/18723, time remaining: 8m 28s
Rendered 6933/18723, time remaining: 8m 29s
Rendered 6934/18723, time remaining: 8m 29s
Rendered 6935/18723, time remaining: 8m 32s
Rendered 6936/18723, time remaining: 8m 30s
Rendered 6937/18723, time remaining: 8m 26s
Rendered 6938/18723, time remaining: 8m 29s
Rendered 6939/18723, time remaining: 8m 20s
Rendered 6940/18723, time remaining: 8m 19s
Rendered 6941/18723, time remaining: 8m 22s
Rendered 6942/18723, time remaining: 8m 37s
Rendered 6943/18723, time remaining: 8m 34s
Rendered 6944/18723, time remaining: 8m 30s
Rendered 6945/18723, time remaining: 8m 28s
Rendered 6946/18723, time remaining: 8m 26s
Rendered 6947/18723, time remaining: 8m 25s
Rendered 6948/18723, time remaining: 8m 19s
Rendered 6949/18723, time remaining: 8m 18s
Rendered 6950/18723, time remaining: 8m 33s
Rendered 6951/18723, time remaining: 8m 34s
Rendered 6952/18723, time remaining: 8m 34s
Rendered 6953/18723, time remaining: 8m 23s
Rendered 6954/18723, time remaining: 8m 30s
Rendered 6955/18723, time remaining: 8m 37s
Rendered 6956/18723, time remaining: 8m 30s
Rendered 6957/18723, time remaining: 8m 22s
Rendered 6958/18723, time remaining: 8m 22s
Rendered 6959/18723, time remaining: 8m 30s
Rendered 6960/18723, time remaining: 8m 26s
Rendered 6961/18723, time remaining: 8m 25s
Rendered 6962/18723, time remaining: 8m 26s
Rendered 6963/18723, time remaining: 8m 17s
Rendered 6964/18723, time remaining: 8m 19s
Rendered 6965/18723, time remaining: 8m 19s
Rendered 6966/18723, time remaining: 8m 23s
Rendered 6967/18723, time remaining: 8m 12s
Rendered 6968/18723, time remaining: 8m 6s
Rendered 6969/18723, time remaining: 8m 7s
Rendered 6970/18723, time remaining: 8m 12s
Rendered 6971/18723, time remaining: 8m 14s
Rendered 6972/18723, time remaining: 8m 12s
Rendered 6973/18723, time remaining: 8m 11s
Rendered 6974/18723, time remaining: 8m 19s
Rendered 6975/18723, time remaining: 8m 6s
Rendered 6976/18723, time remaining: 8m 1s
Rendered 6977/18723, time remaining: 8m 8s
Rendered 6978/18723, time remaining: 8m 14s
Rendered 6979/18723, time remaining: 8m 16s
Rendered 6980/18723, time remaining: 8m 16s
Rendered 6981/18723, time remaining: 8m 10s
Rendered 6982/18723, time remaining: 8m 10s
Rendered 6983/18723, time remaining: 8m 8s
Rendered 6984/18723, time remaining: 8m 12s
Rendered 6985/18723, time remaining: 8m 0s
Rendered 6986/18723, time remaining: 8m 6s
Rendered 6987/18723, time remaining: 8m 5s
Rendered 6988/18723, time remaining: 8m 14s
Rendered 6989/18723, time remaining: 8m 14s
Rendered 6990/18723, time remaining: 8m 13s
Rendered 6991/18723, time remaining: 8m 13s
Rendered 6992/18723, time remaining: 8m 11s
Rendered 6993/18723, time remaining: 8m 0s
Rendered 6994/18723, time remaining: 7m 58s
Rendered 6995/18723, time remaining: 7m 59s
Rendered 6996/18723, time remaining: 8m 8s
Rendered 6997/18723, time remaining: 8m 10s
Rendered 6998/18723, time remaining: 8m 12s
Rendered 6999/18723, time remaining: 8m 7s
Rendered 7000/18723, time remaining: 7m 58s
Rendered 7001/18723, time remaining: 7m 59s
Rendered 7002/18723, time remaining: 8m 3s
Rendered 7003/18723, time remaining: 8m 4s
Rendered 7004/18723, time remaining: 8m 12s
Rendered 7005/18723, time remaining: 8m 10s
Rendered 7006/18723, time remaining: 8m 9s
Rendered 7007/18723, time remaining: 8m 2s
Rendered 7008/18723, time remaining: 7m 59s
Rendered 7009/18723, time remaining: 8m 1s
Rendered 7010/18723, time remaining: 8m 2s
Rendered 7011/18723, time remaining: 8m 1s
Rendered 7012/18723, time remaining: 8m 10s
Rendered 7013/18723, time remaining: 8m 6s
Rendered 7014/18723, time remaining: 8m 9s
Rendered 7015/18723, time remaining: 8m 4s
Rendered 7016/18723, time remaining: 7m 56s
Rendered 7017/18723, time remaining: 7m 53s
Rendered 7018/18723, time remaining: 7m 56s
Rendered 7019/18723, time remaining: 8m 8s
Rendered 7020/18723, time remaining: 8m 9s
Rendered 7021/18723, time remaining: 8m 7s
Rendered 7022/18723, time remaining: 8m 7s
Rendered 7023/18723, time remaining: 7m 53s
Rendered 7024/18723, time remaining: 7m 50s
Rendered 7025/18723, time remaining: 7m 55s
Rendered 7026/18723, time remaining: 7m 55s
Rendered 7027/18723, time remaining: 8m 7s
Rendered 7028/18723, time remaining: 8m 2s
Rendered 7029/18723, time remaining: 8m 7s
Rendered 7030/18723, time remaining: 8m 8s
Rendered 7031/18723, time remaining: 7m 58s
Rendered 7032/18723, time remaining: 7m 52s
Rendered 7033/18723, time remaining: 7m 52s
Rendered 7034/18723, time remaining: 7m 58s
Rendered 7035/18723, time remaining: 8m 1s
Rendered 7036/18723, time remaining: 8m 2s
Rendered 7037/18723, time remaining: 7m 58s
Rendered 7038/18723, time remaining: 8m 0s
Rendered 7039/18723, time remaining: 7m 49s
Rendered 7040/18723, time remaining: 7m 56s
Rendered 7041/18723, time remaining: 7m 59s
Rendered 7042/18723, time remaining: 7m 58s
Rendered 7043/18723, time remaining: 8m 3s
Rendered 7044/18723, time remaining: 7m 58s
Rendered 7045/18723, time remaining: 7m 59s
Rendered 7046/18723, time remaining: 7m 57s
Rendered 7047/18723, time remaining: 7m 57s
Rendered 7048/18723, time remaining: 7m 54s
Rendered 7049/18723, time remaining: 7m 54s
Rendered 7050/18723, time remaining: 7m 56s
Rendered 7051/18723, time remaining: 7m 57s
Rendered 7052/18723, time remaining: 7m 53s
Rendered 7053/18723, time remaining: 7m 53s
Rendered 7054/18723, time remaining: 7m 45s
Rendered 7055/18723, time remaining: 7m 46s
Rendered 7056/18723, time remaining: 7m 51s
Rendered 7057/18723, time remaining: 7m 54s
Rendered 7058/18723, time remaining: 7m 54s
Rendered 7059/18723, time remaining: 7m 58s
Rendered 7060/18723, time remaining: 8m 0s
Rendered 7061/18723, time remaining: 8m 1s
Rendered 7062/18723, time remaining: 7m 45s
Rendered 7063/18723, time remaining: 7m 48s
Rendered 7064/18723, time remaining: 7m 46s
Rendered 7065/18723, time remaining: 7m 49s
Rendered 7066/18723, time remaining: 7m 52s
Rendered 7067/18723, time remaining: 7m 51s
Rendered 7068/18723, time remaining: 7m 51s
Rendered 7069/18723, time remaining: 7m 37s
Rendered 7070/18723, time remaining: 7m 43s
Rendered 7071/18723, time remaining: 7m 46s
Rendered 7072/18723, time remaining: 7m 44s
Rendered 7073/18723, time remaining: 7m 44s
Rendered 7074/18723, time remaining: 7m 41s
Rendered 7075/18723, time remaining: 7m 42s
Rendered 7076/18723, time remaining: 7m 42s
Rendered 7077/18723, time remaining: 7m 34s
Rendered 7078/18723, time remaining: 7m 49s
Rendered 7079/18723, time remaining: 7m 40s
Rendered 7080/18723, time remaining: 7m 42s
Rendered 7081/18723, time remaining: 7m 43s
Rendered 7082/18723, time remaining: 7m 44s
Rendered 7083/18723, time remaining: 7m 43s
Rendered 7084/18723, time remaining: 7m 46s
Rendered 7085/18723, time remaining: 7m 38s
Rendered 7086/18723, time remaining: 7m 38s
Rendered 7087/18723, time remaining: 7m 43s
Rendered 7088/18723, time remaining: 7m 41s
Rendered 7089/18723, time remaining: 7m 47s
Rendered 7090/18723, time remaining: 7m 47s
Rendered 7091/18723, time remaining: 7m 45s
Rendered 7092/18723, time remaining: 7m 38s
Rendered 7093/18723, time remaining: 7m 37s
Rendered 7094/18723, time remaining: 7m 37s
Rendered 7095/18723, time remaining: 7m 41s
Rendered 7096/18723, time remaining: 7m 37s
Rendered 7097/18723, time remaining: 7m 38s
Rendered 7098/18723, time remaining: 7m 48s
Rendered 7099/18723, time remaining: 7m 48s
Rendered 7100/18723, time remaining: 7m 33s
Rendered 7101/18723, time remaining: 7m 32s
Rendered 7102/18723, time remaining: 7m 32s
Rendered 7103/18723, time remaining: 7m 38s
Rendered 7104/18723, time remaining: 7m 34s
Rendered 7105/18723, time remaining: 7m 27s
Rendered 7106/18723, time remaining: 7m 32s
Rendered 7107/18723, time remaining: 7m 32s
Rendered 7108/18723, time remaining: 7m 31s
Rendered 7109/18723, time remaining: 7m 32s
Rendered 7110/18723, time remaining: 7m 29s
Rendered 7111/18723, time remaining: 7m 38s
Rendered 7112/18723, time remaining: 7m 36s
Rendered 7113/18723, time remaining: 7m 28s
Rendered 7114/18723, time remaining: 7m 31s
Rendered 7115/18723, time remaining: 7m 33s
Rendered 7116/18723, time remaining: 7m 28s
Rendered 7117/18723, time remaining: 7m 36s
Rendered 7118/18723, time remaining: 7m 34s
Rendered 7119/18723, time remaining: 7m 36s
Rendered 7120/18723, time remaining: 7m 34s
Rendered 7121/18723, time remaining: 7m 29s
Rendered 7122/18723, time remaining: 7m 29s
Rendered 7123/18723, time remaining: 7m 36s
Rendered 7124/18723, time remaining: 7m 32s
Rendered 7125/18723, time remaining: 7m 36s
Rendered 7126/18723, time remaining: 7m 37s
Rendered 7127/18723, time remaining: 7m 37s
Rendered 7128/18723, time remaining: 7m 31s
Rendered 7129/18723, time remaining: 7m 32s
Rendered 7130/18723, time remaining: 7m 35s
Rendered 7131/18723, time remaining: 7m 35s
Rendered 7132/18723, time remaining: 7m 39s
Rendered 7133/18723, time remaining: 7m 32s
Rendered 7134/18723, time remaining: 7m 30s
Rendered 7135/18723, time remaining: 7m 38s
Rendered 7136/18723, time remaining: 7m 32s
Rendered 7137/18723, time remaining: 7m 40s
Rendered 7138/18723, time remaining: 7m 36s
Rendered 7139/18723, time remaining: 7m 37s
Rendered 7140/18723, time remaining: 7m 37s
Rendered 7141/18723, time remaining: 7m 37s
Rendered 7142/18723, time remaining: 7m 32s
Rendered 7143/18723, time remaining: 7m 32s
Rendered 7144/18723, time remaining: 7m 31s
Rendered 7145/18723, time remaining: 7m 38s
Rendered 7146/18723, time remaining: 7m 41s
Rendered 7147/18723, time remaining: 7m 40s
Rendered 7148/18723, time remaining: 7m 38s
Rendered 7149/18723, time remaining: 7m 39s
Rendered 7150/18723, time remaining: 7m 42s
Rendered 7151/18723, time remaining: 7m 44s
Rendered 7152/18723, time remaining: 7m 40s
Rendered 7153/18723, time remaining: 7m 42s
Rendered 7154/18723, time remaining: 7m 31s
Rendered 7155/18723, time remaining: 7m 31s
Rendered 7156/18723, time remaining: 7m 39s
Rendered 7157/18723, time remaining: 7m 39s
Rendered 7158/18723, time remaining: 7m 42s
Rendered 7159/18723, time remaining: 7m 41s
Rendered 7160/18723, time remaining: 7m 46s
Rendered 7161/18723, time remaining: 7m 44s
Rendered 7162/18723, time remaining: 7m 36s
Rendered 7163/18723, time remaining: 7m 38s
Rendered 7164/18723, time remaining: 7m 34s
Rendered 7165/18723, time remaining: 7m 35s
Rendered 7166/18723, time remaining: 7m 40s
Rendered 7167/18723, time remaining: 7m 40s
Rendered 7168/18723, time remaining: 7m 45s
Rendered 7169/18723, time remaining: 7m 34s
Rendered 7170/18723, time remaining: 7m 38s
Rendered 7171/18723, time remaining: 7m 36s
Rendered 7172/18723, time remaining: 7m 36s
Rendered 7173/18723, time remaining: 7m 43s
Rendered 7174/18723, time remaining: 7m 43s
Rendered 7175/18723, time remaining: 7m 39s
Rendered 7176/18723, time remaining: 7m 40s
Rendered 7177/18723, time remaining: 7m 32s
Rendered 7178/18723, time remaining: 7m 33s
Rendered 7179/18723, time remaining: 7m 32s
Rendered 7180/18723, time remaining: 7m 30s
Rendered 7181/18723, time remaining: 7m 34s
Rendered 7182/18723, time remaining: 7m 35s
Rendered 7183/18723, time remaining: 7m 43s
Rendered 7184/18723, time remaining: 7m 37s
Rendered 7185/18723, time remaining: 7m 36s
Rendered 7186/18723, time remaining: 7m 46s
Rendered 7187/18723, time remaining: 7m 46s
Rendered 7188/18723, time remaining: 7m 44s
Rendered 7189/18723, time remaining: 7m 43s
Rendered 7190/18723, time remaining: 7m 35s
Rendered 7191/18723, time remaining: 7m 40s
Rendered 7192/18723, time remaining: 7m 41s
Rendered 7193/18723, time remaining: 7m 41s
Rendered 7194/18723, time remaining: 7m 45s
Rendered 7195/18723, time remaining: 7m 43s
Rendered 7196/18723, time remaining: 7m 41s
Rendered 7197/18723, time remaining: 7m 41s
Rendered 7198/18723, time remaining: 7m 38s
Rendered 7199/18723, time remaining: 7m 43s
Rendered 7200/18723, time remaining: 7m 41s
Rendered 7201/18723, time remaining: 7m 44s
Rendered 7202/18723, time remaining: 7m 46s
Rendered 7203/18723, time remaining: 7m 50s
Rendered 7204/18723, time remaining: 7m 50s
Rendered 7205/18723, time remaining: 7m 46s
Rendered 7206/18723, time remaining: 7m 38s
Rendered 7207/18723, time remaining: 7m 43s
Rendered 7208/18723, time remaining: 7m 46s
Rendered 7209/18723, time remaining: 7m 43s
Rendered 7210/18723, time remaining: 7m 46s
Rendered 7211/18723, time remaining: 7m 43s
Rendered 7212/18723, time remaining: 7m 43s
Rendered 7213/18723, time remaining: 7m 47s
Rendered 7214/18723, time remaining: 7m 41s
Rendered 7215/18723, time remaining: 7m 40s
Rendered 7216/18723, time remaining: 7m 47s
Rendered 7217/18723, time remaining: 7m 47s
Rendered 7218/18723, time remaining: 7m 50s
Rendered 7219/18723, time remaining: 7m 49s
Rendered 7220/18723, time remaining: 7m 39s
Rendered 7221/18723, time remaining: 7m 35s
Rendered 7222/18723, time remaining: 7m 42s
Rendered 7223/18723, time remaining: 7m 38s
Rendered 7224/18723, time remaining: 7m 47s
Rendered 7225/18723, time remaining: 7m 50s
Rendered 7226/18723, time remaining: 7m 50s
Rendered 7227/18723, time remaining: 7m 49s
Rendered 7228/18723, time remaining: 7m 35s
Rendered 7229/18723, time remaining: 7m 41s
Rendered 7230/18723, time remaining: 7m 39s
Rendered 7231/18723, time remaining: 7m 38s
Rendered 7232/18723, time remaining: 7m 46s
Rendered 7233/18723, time remaining: 7m 47s
Rendered 7234/18723, time remaining: 7m 46s
Rendered 7235/18723, time remaining: 7m 45s
Rendered 7236/18723, time remaining: 7m 46s
Rendered 7237/18723, time remaining: 7m 43s
Rendered 7238/18723, time remaining: 7m 42s
Rendered 7239/18723, time remaining: 7m 36s
Rendered 7240/18723, time remaining: 7m 46s
Rendered 7241/18723, time remaining: 7m 47s
Rendered 7242/18723, time remaining: 7m 42s
Rendered 7243/18723, time remaining: 7m 42s
Rendered 7244/18723, time remaining: 7m 45s
Rendered 7245/18723, time remaining: 7m 43s
Rendered 7246/18723, time remaining: 7m 42s
Rendered 7247/18723, time remaining: 7m 41s
Rendered 7248/18723, time remaining: 7m 39s
Rendered 7249/18723, time remaining: 7m 43s
Rendered 7250/18723, time remaining: 7m 43s
Rendered 7251/18723, time remaining: 7m 48s
Rendered 7252/18723, time remaining: 7m 48s
Rendered 7253/18723, time remaining: 7m 42s
Rendered 7254/18723, time remaining: 7m 46s
Rendered 7255/18723, time remaining: 7m 45s
Rendered 7256/18723, time remaining: 7m 46s
Rendered 7257/18723, time remaining: 7m 47s
Rendered 7258/18723, time remaining: 7m 49s
Rendered 7259/18723, time remaining: 7m 45s
Rendered 7260/18723, time remaining: 7m 45s
Rendered 7261/18723, time remaining: 7m 41s
Rendered 7262/18723, time remaining: 7m 42s
Rendered 7263/18723, time remaining: 7m 42s
Rendered 7264/18723, time remaining: 7m 46s
Rendered 7265/18723, time remaining: 7m 44s
Rendered 7266/18723, time remaining: 7m 48s
Rendered 7267/18723, time remaining: 7m 41s
Rendered 7268/18723, time remaining: 7m 40s
Rendered 7269/18723, time remaining: 7m 43s
Rendered 7270/18723, time remaining: 7m 44s
Rendered 7271/18723, time remaining: 7m 43s
Rendered 7272/18723, time remaining: 7m 44s
Rendered 7273/18723, time remaining: 7m 44s
Rendered 7274/18723, time remaining: 7m 41s
Rendered 7275/18723, time remaining: 7m 42s
Rendered 7276/18723, time remaining: 7m 41s
Rendered 7277/18723, time remaining: 7m 37s
Rendered 7278/18723, time remaining: 7m 41s
Rendered 7279/18723, time remaining: 7m 37s
Rendered 7280/18723, time remaining: 7m 37s
Rendered 7281/18723, time remaining: 7m 37s
Rendered 7282/18723, time remaining: 7m 33s
Rendered 7283/18723, time remaining: 7m 36s
Rendered 7284/18723, time remaining: 7m 46s
Rendered 7285/18723, time remaining: 7m 38s
Rendered 7286/18723, time remaining: 7m 38s
Rendered 7287/18723, time remaining: 7m 35s
Rendered 7288/18723, time remaining: 7m 30s
Rendered 7289/18723, time remaining: 7m 29s
Rendered 7290/18723, time remaining: 7m 29s
Rendered 7291/18723, time remaining: 7m 36s
Rendered 7292/18723, time remaining: 7m 42s
Rendered 7293/18723, time remaining: 7m 45s
Rendered 7294/18723, time remaining: 7m 44s
Rendered 7295/18723, time remaining: 7m 35s
Rendered 7296/18723, time remaining: 7m 27s
Rendered 7297/18723, time remaining: 7m 27s
Rendered 7298/18723, time remaining: 7m 26s
Rendered 7299/18723, time remaining: 7m 28s
Rendered 7300/18723, time remaining: 7m 31s
Rendered 7301/18723, time remaining: 7m 31s
Rendered 7302/18723, time remaining: 7m 31s
Rendered 7303/18723, time remaining: 7m 27s
Rendered 7304/18723, time remaining: 7m 33s
Rendered 7305/18723, time remaining: 7m 33s
Rendered 7306/18723, time remaining: 7m 32s
Rendered 7307/18723, time remaining: 7m 33s
Rendered 7308/18723, time remaining: 7m 32s
Rendered 7309/18723, time remaining: 7m 32s
Rendered 7310/18723, time remaining: 7m 26s
Rendered 7311/18723, time remaining: 7m 26s
Rendered 7312/18723, time remaining: 7m 31s
Rendered 7313/18723, time remaining: 7m 30s
Rendered 7314/18723, time remaining: 7m 34s
Rendered 7315/18723, time remaining: 7m 33s
Rendered 7316/18723, time remaining: 7m 30s
Rendered 7317/18723, time remaining: 7m 31s
Rendered 7318/18723, time remaining: 7m 28s
Rendered 7319/18723, time remaining: 7m 31s
Rendered 7320/18723, time remaining: 7m 25s
Rendered 7321/18723, time remaining: 7m 28s
Rendered 7322/18723, time remaining: 7m 34s
Rendered 7323/18723, time remaining: 7m 32s
Rendered 7324/18723, time remaining: 7m 31s
Rendered 7325/18723, time remaining: 7m 29s
Rendered 7326/18723, time remaining: 7m 30s
Rendered 7327/18723, time remaining: 7m 29s
Rendered 7328/18723, time remaining: 7m 34s
Rendered 7329/18723, time remaining: 7m 32s
Rendered 7330/18723, time remaining: 7m 32s
Rendered 7331/18723, time remaining: 7m 29s
Rendered 7332/18723, time remaining: 7m 34s
Rendered 7333/18723, time remaining: 7m 26s
Rendered 7334/18723, time remaining: 7m 25s
Rendered 7335/18723, time remaining: 7m 27s
Rendered 7336/18723, time remaining: 7m 23s
Rendered 7337/18723, time remaining: 7m 24s
Rendered 7338/18723, time remaining: 7m 24s
Rendered 7339/18723, time remaining: 7m 24s
Rendered 7340/18723, time remaining: 7m 29s
Rendered 7341/18723, time remaining: 7m 22s
Rendered 7342/18723, time remaining: 7m 23s
Rendered 7343/18723, time remaining: 7m 20s
Rendered 7344/18723, time remaining: 7m 19s
Rendered 7345/18723, time remaining: 7m 23s
Rendered 7346/18723, time remaining: 7m 24s
Rendered 7347/18723, time remaining: 7m 23s
Rendered 7348/18723, time remaining: 7m 22s
Rendered 7349/18723, time remaining: 7m 17s
Rendered 7350/18723, time remaining: 7m 17s
Rendered 7351/18723, time remaining: 7m 19s
Rendered 7352/18723, time remaining: 7m 19s
Rendered 7353/18723, time remaining: 7m 18s
Rendered 7354/18723, time remaining: 7m 18s
Rendered 7355/18723, time remaining: 7m 23s
Rendered 7356/18723, time remaining: 7m 24s
Rendered 7357/18723, time remaining: 7m 17s
Rendered 7358/18723, time remaining: 7m 19s
Rendered 7359/18723, time remaining: 7m 18s
Rendered 7360/18723, time remaining: 7m 21s
Rendered 7361/18723, time remaining: 7m 26s
Rendered 7362/18723, time remaining: 7m 26s
Rendered 7363/18723, time remaining: 7m 20s
Rendered 7364/18723, time remaining: 7m 20s
Rendered 7365/18723, time remaining: 7m 19s
Rendered 7366/18723, time remaining: 7m 13s
Rendered 7367/18723, time remaining: 7m 14s
Rendered 7368/18723, time remaining: 7m 11s
Rendered 7369/18723, time remaining: 7m 24s
Rendered 7370/18723, time remaining: 7m 28s
Rendered 7371/18723, time remaining: 7m 28s
Rendered 7372/18723, time remaining: 7m 21s
Rendered 7373/18723, time remaining: 7m 21s
Rendered 7374/18723, time remaining: 7m 13s
Rendered 7375/18723, time remaining: 7m 18s
Rendered 7376/18723, time remaining: 7m 22s
Rendered 7377/18723, time remaining: 7m 22s
Rendered 7378/18723, time remaining: 7m 25s
Rendered 7379/18723, time remaining: 7m 19s
Rendered 7380/18723, time remaining: 7m 19s
Rendered 7381/18723, time remaining: 7m 19s
Rendered 7382/18723, time remaining: 7m 10s
Rendered 7383/18723, time remaining: 7m 23s
Rendered 7384/18723, time remaining: 7m 21s
Rendered 7385/18723, time remaining: 7m 20s
Rendered 7386/18723, time remaining: 7m 24s
Rendered 7387/18723, time remaining: 7m 20s
Rendered 7388/18723, time remaining: 7m 20s
Rendered 7389/18723, time remaining: 7m 19s
Rendered 7390/18723, time remaining: 7m 10s
Rendered 7391/18723, time remaining: 7m 23s
Rendered 7392/18723, time remaining: 7m 22s
Rendered 7393/18723, time remaining: 7m 22s
Rendered 7394/18723, time remaining: 7m 20s
Rendered 7395/18723, time remaining: 7m 23s
Rendered 7396/18723, time remaining: 7m 23s
Rendered 7397/18723, time remaining: 7m 20s
Rendered 7398/18723, time remaining: 7m 14s
Rendered 7399/18723, time remaining: 7m 16s
Rendered 7400/18723, time remaining: 7m 24s
Rendered 7401/18723, time remaining: 7m 19s
Rendered 7402/18723, time remaining: 7m 22s
Rendered 7403/18723, time remaining: 7m 26s
Rendered 7404/18723, time remaining: 7m 19s
Rendered 7405/18723, time remaining: 7m 19s
Rendered 7406/18723, time remaining: 7m 13s
Rendered 7407/18723, time remaining: 7m 12s
Rendered 7408/18723, time remaining: 7m 12s
Rendered 7409/18723, time remaining: 7m 14s
Rendered 7410/18723, time remaining: 7m 25s
Rendered 7411/18723, time remaining: 7m 21s
Rendered 7412/18723, time remaining: 7m 20s
Rendered 7413/18723, time remaining: 7m 20s
Rendered 7414/18723, time remaining: 7m 11s
Rendered 7415/18723, time remaining: 7m 13s
Rendered 7416/18723, time remaining: 7m 10s
Rendered 7417/18723, time remaining: 7m 21s
Rendered 7418/18723, time remaining: 7m 23s
Rendered 7419/18723, time remaining: 7m 18s
Rendered 7420/18723, time remaining: 7m 15s
Rendered 7421/18723, time remaining: 7m 20s
Rendered 7422/18723, time remaining: 7m 20s
Rendered 7423/18723, time remaining: 7m 14s
Rendered 7424/18723, time remaining: 7m 19s
Rendered 7425/18723, time remaining: 7m 20s
Rendered 7426/18723, time remaining: 7m 22s
Rendered 7427/18723, time remaining: 7m 19s
Rendered 7428/18723, time remaining: 7m 15s
Rendered 7429/18723, time remaining: 7m 18s
Rendered 7430/18723, time remaining: 7m 21s
Rendered 7431/18723, time remaining: 7m 21s
Rendered 7432/18723, time remaining: 7m 30s
Rendered 7433/18723, time remaining: 7m 26s
Rendered 7434/18723, time remaining: 7m 19s
Rendered 7435/18723, time remaining: 7m 19s
Rendered 7436/18723, time remaining: 7m 19s
Rendered 7437/18723, time remaining: 7m 19s
Rendered 7438/18723, time remaining: 7m 19s
Rendered 7439/18723, time remaining: 7m 19s
Rendered 7440/18723, time remaining: 7m 24s
Rendered 7441/18723, time remaining: 7m 26s
Rendered 7442/18723, time remaining: 7m 19s
Rendered 7443/18723, time remaining: 7m 16s
Rendered 7444/18723, time remaining: 7m 17s
Rendered 7445/18723, time remaining: 7m 18s
Rendered 7446/18723, time remaining: 7m 15s
Rendered 7447/18723, time remaining: 7m 21s
Rendered 7448/18723, time remaining: 7m 23s
Rendered 7449/18723, time remaining: 7m 27s
Rendered 7450/18723, time remaining: 7m 18s
Rendered 7451/18723, time remaining: 7m 16s
Rendered 7452/18723, time remaining: 7m 20s
Rendered 7453/18723, time remaining: 7m 21s
Rendered 7454/18723, time remaining: 7m 20s
Rendered 7455/18723, time remaining: 7m 24s
Rendered 7456/18723, time remaining: 7m 18s
Rendered 7457/18723, time remaining: 7m 19s
Rendered 7458/18723, time remaining: 7m 22s
Rendered 7459/18723, time remaining: 7m 20s
Rendered 7460/18723, time remaining: 7m 20s
Rendered 7461/18723, time remaining: 7m 20s
Rendered 7462/18723, time remaining: 7m 19s
Rendered 7463/18723, time remaining: 7m 19s
Rendered 7464/18723, time remaining: 7m 23s
Rendered 7465/18723, time remaining: 7m 22s
Rendered 7466/18723, time remaining: 7m 21s
Rendered 7467/18723, time remaining: 7m 20s
Rendered 7468/18723, time remaining: 7m 16s
Rendered 7469/18723, time remaining: 7m 14s
Rendered 7470/18723, time remaining: 7m 16s
Rendered 7471/18723, time remaining: 7m 17s
Rendered 7472/18723, time remaining: 7m 24s
Rendered 7473/18723, time remaining: 7m 18s
Rendered 7474/18723, time remaining: 7m 22s
Rendered 7475/18723, time remaining: 7m 22s
Rendered 7476/18723, time remaining: 7m 21s
Rendered 7477/18723, time remaining: 7m 18s
Rendered 7478/18723, time remaining: 7m 24s
Rendered 7479/18723, time remaining: 7m 21s
Rendered 7480/18723, time remaining: 7m 21s
Rendered 7481/18723, time remaining: 7m 25s
Rendered 7482/18723, time remaining: 7m 19s
Rendered 7483/18723, time remaining: 7m 19s
Rendered 7484/18723, time remaining: 7m 19s
Rendered 7485/18723, time remaining: 7m 22s
Rendered 7486/18723, time remaining: 7m 14s
Rendered 7487/18723, time remaining: 7m 19s
Rendered 7488/18723, time remaining: 7m 22s
Rendered 7489/18723, time remaining: 7m 22s
Rendered 7490/18723, time remaining: 7m 24s
Rendered 7491/18723, time remaining: 7m 23s
Rendered 7492/18723, time remaining: 7m 23s
Rendered 7493/18723, time remaining: 7m 21s
Rendered 7494/18723, time remaining: 7m 17s
Rendered 7495/18723, time remaining: 7m 19s
Rendered 7496/18723, time remaining: 7m 24s
Rendered 7497/18723, time remaining: 7m 25s
Rendered 7498/18723, time remaining: 7m 23s
Rendered 7499/18723, time remaining: 7m 24s
Rendered 7500/18723, time remaining: 7m 24s
Rendered 7501/18723, time remaining: 7m 19s
Rendered 7502/18723, time remaining: 7m 23s
Rendered 7503/18723, time remaining: 7m 23s
Rendered 7504/18723, time remaining: 7m 23s
Rendered 7505/18723, time remaining: 7m 20s
Rendered 7506/18723, time remaining: 7m 19s
Rendered 7507/18723, time remaining: 7m 20s
Rendered 7508/18723, time remaining: 7m 22s
Rendered 7509/18723, time remaining: 7m 23s
Rendered 7510/18723, time remaining: 7m 22s
Rendered 7511/18723, time remaining: 7m 21s
Rendered 7512/18723, time remaining: 7m 21s
Rendered 7513/18723, time remaining: 7m 20s
Rendered 7514/18723, time remaining: 7m 20s
Rendered 7515/18723, time remaining: 7m 20s
Rendered 7516/18723, time remaining: 7m 26s
Rendered 7517/18723, time remaining: 7m 25s
Rendered 7518/18723, time remaining: 7m 27s
Rendered 7519/18723, time remaining: 7m 21s
Rendered 7520/18723, time remaining: 7m 17s
Rendered 7521/18723, time remaining: 7m 19s
Rendered 7522/18723, time remaining: 7m 22s
Rendered 7523/18723, time remaining: 7m 22s
Rendered 7524/18723, time remaining: 7m 22s
Rendered 7525/18723, time remaining: 7m 21s
Rendered 7526/18723, time remaining: 7m 17s
Rendered 7527/18723, time remaining: 7m 25s
Rendered 7528/18723, time remaining: 7m 21s
Rendered 7529/18723, time remaining: 7m 21s
Rendered 7530/18723, time remaining: 7m 21s
Rendered 7531/18723, time remaining: 7m 22s
Rendered 7532/18723, time remaining: 7m 30s
Rendered 7533/18723, time remaining: 7m 17s
Rendered 7534/18723, time remaining: 7m 24s
Rendered 7535/18723, time remaining: 7m 24s
Rendered 7536/18723, time remaining: 7m 24s
Rendered 7537/18723, time remaining: 7m 27s
Rendered 7538/18723, time remaining: 7m 27s
Rendered 7539/18723, time remaining: 7m 27s
Rendered 7540/18723, time remaining: 7m 26s
Rendered 7541/18723, time remaining: 7m 13s
Rendered 7542/18723, time remaining: 7m 16s
Rendered 7543/18723, time remaining: 7m 23s
Rendered 7544/18723, time remaining: 7m 22s
Rendered 7545/18723, time remaining: 7m 25s
Rendered 7546/18723, time remaining: 7m 24s
Rendered 7547/18723, time remaining: 7m 25s
Rendered 7548/18723, time remaining: 7m 24s
Rendered 7549/18723, time remaining: 7m 21s
Rendered 7550/18723, time remaining: 7m 20s
Rendered 7551/18723, time remaining: 7m 20s
Rendered 7552/18723, time remaining: 7m 17s
Rendered 7553/18723, time remaining: 7m 20s
Rendered 7554/18723, time remaining: 7m 20s
Rendered 7555/18723, time remaining: 7m 22s
Rendered 7556/18723, time remaining: 7m 23s
Rendered 7557/18723, time remaining: 7m 24s
Rendered 7558/18723, time remaining: 7m 33s
Rendered 7559/18723, time remaining: 7m 27s
Rendered 7560/18723, time remaining: 7m 17s
Rendered 7561/18723, time remaining: 7m 17s
Rendered 7562/18723, time remaining: 7m 18s
Rendered 7563/18723, time remaining: 7m 20s
Rendered 7564/18723, time remaining: 7m 21s
Rendered 7565/18723, time remaining: 7m 32s
Rendered 7566/18723, time remaining: 7m 37s
Rendered 7567/18723, time remaining: 7m 24s
Rendered 7568/18723, time remaining: 7m 22s
Rendered 7569/18723, time remaining: 7m 21s
Rendered 7570/18723, time remaining: 7m 21s
Rendered 7571/18723, time remaining: 7m 23s
Rendered 7572/18723, time remaining: 7m 24s
Rendered 7573/18723, time remaining: 7m 29s
Rendered 7574/18723, time remaining: 7m 25s
Rendered 7575/18723, time remaining: 7m 20s
Rendered 7576/18723, time remaining: 7m 18s
Rendered 7577/18723, time remaining: 7m 22s
Rendered 7578/18723, time remaining: 7m 26s
Rendered 7579/18723, time remaining: 7m 30s
Rendered 7580/18723, time remaining: 7m 24s
Rendered 7581/18723, time remaining: 7m 25s
Rendered 7582/18723, time remaining: 7m 18s
Rendered 7583/18723, time remaining: 7m 18s
Rendered 7584/18723, time remaining: 7m 17s
Rendered 7585/18723, time remaining: 7m 21s
Rendered 7586/18723, time remaining: 7m 23s
Rendered 7587/18723, time remaining: 7m 25s
Rendered 7588/18723, time remaining: 7m 25s
Rendered 7589/18723, time remaining: 7m 25s
Rendered 7590/18723, time remaining: 7m 20s
Rendered 7591/18723, time remaining: 7m 20s
Rendered 7592/18723, time remaining: 7m 22s
Rendered 7593/18723, time remaining: 7m 22s
Rendered 7594/18723, time remaining: 7m 26s
Rendered 7595/18723, time remaining: 7m 31s
Rendered 7596/18723, time remaining: 7m 30s
Rendered 7597/18723, time remaining: 7m 23s
Rendered 7598/18723, time remaining: 7m 21s
Rendered 7599/18723, time remaining: 7m 16s
Rendered 7600/18723, time remaining: 7m 20s
Rendered 7601/18723, time remaining: 7m 18s
Rendered 7602/18723, time remaining: 7m 29s
Rendered 7603/18723, time remaining: 7m 27s
Rendered 7604/18723, time remaining: 7m 22s
Rendered 7605/18723, time remaining: 7m 19s
Rendered 7606/18723, time remaining: 7m 24s
Rendered 7607/18723, time remaining: 7m 22s
Rendered 7608/18723, time remaining: 7m 17s
Rendered 7609/18723, time remaining: 7m 15s
Rendered 7610/18723, time remaining: 7m 22s
Rendered 7611/18723, time remaining: 7m 30s
Rendered 7612/18723, time remaining: 7m 25s
Rendered 7613/18723, time remaining: 7m 23s
Rendered 7614/18723, time remaining: 7m 16s
Rendered 7615/18723, time remaining: 7m 23s
Rendered 7616/18723, time remaining: 7m 23s
Rendered 7617/18723, time remaining: 7m 22s
Rendered 7618/18723, time remaining: 7m 30s
Rendered 7619/18723, time remaining: 7m 29s
Rendered 7620/18723, time remaining: 7m 27s
Rendered 7621/18723, time remaining: 7m 25s
Rendered 7622/18723, time remaining: 7m 13s
Rendered 7623/18723, time remaining: 7m 17s
Rendered 7624/18723, time remaining: 7m 22s
Rendered 7625/18723, time remaining: 7m 21s
Rendered 7626/18723, time remaining: 7m 26s
Rendered 7627/18723, time remaining: 7m 27s
Rendered 7628/18723, time remaining: 7m 15s
Rendered 7629/18723, time remaining: 7m 17s
Rendered 7630/18723, time remaining: 7m 16s
Rendered 7631/18723, time remaining: 7m 17s
Rendered 7632/18723, time remaining: 7m 25s
Rendered 7633/18723, time remaining: 7m 25s
Rendered 7634/18723, time remaining: 7m 25s
Rendered 7635/18723, time remaining: 7m 23s
Rendered 7636/18723, time remaining: 7m 23s
Rendered 7637/18723, time remaining: 7m 19s
Rendered 7638/18723, time remaining: 7m 18s
Rendered 7639/18723, time remaining: 7m 18s
Rendered 7640/18723, time remaining: 7m 20s
Rendered 7641/18723, time remaining: 7m 20s
Rendered 7642/18723, time remaining: 7m 17s
Rendered 7643/18723, time remaining: 7m 25s
Rendered 7644/18723, time remaining: 7m 26s
Rendered 7645/18723, time remaining: 7m 22s
Rendered 7646/18723, time remaining: 7m 16s
Rendered 7647/18723, time remaining: 7m 15s
Rendered 7648/18723, time remaining: 7m 21s
Rendered 7649/18723, time remaining: 7m 21s
Rendered 7650/18723, time remaining: 7m 20s
Rendered 7651/18723, time remaining: 7m 24s
Rendered 7652/18723, time remaining: 7m 24s
Rendered 7653/18723, time remaining: 7m 22s
Rendered 7654/18723, time remaining: 7m 24s
Rendered 7655/18723, time remaining: 7m 21s
Rendered 7656/18723, time remaining: 7m 22s
Rendered 7657/18723, time remaining: 7m 22s
Rendered 7658/18723, time remaining: 7m 25s
Rendered 7659/18723, time remaining: 7m 23s
Rendered 7660/18723, time remaining: 7m 19s
Rendered 7661/18723, time remaining: 7m 21s
Rendered 7662/18723, time remaining: 7m 22s
Rendered 7663/18723, time remaining: 7m 23s
Rendered 7664/18723, time remaining: 7m 25s
Rendered 7665/18723, time remaining: 7m 24s
Rendered 7666/18723, time remaining: 7m 15s
Rendered 7667/18723, time remaining: 7m 14s
Rendered 7668/18723, time remaining: 7m 17s
Rendered 7669/18723, time remaining: 7m 22s
Rendered 7670/18723, time remaining: 7m 22s
Rendered 7671/18723, time remaining: 7m 25s
Rendered 7672/18723, time remaining: 7m 21s
Rendered 7673/18723, time remaining: 7m 21s
Rendered 7674/18723, time remaining: 7m 21s
Rendered 7675/18723, time remaining: 7m 16s
Rendered 7676/18723, time remaining: 7m 20s
Rendered 7677/18723, time remaining: 7m 22s
Rendered 7678/18723, time remaining: 7m 22s
Rendered 7679/18723, time remaining: 7m 23s
Rendered 7680/18723, time remaining: 7m 22s
Rendered 7681/18723, time remaining: 7m 21s
Rendered 7682/18723, time remaining: 7m 13s
Rendered 7683/18723, time remaining: 7m 13s
Rendered 7684/18723, time remaining: 7m 7s
Rendered 7685/18723, time remaining: 7m 19s
Rendered 7686/18723, time remaining: 7m 15s
Rendered 7687/18723, time remaining: 7m 15s
Rendered 7688/18723, time remaining: 7m 15s
Rendered 7689/18723, time remaining: 7m 20s
Rendered 7690/18723, time remaining: 7m 20s
Rendered 7691/18723, time remaining: 7m 20s
Rendered 7692/18723, time remaining: 7m 17s
Rendered 7693/18723, time remaining: 7m 23s
Rendered 7694/18723, time remaining: 7m 22s
Rendered 7695/18723, time remaining: 7m 16s
Rendered 7696/18723, time remaining: 7m 16s
Rendered 7697/18723, time remaining: 7m 16s
Rendered 7698/18723, time remaining: 7m 21s
Rendered 7699/18723, time remaining: 7m 19s
Rendered 7700/18723, time remaining: 7m 17s
Rendered 7701/18723, time remaining: 7m 21s
Rendered 7702/18723, time remaining: 7m 21s
Rendered 7703/18723, time remaining: 7m 14s
Rendered 7704/18723, time remaining: 7m 14s
Rendered 7705/18723, time remaining: 7m 16s
Rendered 7706/18723, time remaining: 7m 26s
Rendered 7707/18723, time remaining: 7m 25s
Rendered 7708/18723, time remaining: 7m 15s
Rendered 7709/18723, time remaining: 7m 19s
Rendered 7710/18723, time remaining: 7m 18s
Rendered 7711/18723, time remaining: 7m 17s
Rendered 7712/18723, time remaining: 7m 16s
Rendered 7713/18723, time remaining: 7m 24s
Rendered 7714/18723, time remaining: 7m 24s
Rendered 7715/18723, time remaining: 7m 18s
Rendered 7716/18723, time remaining: 7m 12s
Rendered 7717/18723, time remaining: 7m 13s
Rendered 7718/18723, time remaining: 7m 22s
Rendered 7719/18723, time remaining: 7m 24s
Rendered 7720/18723, time remaining: 7m 27s
Rendered 7721/18723, time remaining: 7m 21s
Rendered 7722/18723, time remaining: 7m 19s
Rendered 7723/18723, time remaining: 7m 12s
Rendered 7724/18723, time remaining: 7m 15s
Rendered 7725/18723, time remaining: 7m 18s
Rendered 7726/18723, time remaining: 7m 27s
Rendered 7727/18723, time remaining: 7m 22s
Rendered 7728/18723, time remaining: 7m 19s
Rendered 7729/18723, time remaining: 7m 11s
Rendered 7730/18723, time remaining: 7m 12s
Rendered 7731/18723, time remaining: 7m 19s
Rendered 7732/18723, time remaining: 7m 19s
Rendered 7733/18723, time remaining: 7m 20s
Rendered 7734/18723, time remaining: 7m 18s
Rendered 7735/18723, time remaining: 7m 19s
Rendered 7736/18723, time remaining: 7m 20s
Rendered 7737/18723, time remaining: 7m 14s
Rendered 7738/18723, time remaining: 7m 17s
Rendered 7739/18723, time remaining: 7m 17s
Rendered 7740/18723, time remaining: 7m 17s
Rendered 7741/18723, time remaining: 7m 10s
Rendered 7742/18723, time remaining: 7m 12s
Rendered 7743/18723, time remaining: 7m 25s
Rendered 7744/18723, time remaining: 7m 19s
Rendered 7745/18723, time remaining: 7m 13s
Rendered 7746/18723, time remaining: 7m 18s
Rendered 7747/18723, time remaining: 7m 17s
Rendered 7748/18723, time remaining: 7m 17s
Rendered 7749/18723, time remaining: 7m 16s
Rendered 7750/18723, time remaining: 7m 18s
Rendered 7751/18723, time remaining: 7m 28s
Rendered 7752/18723, time remaining: 7m 13s
Rendered 7753/18723, time remaining: 7m 15s
Rendered 7754/18723, time remaining: 7m 19s
Rendered 7755/18723, time remaining: 7m 21s
Rendered 7756/18723, time remaining: 7m 17s
Rendered 7757/18723, time remaining: 7m 17s
Rendered 7758/18723, time remaining: 7m 18s
Rendered 7759/18723, time remaining: 7m 18s
Rendered 7760/18723, time remaining: 7m 14s
Rendered 7761/18723, time remaining: 7m 18s
Rendered 7762/18723, time remaining: 7m 19s
Rendered 7763/18723, time remaining: 7m 19s
Rendered 7764/18723, time remaining: 7m 16s
Rendered 7765/18723, time remaining: 7m 9s
Rendered 7766/18723, time remaining: 7m 9s
Rendered 7767/18723, time remaining: 7m 16s
Rendered 7768/18723, time remaining: 7m 11s
Rendered 7769/18723, time remaining: 7m 17s
Rendered 7770/18723, time remaining: 7m 17s
Rendered 7771/18723, time remaining: 7m 17s
Rendered 7772/18723, time remaining: 7m 20s
Rendered 7773/18723, time remaining: 7m 16s
Rendered 7774/18723, time remaining: 7m 11s
Rendered 7775/18723, time remaining: 7m 11s
Rendered 7776/18723, time remaining: 7m 6s
Rendered 7777/18723, time remaining: 7m 7s
Rendered 7778/18723, time remaining: 7m 15s
Rendered 7779/18723, time remaining: 7m 21s
Rendered 7780/18723, time remaining: 7m 21s
Rendered 7781/18723, time remaining: 7m 15s
Rendered 7782/18723, time remaining: 7m 11s
Rendered 7783/18723, time remaining: 7m 15s
Rendered 7784/18723, time remaining: 7m 16s
Rendered 7785/18723, time remaining: 7m 10s
Rendered 7786/18723, time remaining: 7m 10s
Rendered 7787/18723, time remaining: 7m 11s
Rendered 7788/18723, time remaining: 7m 15s
Rendered 7789/18723, time remaining: 7m 18s
Rendered 7790/18723, time remaining: 7m 11s
Rendered 7791/18723, time remaining: 7m 14s
Rendered 7792/18723, time remaining: 7m 20s
Rendered 7793/18723, time remaining: 7m 12s
Rendered 7794/18723, time remaining: 7m 10s
Rendered 7795/18723, time remaining: 7m 7s
Rendered 7796/18723, time remaining: 7m 14s
Rendered 7797/18723, time remaining: 7m 13s
Rendered 7798/18723, time remaining: 7m 9s
Rendered 7799/18723, time remaining: 7m 14s
Rendered 7800/18723, time remaining: 7m 17s
Rendered 7801/18723, time remaining: 7m 13s
Rendered 7802/18723, time remaining: 7m 4s
Rendered 7803/18723, time remaining: 7m 4s
Rendered 7804/18723, time remaining: 7m 3s
Rendered 7805/18723, time remaining: 7m 4s
Rendered 7806/18723, time remaining: 7m 11s
Rendered 7807/18723, time remaining: 7m 20s
Rendered 7808/18723, time remaining: 7m 9s
Rendered 7809/18723, time remaining: 7m 11s
Rendered 7810/18723, time remaining: 7m 10s
Rendered 7811/18723, time remaining: 7m 2s
Rendered 7812/18723, time remaining: 7m 2s
Rendered 7813/18723, time remaining: 7m 8s
Rendered 7814/18723, time remaining: 7m 7s
Rendered 7815/18723, time remaining: 7m 15s
Rendered 7816/18723, time remaining: 7m 15s
Rendered 7817/18723, time remaining: 7m 15s
Rendered 7818/18723, time remaining: 7m 12s
Rendered 7819/18723, time remaining: 7m 2s
Rendered 7820/18723, time remaining: 7m 26s
Rendered 7821/18723, time remaining: 7m 21s
Rendered 7822/18723, time remaining: 7m 23s
Rendered 7823/18723, time remaining: 7m 23s
Rendered 7824/18723, time remaining: 7m 32s
Rendered 7825/18723, time remaining: 7m 32s
Rendered 7826/18723, time remaining: 7m 28s
Rendered 7827/18723, time remaining: 7m 27s
Rendered 7828/18723, time remaining: 7m 28s
Rendered 7829/18723, time remaining: 7m 31s
Rendered 7830/18723, time remaining: 7m 31s
Rendered 7831/18723, time remaining: 7m 31s
Rendered 7832/18723, time remaining: 7m 35s
Rendered 7833/18723, time remaining: 7m 35s
Rendered 7834/18723, time remaining: 7m 41s
Rendered 7835/18723, time remaining: 7m 30s
Rendered 7836/18723, time remaining: 7m 33s
Rendered 7837/18723, time remaining: 7m 32s
Rendered 7838/18723, time remaining: 7m 32s
Rendered 7839/18723, time remaining: 7m 27s
Rendered 7840/18723, time remaining: 7m 29s
Rendered 7841/18723, time remaining: 7m 33s
Rendered 7842/18723, time remaining: 7m 40s
Rendered 7843/18723, time remaining: 7m 27s
Rendered 7844/18723, time remaining: 7m 33s
Rendered 7845/18723, time remaining: 7m 33s
Rendered 7846/18723, time remaining: 7m 34s
Rendered 7847/18723, time remaining: 7m 34s
Rendered 7848/18723, time remaining: 7m 28s
Rendered 7849/18723, time remaining: 7m 36s
Rendered 7850/18723, time remaining: 7m 34s
Rendered 7851/18723, time remaining: 7m 35s
Rendered 7852/18723, time remaining: 7m 35s
Rendered 7853/18723, time remaining: 7m 38s
Rendered 7854/18723, time remaining: 7m 39s
Rendered 7855/18723, time remaining: 7m 35s
Rendered 7856/18723, time remaining: 7m 29s
Rendered 7857/18723, time remaining: 7m 36s
Rendered 7858/18723, time remaining: 7m 39s
Rendered 7859/18723, time remaining: 7m 36s
Rendered 7860/18723, time remaining: 7m 36s
Rendered 7861/18723, time remaining: 7m 36s
Rendered 7862/18723, time remaining: 7m 37s
Rendered 7863/18723, time remaining: 7m 27s
Rendered 7864/18723, time remaining: 7m 33s
Rendered 7865/18723, time remaining: 7m 36s
Rendered 7866/18723, time remaining: 7m 37s
Rendered 7867/18723, time remaining: 7m 37s
Rendered 7868/18723, time remaining: 7m 34s
Rendered 7869/18723, time remaining: 7m 33s
Rendered 7870/18723, time remaining: 7m 28s
Rendered 7871/18723, time remaining: 7m 35s
Rendered 7872/18723, time remaining: 7m 35s
Rendered 7873/18723, time remaining: 7m 45s
Rendered 7874/18723, time remaining: 7m 41s
Rendered 7875/18723, time remaining: 7m 38s
Rendered 7876/18723, time remaining: 7m 31s
Rendered 7877/18723, time remaining: 7m 35s
Rendered 7878/18723, time remaining: 7m 37s
Rendered 7879/18723, time remaining: 7m 37s
Rendered 7880/18723, time remaining: 7m 36s
Rendered 7881/18723, time remaining: 7m 39s
Rendered 7882/18723, time remaining: 7m 37s
Rendered 7883/18723, time remaining: 7m 40s
Rendered 7884/18723, time remaining: 7m 43s
Rendered 7885/18723, time remaining: 7m 39s
Rendered 7886/18723, time remaining: 7m 37s
Rendered 7887/18723, time remaining: 7m 36s
Rendered 7888/18723, time remaining: 7m 33s
Rendered 7889/18723, time remaining: 7m 45s
Rendered 7890/18723, time remaining: 7m 48s
Rendered 7891/18723, time remaining: 7m 48s
Rendered 7892/18723, time remaining: 7m 45s
Rendered 7893/18723, time remaining: 7m 32s
Rendered 7894/18723, time remaining: 7m 33s
Rendered 7895/18723, time remaining: 7m 40s
Rendered 7896/18723, time remaining: 7m 38s
Rendered 7897/18723, time remaining: 7m 45s
Rendered 7898/18723, time remaining: 7m 46s
Rendered 7899/18723, time remaining: 7m 49s
Rendered 7900/18723, time remaining: 7m 43s
Rendered 7901/18723, time remaining: 7m 34s
Rendered 7902/18723, time remaining: 7m 38s
Rendered 7903/18723, time remaining: 7m 43s
Rendered 7904/18723, time remaining: 7m 39s
Rendered 7905/18723, time remaining: 7m 43s
Rendered 7906/18723, time remaining: 7m 43s
Rendered 7907/18723, time remaining: 7m 45s
Rendered 7908/18723, time remaining: 7m 44s
Rendered 7909/18723, time remaining: 7m 43s
Rendered 7910/18723, time remaining: 7m 42s
Rendered 7911/18723, time remaining: 7m 37s
Rendered 7912/18723, time remaining: 7m 37s
Rendered 7913/18723, time remaining: 7m 48s
Rendered 7914/18723, time remaining: 7m 48s
Rendered 7915/18723, time remaining: 7m 48s
Rendered 7916/18723, time remaining: 7m 50s
Rendered 7917/18723, time remaining: 7m 43s
Rendered 7918/18723, time remaining: 7m 41s
Rendered 7919/18723, time remaining: 7m 40s
Rendered 7920/18723, time remaining: 7m 44s
Rendered 7921/18723, time remaining: 7m 48s
Rendered 7922/18723, time remaining: 7m 45s
Rendered 7923/18723, time remaining: 7m 48s
Rendered 7924/18723, time remaining: 7m 49s
Rendered 7925/18723, time remaining: 7m 51s
Rendered 7926/18723, time remaining: 7m 51s
Rendered 7927/18723, time remaining: 7m 50s
Rendered 7928/18723, time remaining: 7m 45s
Rendered 7929/18723, time remaining: 7m 40s
Rendered 7930/18723, time remaining: 7m 48s
Rendered 7931/18723, time remaining: 7m 50s
Rendered 7932/18723, time remaining: 7m 49s
Rendered 7933/18723, time remaining: 7m 45s
Rendered 7934/18723, time remaining: 7m 44s
Rendered 7935/18723, time remaining: 7m 44s
Rendered 7936/18723, time remaining: 7m 50s
Rendered 7937/18723, time remaining: 7m 53s
Rendered 7938/18723, time remaining: 7m 51s
Rendered 7939/18723, time remaining: 7m 50s
Rendered 7940/18723, time remaining: 7m 50s
Rendered 7941/18723, time remaining: 7m 47s
Rendered 7942/18723, time remaining: 7m 45s
Rendered 7943/18723, time remaining: 7m 45s
Rendered 7944/18723, time remaining: 7m 45s
Rendered 7945/18723, time remaining: 7m 55s
Rendered 7946/18723, time remaining: 7m 50s
Rendered 7947/18723, time remaining: 7m 52s
Rendered 7948/18723, time remaining: 7m 50s
Rendered 7949/18723, time remaining: 7m 45s
Rendered 7950/18723, time remaining: 7m 53s
Rendered 7951/18723, time remaining: 7m 52s
Rendered 7952/18723, time remaining: 7m 51s
Rendered 7953/18723, time remaining: 7m 53s
Rendered 7954/18723, time remaining: 8m 3s
Rendered 7955/18723, time remaining: 8m 3s
Rendered 7956/18723, time remaining: 7m 54s
Rendered 7957/18723, time remaining: 7m 46s
Rendered 7958/18723, time remaining: 7m 49s
Rendered 7959/18723, time remaining: 7m 48s
Rendered 7960/18723, time remaining: 7m 46s
Rendered 7961/18723, time remaining: 8m 2s
Rendered 7962/18723, time remaining: 8m 1s
Rendered 7963/18723, time remaining: 7m 55s
Rendered 7964/18723, time remaining: 7m 54s
Rendered 7965/18723, time remaining: 7m 48s
Rendered 7966/18723, time remaining: 7m 55s
Rendered 7967/18723, time remaining: 7m 54s
Rendered 7968/18723, time remaining: 8m 3s
Rendered 7969/18723, time remaining: 8m 3s
Rendered 7970/18723, time remaining: 7m 44s
Rendered 7971/18723, time remaining: 7m 43s
Rendered 7972/18723, time remaining: 7m 42s
Rendered 7973/18723, time remaining: 7m 41s
Rendered 7974/18723, time remaining: 7m 33s
Rendered 7975/18723, time remaining: 7m 39s
Rendered 7976/18723, time remaining: 7m 46s
Rendered 7977/18723, time remaining: 7m 43s
Rendered 7978/18723, time remaining: 7m 42s
Rendered 7979/18723, time remaining: 7m 45s
Rendered 7980/18723, time remaining: 7m 45s
Rendered 7981/18723, time remaining: 7m 45s
Rendered 7982/18723, time remaining: 7m 40s
Rendered 7983/18723, time remaining: 7m 41s
Rendered 7984/18723, time remaining: 7m 47s
Rendered 7985/18723, time remaining: 7m 47s
Rendered 7986/18723, time remaining: 7m 41s
Rendered 7987/18723, time remaining: 7m 41s
Rendered 7988/18723, time remaining: 7m 41s
Rendered 7989/18723, time remaining: 7m 42s
Rendered 7990/18723, time remaining: 7m 40s
Rendered 7991/18723, time remaining: 7m 44s
Rendered 7992/18723, time remaining: 7m 48s
Rendered 7993/18723, time remaining: 7m 47s
Rendered 7994/18723, time remaining: 7m 43s
Rendered 7995/18723, time remaining: 7m 42s
Rendered 7996/18723, time remaining: 7m 41s
Rendered 7997/18723, time remaining: 7m 41s
Rendered 7998/18723, time remaining: 7m 41s
Rendered 7999/18723, time remaining: 7m 39s
Rendered 8000/18723, time remaining: 7m 46s
Rendered 8001/18723, time remaining: 7m 41s
Rendered 8002/18723, time remaining: 7m 43s
Rendered 8003/18723, time remaining: 7m 41s
Rendered 8004/18723, time remaining: 7m 39s
Rendered 8005/18723, time remaining: 7m 40s
Rendered 8006/18723, time remaining: 7m 36s
Rendered 8007/18723, time remaining: 7m 38s
Rendered 8008/18723, time remaining: 7m 34s
Rendered 8009/18723, time remaining: 7m 37s
Rendered 8010/18723, time remaining: 7m 38s
Rendered 8011/18723, time remaining: 7m 43s
Rendered 8012/18723, time remaining: 7m 42s
Rendered 8013/18723, time remaining: 7m 45s
Rendered 8014/18723, time remaining: 7m 39s
Rendered 8015/18723, time remaining: 7m 30s
Rendered 8016/18723, time remaining: 7m 39s
Rendered 8017/18723, time remaining: 7m 38s
Rendered 8018/18723, time remaining: 7m 32s
Rendered 8019/18723, time remaining: 7m 39s
Rendered 8020/18723, time remaining: 7m 39s
Rendered 8021/18723, time remaining: 7m 34s
Rendered 8022/18723, time remaining: 7m 39s
Rendered 8023/18723, time remaining: 7m 29s
Rendered 8024/18723, time remaining: 7m 29s
Rendered 8025/18723, time remaining: 7m 29s
Rendered 8026/18723, time remaining: 7m 28s
Rendered 8027/18723, time remaining: 7m 41s
Rendered 8028/18723, time remaining: 7m 39s
Rendered 8029/18723, time remaining: 7m 38s
Rendered 8030/18723, time remaining: 7m 40s
Rendered 8031/18723, time remaining: 7m 35s
Rendered 8032/18723, time remaining: 7m 35s
Rendered 8033/18723, time remaining: 7m 33s
Rendered 8034/18723, time remaining: 7m 37s
Rendered 8035/18723, time remaining: 7m 40s
Rendered 8036/18723, time remaining: 7m 40s
Rendered 8037/18723, time remaining: 7m 40s
Rendered 8038/18723, time remaining: 7m 40s
Rendered 8039/18723, time remaining: 7m 31s
Rendered 8040/18723, time remaining: 7m 27s
Rendered 8041/18723, time remaining: 7m 34s
Rendered 8042/18723, time remaining: 7m 35s
Rendered 8043/18723, time remaining: 7m 40s
Rendered 8044/18723, time remaining: 7m 39s
Rendered 8045/18723, time remaining: 7m 32s
Rendered 8046/18723, time remaining: 7m 40s
Rendered 8047/18723, time remaining: 7m 34s
Rendered 8048/18723, time remaining: 7m 33s
Rendered 8049/18723, time remaining: 7m 30s
Rendered 8050/18723, time remaining: 7m 30s
Rendered 8051/18723, time remaining: 7m 40s
Rendered 8052/18723, time remaining: 7m 39s
Rendered 8053/18723, time remaining: 7m 32s
Rendered 8054/18723, time remaining: 7m 33s
Rendered 8055/18723, time remaining: 7m 26s
Rendered 8056/18723, time remaining: 7m 30s
Rendered 8057/18723, time remaining: 7m 32s
Rendered 8058/18723, time remaining: 7m 32s
Rendered 8059/18723, time remaining: 7m 38s
Rendered 8060/18723, time remaining: 7m 39s
Rendered 8061/18723, time remaining: 7m 38s
Rendered 8062/18723, time remaining: 7m 38s
Rendered 8063/18723, time remaining: 7m 27s
Rendered 8064/18723, time remaining: 7m 27s
Rendered 8065/18723, time remaining: 7m 36s
Rendered 8066/18723, time remaining: 7m 34s
Rendered 8067/18723, time remaining: 7m 33s
Rendered 8068/18723, time remaining: 7m 38s
Rendered 8069/18723, time remaining: 7m 35s
Rendered 8070/18723, time remaining: 7m 32s
Rendered 8071/18723, time remaining: 7m 28s
Rendered 8072/18723, time remaining: 7m 30s
Rendered 8073/18723, time remaining: 7m 27s
Rendered 8074/18723, time remaining: 7m 23s
Rendered 8075/18723, time remaining: 7m 28s
Rendered 8076/18723, time remaining: 7m 27s
Rendered 8077/18723, time remaining: 7m 34s
Rendered 8078/18723, time remaining: 7m 30s
Rendered 8079/18723, time remaining: 7m 33s
Rendered 8080/18723, time remaining: 7m 25s
Rendered 8081/18723, time remaining: 7m 23s
Rendered 8082/18723, time remaining: 7m 20s
Rendered 8083/18723, time remaining: 7m 28s
Rendered 8084/18723, time remaining: 7m 30s
Rendered 8085/18723, time remaining: 7m 30s
Rendered 8086/18723, time remaining: 7m 23s
Rendered 8087/18723, time remaining: 7m 26s
Rendered 8088/18723, time remaining: 7m 21s
Rendered 8089/18723, time remaining: 7m 19s
Rendered 8090/18723, time remaining: 7m 29s
Rendered 8091/18723, time remaining: 7m 29s
Rendered 8092/18723, time remaining: 7m 24s
Rendered 8093/18723, time remaining: 7m 24s
Rendered 8094/18723, time remaining: 7m 25s
Rendered 8095/18723, time remaining: 7m 17s
Rendered 8096/18723, time remaining: 7m 25s
Rendered 8097/18723, time remaining: 7m 24s
Rendered 8098/18723, time remaining: 7m 31s
Rendered 8099/18723, time remaining: 7m 30s
Rendered 8100/18723, time remaining: 7m 22s
Rendered 8101/18723, time remaining: 7m 22s
Rendered 8102/18723, time remaining: 7m 22s
Rendered 8103/18723, time remaining: 7m 21s
Rendered 8104/18723, time remaining: 7m 19s
Rendered 8105/18723, time remaining: 7m 19s
Rendered 8106/18723, time remaining: 7m 30s
Rendered 8107/18723, time remaining: 7m 30s
Rendered 8108/18723, time remaining: 7m 27s
Rendered 8109/18723, time remaining: 7m 29s
Rendered 8110/18723, time remaining: 7m 29s
Rendered 8111/18723, time remaining: 7m 21s
Rendered 8112/18723, time remaining: 7m 21s
Rendered 8113/18723, time remaining: 7m 25s
Rendered 8114/18723, time remaining: 7m 32s
Rendered 8115/18723, time remaining: 7m 30s
Rendered 8116/18723, time remaining: 7m 24s
Rendered 8117/18723, time remaining: 7m 24s
Rendered 8118/18723, time remaining: 7m 14s
Rendered 8119/18723, time remaining: 7m 24s
Rendered 8120/18723, time remaining: 7m 18s
Rendered 8121/18723, time remaining: 7m 18s
Rendered 8122/18723, time remaining: 7m 24s
Rendered 8123/18723, time remaining: 7m 24s
Rendered 8124/18723, time remaining: 7m 24s
Rendered 8125/18723, time remaining: 7m 15s
Rendered 8126/18723, time remaining: 7m 17s
Rendered 8127/18723, time remaining: 7m 15s
Rendered 8128/18723, time remaining: 7m 19s
Rendered 8129/18723, time remaining: 7m 13s
Rendered 8130/18723, time remaining: 7m 15s
Rendered 8131/18723, time remaining: 7m 16s
Rendered 8132/18723, time remaining: 7m 19s
Rendered 8133/18723, time remaining: 7m 17s
Rendered 8134/18723, time remaining: 7m 6s
Rendered 8135/18723, time remaining: 7m 9s
Rendered 8136/18723, time remaining: 7m 9s
Rendered 8137/18723, time remaining: 7m 10s
Rendered 8138/18723, time remaining: 7m 10s
Rendered 8139/18723, time remaining: 7m 16s
Rendered 8140/18723, time remaining: 7m 15s
Rendered 8141/18723, time remaining: 7m 8s
Rendered 8142/18723, time remaining: 6m 59s
Rendered 8143/18723, time remaining: 7m 3s
Rendered 8144/18723, time remaining: 7m 2s
Rendered 8145/18723, time remaining: 7m 4s
Rendered 8146/18723, time remaining: 7m 7s
Rendered 8147/18723, time remaining: 7m 16s
Rendered 8148/18723, time remaining: 7m 15s
Rendered 8149/18723, time remaining: 7m 9s
Rendered 8150/18723, time remaining: 7m 10s
Rendered 8151/18723, time remaining: 7m 9s
Rendered 8152/18723, time remaining: 7m 6s
Rendered 8153/18723, time remaining: 7m 5s
Rendered 8154/18723, time remaining: 7m 6s
Rendered 8155/18723, time remaining: 7m 13s
Rendered 8156/18723, time remaining: 7m 12s
Rendered 8157/18723, time remaining: 7m 4s
Rendered 8158/18723, time remaining: 7m 14s
Rendered 8159/18723, time remaining: 7m 11s
Rendered 8160/18723, time remaining: 7m 10s
Rendered 8161/18723, time remaining: 7m 7s
Rendered 8162/18723, time remaining: 7m 15s
Rendered 8163/18723, time remaining: 7m 11s
Rendered 8164/18723, time remaining: 7m 14s
Rendered 8165/18723, time remaining: 7m 16s
Rendered 8166/18723, time remaining: 7m 6s
Rendered 8167/18723, time remaining: 7m 7s
Rendered 8168/18723, time remaining: 7m 10s
Rendered 8169/18723, time remaining: 7m 7s
Rendered 8170/18723, time remaining: 7m 7s
Rendered 8171/18723, time remaining: 7m 10s
Rendered 8172/18723, time remaining: 7m 8s
Rendered 8173/18723, time remaining: 7m 8s
Rendered 8174/18723, time remaining: 7m 13s
Rendered 8175/18723, time remaining: 7m 13s
Rendered 8176/18723, time remaining: 7m 17s
Rendered 8177/18723, time remaining: 7m 0s
Rendered 8178/18723, time remaining: 7m 7s
Rendered 8179/18723, time remaining: 7m 7s
Rendered 8180/18723, time remaining: 7m 17s
Rendered 8181/18723, time remaining: 7m 11s
Rendered 8182/18723, time remaining: 7m 11s
Rendered 8183/18723, time remaining: 7m 9s
Rendered 8184/18723, time remaining: 7m 9s
Rendered 8185/18723, time remaining: 7m 5s
Rendered 8186/18723, time remaining: 7m 9s
Rendered 8187/18723, time remaining: 7m 12s
Rendered 8188/18723, time remaining: 7m 12s
Rendered 8189/18723, time remaining: 7m 10s
Rendered 8190/18723, time remaining: 7m 17s
Rendered 8191/18723, time remaining: 7m 10s
Rendered 8192/18723, time remaining: 7m 9s
Rendered 8193/18723, time remaining: 7m 6s
Rendered 8194/18723, time remaining: 7m 10s
Rendered 8195/18723, time remaining: 7m 17s
Rendered 8196/18723, time remaining: 7m 8s
Rendered 8197/18723, time remaining: 7m 10s
Rendered 8198/18723, time remaining: 7m 14s
Rendered 8199/18723, time remaining: 7m 14s
Rendered 8200/18723, time remaining: 7m 15s
Rendered 8201/18723, time remaining: 7m 8s
Rendered 8202/18723, time remaining: 7m 6s
Rendered 8203/18723, time remaining: 7m 11s
Rendered 8204/18723, time remaining: 7m 14s
Rendered 8205/18723, time remaining: 7m 13s
Rendered 8206/18723, time remaining: 7m 11s
Rendered 8207/18723, time remaining: 7m 9s
Rendered 8208/18723, time remaining: 7m 9s
Rendered 8209/18723, time remaining: 7m 5s
Rendered 8210/18723, time remaining: 7m 7s
Rendered 8211/18723, time remaining: 7m 1s
Rendered 8212/18723, time remaining: 7m 11s
Rendered 8213/18723, time remaining: 7m 11s
Rendered 8214/18723, time remaining: 7m 11s
Rendered 8215/18723, time remaining: 7m 2s
Rendered 8216/18723, time remaining: 7m 9s
Rendered 8217/18723, time remaining: 7m 9s
Rendered 8218/18723, time remaining: 7m 12s
Rendered 8219/18723, time remaining: 7m 11s
Rendered 8220/18723, time remaining: 7m 10s
Rendered 8221/18723, time remaining: 7m 12s
Rendered 8222/18723, time remaining: 7m 10s
Rendered 8223/18723, time remaining: 7m 10s
Rendered 8224/18723, time remaining: 7m 19s
Rendered 8225/18723, time remaining: 7m 12s
Rendered 8226/18723, time remaining: 7m 13s
Rendered 8227/18723, time remaining: 7m 10s
Rendered 8228/18723, time remaining: 7m 10s
Rendered 8229/18723, time remaining: 7m 8s
Rendered 8230/18723, time remaining: 7m 8s
Rendered 8231/18723, time remaining: 7m 15s
Rendered 8232/18723, time remaining: 7m 15s
Rendered 8233/18723, time remaining: 7m 7s
Rendered 8234/18723, time remaining: 7m 6s
Rendered 8235/18723, time remaining: 7m 16s
Rendered 8236/18723, time remaining: 7m 16s
Rendered 8237/18723, time remaining: 7m 9s
Rendered 8238/18723, time remaining: 7m 9s
Rendered 8239/18723, time remaining: 7m 13s
Rendered 8240/18723, time remaining: 7m 5s
Rendered 8241/18723, time remaining: 7m 9s
Rendered 8242/18723, time remaining: 7m 9s
Rendered 8243/18723, time remaining: 7m 11s
Rendered 8244/18723, time remaining: 7m 14s
Rendered 8245/18723, time remaining: 7m 12s
Rendered 8246/18723, time remaining: 7m 11s
Rendered 8247/18723, time remaining: 7m 11s
Rendered 8248/18723, time remaining: 7m 4s
Rendered 8249/18723, time remaining: 7m 4s
Rendered 8250/18723, time remaining: 7m 3s
Rendered 8251/18723, time remaining: 7m 14s
Rendered 8252/18723, time remaining: 7m 13s
Rendered 8253/18723, time remaining: 7m 14s
Rendered 8254/18723, time remaining: 7m 5s
Rendered 8255/18723, time remaining: 7m 5s
Rendered 8256/18723, time remaining: 6m 55s
Rendered 8257/18723, time remaining: 6m 56s
Rendered 8258/18723, time remaining: 6m 56s
Rendered 8259/18723, time remaining: 6m 55s
Rendered 8260/18723, time remaining: 6m 55s
Rendered 8261/18723, time remaining: 6m 50s
Rendered 8262/18723, time remaining: 6m 49s
Rendered 8263/18723, time remaining: 6m 46s
Rendered 8264/18723, time remaining: 6m 39s
Rendered 8265/18723, time remaining: 6m 39s
Rendered 8266/18723, time remaining: 6m 39s
Rendered 8267/18723, time remaining: 6m 39s
Rendered 8268/18723, time remaining: 6m 39s
Rendered 8269/18723, time remaining: 6m 33s
Rendered 8270/18723, time remaining: 6m 33s
Rendered 8271/18723, time remaining: 6m 33s
Rendered 8272/18723, time remaining: 6m 27s
Rendered 8273/18723, time remaining: 6m 32s
Rendered 8274/18723, time remaining: 6m 34s
Rendered 8275/18723, time remaining: 6m 35s
Rendered 8276/18723, time remaining: 6m 33s
Rendered 8277/18723, time remaining: 6m 28s
Rendered 8278/18723, time remaining: 6m 24s
Rendered 8279/18723, time remaining: 6m 24s
Rendered 8280/18723, time remaining: 6m 32s
Rendered 8281/18723, time remaining: 6m 31s
Rendered 8282/18723, time remaining: 6m 31s
Rendered 8283/18723, time remaining: 6m 31s
Rendered 8284/18723, time remaining: 6m 27s
Rendered 8285/18723, time remaining: 6m 24s
Rendered 8286/18723, time remaining: 6m 26s
Rendered 8287/18723, time remaining: 6m 29s
Rendered 8288/18723, time remaining: 6m 35s
Rendered 8289/18723, time remaining: 6m 29s
Rendered 8290/18723, time remaining: 6m 32s
Rendered 8291/18723, time remaining: 6m 34s
Rendered 8292/18723, time remaining: 6m 32s
Rendered 8293/18723, time remaining: 6m 27s
Rendered 8294/18723, time remaining: 6m 31s
Rendered 8295/18723, time remaining: 6m 29s
Rendered 8296/18723, time remaining: 6m 31s
Rendered 8297/18723, time remaining: 6m 29s
Rendered 8298/18723, time remaining: 6m 31s
Rendered 8299/18723, time remaining: 6m 31s
Rendered 8300/18723, time remaining: 6m 22s
Rendered 8301/18723, time remaining: 6m 23s
Rendered 8302/18723, time remaining: 6m 31s
Rendered 8303/18723, time remaining: 6m 36s
Rendered 8304/18723, time remaining: 6m 36s
Rendered 8305/18723, time remaining: 6m 34s
Rendered 8306/18723, time remaining: 6m 36s
Rendered 8307/18723, time remaining: 6m 35s
Rendered 8308/18723, time remaining: 6m 24s
Rendered 8309/18723, time remaining: 6m 23s
Rendered 8310/18723, time remaining: 6m 26s
Rendered 8311/18723, time remaining: 6m 32s
Rendered 8312/18723, time remaining: 6m 24s
Rendered 8313/18723, time remaining: 6m 28s
Rendered 8314/18723, time remaining: 6m 28s
Rendered 8315/18723, time remaining: 6m 27s
Rendered 8316/18723, time remaining: 6m 26s
Rendered 8317/18723, time remaining: 6m 32s
Rendered 8318/18723, time remaining: 6m 34s
Rendered 8319/18723, time remaining: 6m 34s
Rendered 8320/18723, time remaining: 6m 33s
Rendered 8321/18723, time remaining: 6m 28s
Rendered 8322/18723, time remaining: 6m 30s
Rendered 8323/18723, time remaining: 6m 30s
Rendered 8324/18723, time remaining: 6m 29s
Rendered 8325/18723, time remaining: 6m 38s
Rendered 8326/18723, time remaining: 6m 34s
Rendered 8327/18723, time remaining: 6m 34s
Rendered 8328/18723, time remaining: 6m 26s
Rendered 8329/18723, time remaining: 6m 30s
Rendered 8330/18723, time remaining: 6m 20s
Rendered 8331/18723, time remaining: 6m 22s
Rendered 8332/18723, time remaining: 6m 22s
Rendered 8333/18723, time remaining: 6m 33s
Rendered 8334/18723, time remaining: 6m 25s
Rendered 8335/18723, time remaining: 6m 25s
Rendered 8336/18723, time remaining: 6m 20s
Rendered 8337/18723, time remaining: 6m 23s
Rendered 8338/18723, time remaining: 6m 23s
Rendered 8339/18723, time remaining: 6m 22s
Rendered 8340/18723, time remaining: 6m 15s
Rendered 8341/18723, time remaining: 6m 28s
Rendered 8342/18723, time remaining: 6m 28s
Rendered 8343/18723, time remaining: 6m 25s
Rendered 8344/18723, time remaining: 6m 21s
Rendered 8345/18723, time remaining: 6m 14s
Rendered 8346/18723, time remaining: 6m 13s
Rendered 8347/18723, time remaining: 6m 19s
Rendered 8348/18723, time remaining: 6m 18s
Rendered 8349/18723, time remaining: 6m 20s
Rendered 8350/18723, time remaining: 6m 20s
Rendered 8351/18723, time remaining: 6m 16s
Rendered 8352/18723, time remaining: 6m 22s
Rendered 8353/18723, time remaining: 6m 18s
Rendered 8354/18723, time remaining: 6m 14s
Rendered 8355/18723, time remaining: 6m 25s
Rendered 8356/18723, time remaining: 6m 22s
Rendered 8357/18723, time remaining: 6m 21s
Rendered 8358/18723, time remaining: 6m 24s
Rendered 8359/18723, time remaining: 6m 23s
Rendered 8360/18723, time remaining: 6m 18s
Rendered 8361/18723, time remaining: 6m 16s
Rendered 8362/18723, time remaining: 6m 14s
Rendered 8363/18723, time remaining: 6m 15s
Rendered 8364/18723, time remaining: 6m 23s
Rendered 8365/18723, time remaining: 6m 25s
Rendered 8366/18723, time remaining: 6m 19s
Rendered 8367/18723, time remaining: 6m 19s
Rendered 8368/18723, time remaining: 6m 11s
Rendered 8369/18723, time remaining: 6m 11s
Rendered 8370/18723, time remaining: 6m 22s
Rendered 8371/18723, time remaining: 6m 19s
Rendered 8372/18723, time remaining: 6m 18s
Rendered 8373/18723, time remaining: 6m 21s
Rendered 8374/18723, time remaining: 6m 12s
Rendered 8375/18723, time remaining: 6m 12s
Rendered 8376/18723, time remaining: 6m 10s
Rendered 8377/18723, time remaining: 6m 12s
Rendered 8378/18723, time remaining: 6m 23s
Rendered 8379/18723, time remaining: 6m 19s
Rendered 8380/18723, time remaining: 6m 19s
Rendered 8381/18723, time remaining: 6m 12s
Rendered 8382/18723, time remaining: 6m 12s
Rendered 8383/18723, time remaining: 6m 13s
Rendered 8384/18723, time remaining: 6m 20s
Rendered 8385/18723, time remaining: 6m 14s
Rendered 8386/18723, time remaining: 6m 19s
Rendered 8387/18723, time remaining: 6m 17s
Rendered 8388/18723, time remaining: 6m 17s
Rendered 8389/18723, time remaining: 6m 13s
Rendered 8390/18723, time remaining: 6m 11s
Rendered 8391/18723, time remaining: 6m 10s
Rendered 8392/18723, time remaining: 6m 15s
Rendered 8393/18723, time remaining: 6m 16s
Rendered 8394/18723, time remaining: 6m 11s
Rendered 8395/18723, time remaining: 6m 11s
Rendered 8396/18723, time remaining: 6m 2s
Rendered 8397/18723, time remaining: 6m 2s
Rendered 8398/18723, time remaining: 6m 3s
Rendered 8399/18723, time remaining: 6m 4s
Rendered 8400/18723, time remaining: 6m 3s
Rendered 8401/18723, time remaining: 5m 54s
Rendered 8402/18723, time remaining: 5m 54s
Rendered 8403/18723, time remaining: 5m 52s
Rendered 8404/18723, time remaining: 5m 52s
Rendered 8405/18723, time remaining: 5m 52s
Rendered 8406/18723, time remaining: 5m 52s
Rendered 8407/18723, time remaining: 5m 51s
Rendered 8408/18723, time remaining: 5m 51s
Rendered 8409/18723, time remaining: 5m 58s
Rendered 8410/18723, time remaining: 5m 59s
Rendered 8411/18723, time remaining: 5m 57s
Rendered 8412/18723, time remaining: 5m 57s
Rendered 8413/18723, time remaining: 5m 57s
Rendered 8414/18723, time remaining: 6m 1s
Rendered 8415/18723, time remaining: 6m 1s
Rendered 8416/18723, time remaining: 6m 3s
Rendered 8417/18723, time remaining: 6m 10s
Rendered 8418/18723, time remaining: 6m 13s
Rendered 8419/18723, time remaining: 6m 10s
Rendered 8420/18723, time remaining: 6m 10s
Rendered 8421/18723, time remaining: 6m 11s
Rendered 8422/18723, time remaining: 6m 11s
Rendered 8423/18723, time remaining: 6m 6s
Rendered 8424/18723, time remaining: 6m 5s
Rendered 8425/18723, time remaining: 6m 7s
Rendered 8426/18723, time remaining: 6m 14s
Rendered 8427/18723, time remaining: 6m 15s
Rendered 8428/18723, time remaining: 6m 15s
Rendered 8429/18723, time remaining: 6m 19s
Rendered 8430/18723, time remaining: 6m 9s
Rendered 8431/18723, time remaining: 6m 9s
Rendered 8432/18723, time remaining: 6m 6s
Rendered 8433/18723, time remaining: 6m 13s
Rendered 8434/18723, time remaining: 6m 13s
Rendered 8435/18723, time remaining: 6m 19s
Rendered 8436/18723, time remaining: 6m 17s
Rendered 8437/18723, time remaining: 6m 17s
Rendered 8438/18723, time remaining: 6m 10s
Rendered 8439/18723, time remaining: 6m 10s
Rendered 8440/18723, time remaining: 6m 12s
Rendered 8441/18723, time remaining: 6m 10s
Rendered 8442/18723, time remaining: 6m 8s
Rendered 8443/18723, time remaining: 6m 16s
Rendered 8444/18723, time remaining: 6m 15s
Rendered 8445/18723, time remaining: 6m 15s
Rendered 8446/18723, time remaining: 6m 10s
Rendered 8447/18723, time remaining: 6m 8s
Rendered 8448/18723, time remaining: 6m 6s
Rendered 8449/18723, time remaining: 6m 6s
Rendered 8450/18723, time remaining: 6m 5s
Rendered 8451/18723, time remaining: 6m 13s
Rendered 8452/18723, time remaining: 6m 5s
Rendered 8453/18723, time remaining: 6m 8s
Rendered 8454/18723, time remaining: 6m 7s
Rendered 8455/18723, time remaining: 6m 2s
Rendered 8456/18723, time remaining: 6m 1s
Rendered 8457/18723, time remaining: 6m 4s
Rendered 8458/18723, time remaining: 6m 6s
Rendered 8459/18723, time remaining: 6m 9s
Rendered 8460/18723, time remaining: 6m 10s
Rendered 8461/18723, time remaining: 6m 2s
Rendered 8462/18723, time remaining: 6m 5s
Rendered 8463/18723, time remaining: 6m 1s
Rendered 8464/18723, time remaining: 5m 58s
Rendered 8465/18723, time remaining: 6m 2s
Rendered 8466/18723, time remaining: 6m 5s
Rendered 8467/18723, time remaining: 6m 3s
Rendered 8468/18723, time remaining: 6m 1s
Rendered 8469/18723, time remaining: 5m 59s
Rendered 8470/18723, time remaining: 5m 59s
Rendered 8471/18723, time remaining: 5m 59s
Rendered 8472/18723, time remaining: 6m 0s
Rendered 8473/18723, time remaining: 6m 1s
Rendered 8474/18723, time remaining: 6m 2s
Rendered 8475/18723, time remaining: 5m 53s
Rendered 8476/18723, time remaining: 5m 54s
Rendered 8477/18723, time remaining: 6m 1s
Rendered 8478/18723, time remaining: 6m 3s
Rendered 8479/18723, time remaining: 5m 59s
Rendered 8480/18723, time remaining: 6m 6s
Rendered 8481/18723, time remaining: 6m 6s
Rendered 8482/18723, time remaining: 6m 6s
Rendered 8483/18723, time remaining: 5m 55s
Rendered 8484/18723, time remaining: 6m 0s
Rendered 8485/18723, time remaining: 6m 2s
Rendered 8486/18723, time remaining: 6m 3s
Rendered 8487/18723, time remaining: 5m 57s
Rendered 8488/18723, time remaining: 6m 7s
Rendered 8489/18723, time remaining: 6m 6s
Rendered 8490/18723, time remaining: 6m 6s
Rendered 8491/18723, time remaining: 5m 54s
Rendered 8492/18723, time remaining: 5m 54s
Rendered 8493/18723, time remaining: 5m 59s
Rendered 8494/18723, time remaining: 5m 59s
Rendered 8495/18723, time remaining: 6m 0s
Rendered 8496/18723, time remaining: 6m 8s
Rendered 8497/18723, time remaining: 5m 59s
Rendered 8498/18723, time remaining: 5m 56s
Rendered 8499/18723, time remaining: 5m 54s
Rendered 8500/18723, time remaining: 5m 58s
Rendered 8501/18723, time remaining: 6m 8s
Rendered 8502/18723, time remaining: 6m 1s
Rendered 8503/18723, time remaining: 6m 1s
Rendered 8504/18723, time remaining: 6m 1s
Rendered 8505/18723, time remaining: 5m 55s
Rendered 8506/18723, time remaining: 6m 1s
Rendered 8507/18723, time remaining: 6m 1s
Rendered 8508/18723, time remaining: 5m 58s
Rendered 8509/18723, time remaining: 6m 4s
Rendered 8510/18723, time remaining: 6m 4s
Rendered 8511/18723, time remaining: 6m 4s
Rendered 8512/18723, time remaining: 5m 56s
Rendered 8513/18723, time remaining: 5m 56s
Rendered 8514/18723, time remaining: 5m 58s
Rendered 8515/18723, time remaining: 5m 56s
Rendered 8516/18723, time remaining: 5m 57s
Rendered 8517/18723, time remaining: 5m 59s
Rendered 8518/18723, time remaining: 5m 59s
Rendered 8519/18723, time remaining: 5m 59s
Rendered 8520/18723, time remaining: 5m 54s
Rendered 8521/18723, time remaining: 5m 52s
Rendered 8522/18723, time remaining: 5m 56s
Rendered 8523/18723, time remaining: 5m 54s
Rendered 8524/18723, time remaining: 5m 57s
Rendered 8525/18723, time remaining: 6m 1s
Rendered 8526/18723, time remaining: 6m 2s
Rendered 8527/18723, time remaining: 5m 59s
Rendered 8528/18723, time remaining: 5m 49s
Rendered 8529/18723, time remaining: 5m 53s
Rendered 8530/18723, time remaining: 5m 58s
Rendered 8531/18723, time remaining: 5m 59s
Rendered 8532/18723, time remaining: 5m 59s
Rendered 8533/18723, time remaining: 6m 3s
Rendered 8534/18723, time remaining: 5m 54s
Rendered 8535/18723, time remaining: 5m 53s
Rendered 8536/18723, time remaining: 5m 55s
Rendered 8537/18723, time remaining: 6m 0s
Rendered 8538/18723, time remaining: 6m 1s
Rendered 8539/18723, time remaining: 6m 1s
Rendered 8540/18723, time remaining: 6m 1s
Rendered 8541/18723, time remaining: 6m 4s
Rendered 8542/18723, time remaining: 5m 59s
Rendered 8543/18723, time remaining: 5m 57s
Rendered 8544/18723, time remaining: 6m 2s
Rendered 8545/18723, time remaining: 6m 4s
Rendered 8546/18723, time remaining: 6m 9s
Rendered 8547/18723, time remaining: 6m 9s
Rendered 8548/18723, time remaining: 6m 8s
Rendered 8549/18723, time remaining: 6m 7s
Rendered 8550/18723, time remaining: 6m 10s
Rendered 8551/18723, time remaining: 6m 12s
Rendered 8552/18723, time remaining: 6m 14s
Rendered 8553/18723, time remaining: 6m 14s
Rendered 8554/18723, time remaining: 6m 19s
Rendered 8555/18723, time remaining: 6m 20s
Rendered 8556/18723, time remaining: 6m 24s
Rendered 8557/18723, time remaining: 6m 25s
Rendered 8558/18723, time remaining: 6m 29s
Rendered 8559/18723, time remaining: 6m 22s
Rendered 8560/18723, time remaining: 6m 23s
Rendered 8561/18723, time remaining: 6m 22s
Rendered 8562/18723, time remaining: 6m 22s
Rendered 8563/18723, time remaining: 6m 28s
Rendered 8564/18723, time remaining: 6m 32s
Rendered 8565/18723, time remaining: 6m 31s
Rendered 8566/18723, time remaining: 6m 28s
Rendered 8567/18723, time remaining: 6m 25s
Rendered 8568/18723, time remaining: 6m 21s
Rendered 8569/18723, time remaining: 6m 21s
Rendered 8570/18723, time remaining: 6m 21s
Rendered 8571/18723, time remaining: 6m 29s
Rendered 8572/18723, time remaining: 6m 30s
Rendered 8573/18723, time remaining: 6m 33s
Rendered 8574/18723, time remaining: 6m 32s
Rendered 8575/18723, time remaining: 6m 29s
Rendered 8576/18723, time remaining: 6m 16s
Rendered 8577/18723, time remaining: 6m 18s
Rendered 8578/18723, time remaining: 6m 21s
Rendered 8579/18723, time remaining: 6m 18s
Rendered 8580/18723, time remaining: 6m 25s
Rendered 8581/18723, time remaining: 6m 25s
Rendered 8582/18723, time remaining: 6m 34s
Rendered 8583/18723, time remaining: 6m 27s
Rendered 8584/18723, time remaining: 6m 26s
Rendered 8585/18723, time remaining: 6m 21s
Rendered 8586/18723, time remaining: 6m 21s
Rendered 8587/18723, time remaining: 6m 17s
Rendered 8588/18723, time remaining: 6m 29s
Rendered 8589/18723, time remaining: 6m 29s
Rendered 8590/18723, time remaining: 6m 27s
Rendered 8591/18723, time remaining: 6m 27s
Rendered 8592/18723, time remaining: 6m 27s
Rendered 8593/18723, time remaining: 6m 20s
Rendered 8594/18723, time remaining: 6m 23s
Rendered 8595/18723, time remaining: 6m 23s
Rendered 8596/18723, time remaining: 6m 23s
Rendered 8597/18723, time remaining: 6m 29s
Rendered 8598/18723, time remaining: 6m 28s
Rendered 8599/18723, time remaining: 6m 28s
Rendered 8600/18723, time remaining: 6m 29s
Rendered 8601/18723, time remaining: 6m 20s
Rendered 8602/18723, time remaining: 6m 26s
Rendered 8603/18723, time remaining: 6m 20s
Rendered 8604/18723, time remaining: 6m 20s
Rendered 8605/18723, time remaining: 6m 24s
Rendered 8606/18723, time remaining: 6m 25s
Rendered 8607/18723, time remaining: 6m 21s
Rendered 8608/18723, time remaining: 6m 28s
Rendered 8609/18723, time remaining: 6m 31s
Rendered 8610/18723, time remaining: 6m 29s
Rendered 8611/18723, time remaining: 6m 28s
Rendered 8612/18723, time remaining: 6m 24s
Rendered 8613/18723, time remaining: 6m 24s
Rendered 8614/18723, time remaining: 6m 24s
Rendered 8615/18723, time remaining: 6m 28s
Rendered 8616/18723, time remaining: 6m 28s
Rendered 8617/18723, time remaining: 6m 31s
Rendered 8618/18723, time remaining: 6m 27s
Rendered 8619/18723, time remaining: 6m 27s
Rendered 8620/18723, time remaining: 6m 28s
Rendered 8621/18723, time remaining: 6m 28s
Rendered 8622/18723, time remaining: 6m 24s
Rendered 8623/18723, time remaining: 6m 22s
Rendered 8624/18723, time remaining: 6m 19s
Rendered 8625/18723, time remaining: 6m 28s
Rendered 8626/18723, time remaining: 6m 32s
Rendered 8627/18723, time remaining: 6m 26s
Rendered 8628/18723, time remaining: 6m 29s
Rendered 8629/18723, time remaining: 6m 29s
Rendered 8630/18723, time remaining: 6m 21s
Rendered 8631/18723, time remaining: 6m 18s
Rendered 8632/18723, time remaining: 6m 24s
Rendered 8633/18723, time remaining: 6m 26s
Rendered 8634/18723, time remaining: 6m 30s
Rendered 8635/18723, time remaining: 6m 29s
Rendered 8636/18723, time remaining: 6m 28s
Rendered 8637/18723, time remaining: 6m 30s
Rendered 8638/18723, time remaining: 6m 20s
Rendered 8639/18723, time remaining: 6m 21s
Rendered 8640/18723, time remaining: 6m 29s
Rendered 8641/18723, time remaining: 6m 36s
Rendered 8642/18723, time remaining: 6m 36s
Rendered 8643/18723, time remaining: 6m 30s
Rendered 8644/18723, time remaining: 6m 38s
Rendered 8645/18723, time remaining: 6m 38s
Rendered 8646/18723, time remaining: 6m 29s
Rendered 8647/18723, time remaining: 6m 31s
Rendered 8648/18723, time remaining: 6m 35s
Rendered 8649/18723, time remaining: 6m 35s
Rendered 8650/18723, time remaining: 6m 32s
Rendered 8651/18723, time remaining: 6m 22s
Rendered 8652/18723, time remaining: 6m 26s
Rendered 8653/18723, time remaining: 6m 31s
Rendered 8654/18723, time remaining: 6m 35s
Rendered 8655/18723, time remaining: 6m 32s
Rendered 8656/18723, time remaining: 6m 25s
Rendered 8657/18723, time remaining: 6m 26s
Rendered 8658/18723, time remaining: 6m 28s
Rendered 8659/18723, time remaining: 6m 22s
Rendered 8660/18723, time remaining: 6m 30s
Rendered 8661/18723, time remaining: 6m 34s
Rendered 8662/18723, time remaining: 6m 37s
Rendered 8663/18723, time remaining: 6m 37s
Rendered 8664/18723, time remaining: 6m 27s
Rendered 8665/18723, time remaining: 6m 36s
Rendered 8666/18723, time remaining: 6m 34s
Rendered 8667/18723, time remaining: 6m 32s
Rendered 8668/18723, time remaining: 6m 32s
Rendered 8669/18723, time remaining: 6m 31s
Rendered 8670/18723, time remaining: 6m 26s
Rendered 8671/18723, time remaining: 6m 33s
Rendered 8672/18723, time remaining: 6m 31s
Rendered 8673/18723, time remaining: 6m 35s
Rendered 8674/18723, time remaining: 6m 37s
Rendered 8675/18723, time remaining: 6m 33s
Rendered 8676/18723, time remaining: 6m 32s
Rendered 8677/18723, time remaining: 6m 32s
Rendered 8678/18723, time remaining: 6m 33s
Rendered 8679/18723, time remaining: 6m 28s
Rendered 8680/18723, time remaining: 6m 24s
Rendered 8681/18723, time remaining: 6m 38s
Rendered 8682/18723, time remaining: 6m 37s
Rendered 8683/18723, time remaining: 6m 33s
Rendered 8684/18723, time remaining: 6m 34s
Rendered 8685/18723, time remaining: 6m 34s
Rendered 8686/18723, time remaining: 6m 35s
Rendered 8687/18723, time remaining: 6m 30s
Rendered 8688/18723, time remaining: 6m 31s
Rendered 8689/18723, time remaining: 6m 31s
Rendered 8690/18723, time remaining: 6m 34s
Rendered 8691/18723, time remaining: 6m 32s
Rendered 8692/18723, time remaining: 6m 34s
Rendered 8693/18723, time remaining: 6m 33s
Rendered 8694/18723, time remaining: 6m 28s
Rendered 8695/18723, time remaining: 6m 30s
Rendered 8696/18723, time remaining: 6m 34s
Rendered 8697/18723, time remaining: 6m 34s
Rendered 8698/18723, time remaining: 6m 34s
Rendered 8699/18723, time remaining: 6m 34s
Rendered 8700/18723, time remaining: 6m 31s
Rendered 8701/18723, time remaining: 6m 36s
Rendered 8702/18723, time remaining: 6m 36s
Rendered 8703/18723, time remaining: 6m 40s
Rendered 8704/18723, time remaining: 6m 36s
Rendered 8705/18723, time remaining: 6m 34s
Rendered 8706/18723, time remaining: 6m 30s
Rendered 8707/18723, time remaining: 6m 29s
Rendered 8708/18723, time remaining: 6m 31s
Rendered 8709/18723, time remaining: 6m 31s
Rendered 8710/18723, time remaining: 6m 30s
Rendered 8711/18723, time remaining: 6m 38s
Rendered 8712/18723, time remaining: 6m 38s
Rendered 8713/18723, time remaining: 6m 34s
Rendered 8714/18723, time remaining: 6m 30s
Rendered 8715/18723, time remaining: 6m 31s
Rendered 8716/18723, time remaining: 6m 33s
Rendered 8717/18723, time remaining: 6m 29s
Rendered 8718/18723, time remaining: 6m 31s
Rendered 8719/18723, time remaining: 6m 32s
Rendered 8720/18723, time remaining: 6m 40s
Rendered 8721/18723, time remaining: 6m 33s
Rendered 8722/18723, time remaining: 6m 31s
Rendered 8723/18723, time remaining: 6m 29s
Rendered 8724/18723, time remaining: 6m 37s
Rendered 8725/18723, time remaining: 6m 38s
Rendered 8726/18723, time remaining: 6m 38s
Rendered 8727/18723, time remaining: 6m 37s
Rendered 8728/18723, time remaining: 6m 36s
Rendered 8729/18723, time remaining: 6m 37s
Rendered 8730/18723, time remaining: 6m 29s
Rendered 8731/18723, time remaining: 6m 39s
Rendered 8732/18723, time remaining: 6m 33s
Rendered 8733/18723, time remaining: 6m 34s
Rendered 8734/18723, time remaining: 6m 38s
Rendered 8735/18723, time remaining: 6m 38s
Rendered 8736/18723, time remaining: 6m 38s
Rendered 8737/18723, time remaining: 6m 37s
Rendered 8738/18723, time remaining: 6m 25s
Rendered 8739/18723, time remaining: 6m 33s
Rendered 8740/18723, time remaining: 6m 33s
Rendered 8741/18723, time remaining: 6m 35s
Rendered 8742/18723, time remaining: 6m 36s
Rendered 8743/18723, time remaining: 6m 37s
Rendered 8744/18723, time remaining: 6m 33s
Rendered 8745/18723, time remaining: 6m 35s
Rendered 8746/18723, time remaining: 6m 36s
Rendered 8747/18723, time remaining: 6m 33s
Rendered 8748/18723, time remaining: 6m 33s
Rendered 8749/18723, time remaining: 6m 40s
Rendered 8750/18723, time remaining: 6m 39s
Rendered 8751/18723, time remaining: 6m 38s
Rendered 8752/18723, time remaining: 6m 39s
Rendered 8753/18723, time remaining: 6m 38s
Rendered 8754/18723, time remaining: 6m 38s
Rendered 8755/18723, time remaining: 6m 37s
Rendered 8756/18723, time remaining: 6m 38s
Rendered 8757/18723, time remaining: 6m 38s
Rendered 8758/18723, time remaining: 6m 30s
Rendered 8759/18723, time remaining: 6m 29s
Rendered 8760/18723, time remaining: 6m 37s
Rendered 8761/18723, time remaining: 6m 37s
Rendered 8762/18723, time remaining: 6m 37s
Rendered 8763/18723, time remaining: 6m 39s
Rendered 8764/18723, time remaining: 6m 40s
Rendered 8765/18723, time remaining: 6m 35s
Rendered 8766/18723, time remaining: 6m 33s
Rendered 8767/18723, time remaining: 6m 33s
Rendered 8768/18723, time remaining: 6m 35s
Rendered 8769/18723, time remaining: 6m 35s
Rendered 8770/18723, time remaining: 6m 37s
Rendered 8771/18723, time remaining: 6m 37s
Rendered 8772/18723, time remaining: 6m 36s
Rendered 8773/18723, time remaining: 6m 35s
Rendered 8774/18723, time remaining: 6m 39s
Rendered 8775/18723, time remaining: 6m 34s
Rendered 8776/18723, time remaining: 6m 37s
Rendered 8777/18723, time remaining: 6m 39s
Rendered 8778/18723, time remaining: 6m 35s
Rendered 8779/18723, time remaining: 6m 35s
Rendered 8780/18723, time remaining: 6m 35s
Rendered 8781/18723, time remaining: 6m 36s
Rendered 8782/18723, time remaining: 6m 33s
Rendered 8783/18723, time remaining: 6m 34s
Rendered 8784/18723, time remaining: 6m 33s
Rendered 8785/18723, time remaining: 6m 33s
Rendered 8786/18723, time remaining: 6m 33s
Rendered 8787/18723, time remaining: 6m 38s
Rendered 8788/18723, time remaining: 6m 39s
Rendered 8789/18723, time remaining: 6m 40s
Rendered 8790/18723, time remaining: 6m 33s
Rendered 8791/18723, time remaining: 6m 27s
Rendered 8792/18723, time remaining: 6m 27s
Rendered 8793/18723, time remaining: 6m 27s
Rendered 8794/18723, time remaining: 6m 19s
Rendered 8795/18723, time remaining: 6m 34s
Rendered 8796/18723, time remaining: 6m 34s
Rendered 8797/18723, time remaining: 6m 33s
Rendered 8798/18723, time remaining: 6m 32s
Rendered 8799/18723, time remaining: 6m 32s
Rendered 8800/18723, time remaining: 6m 30s
Rendered 8801/18723, time remaining: 6m 30s
Rendered 8802/18723, time remaining: 6m 34s
Rendered 8803/18723, time remaining: 6m 29s
Rendered 8804/18723, time remaining: 6m 36s
Rendered 8805/18723, time remaining: 6m 34s
Rendered 8806/18723, time remaining: 6m 34s
Rendered 8807/18723, time remaining: 6m 33s
Rendered 8808/18723, time remaining: 6m 36s
Rendered 8809/18723, time remaining: 6m 39s
Rendered 8810/18723, time remaining: 6m 31s
Rendered 8811/18723, time remaining: 6m 28s
Rendered 8812/18723, time remaining: 6m 33s
Rendered 8813/18723, time remaining: 6m 33s
Rendered 8814/18723, time remaining: 6m 33s
Rendered 8815/18723, time remaining: 6m 24s
Rendered 8816/18723, time remaining: 6m 32s
Rendered 8817/18723, time remaining: 6m 32s
Rendered 8818/18723, time remaining: 6m 33s
Rendered 8819/18723, time remaining: 6m 37s
Rendered 8820/18723, time remaining: 6m 36s
Rendered 8821/18723, time remaining: 6m 29s
Rendered 8822/18723, time remaining: 6m 27s
Rendered 8823/18723, time remaining: 6m 31s
Rendered 8824/18723, time remaining: 6m 31s
Rendered 8825/18723, time remaining: 6m 32s
Rendered 8826/18723, time remaining: 6m 32s
Rendered 8827/18723, time remaining: 6m 30s
Rendered 8828/18723, time remaining: 6m 33s
Rendered 8829/18723, time remaining: 6m 34s
Rendered 8830/18723, time remaining: 6m 34s
Rendered 8831/18723, time remaining: 6m 24s
Rendered 8832/18723, time remaining: 6m 30s
Rendered 8833/18723, time remaining: 6m 31s
Rendered 8834/18723, time remaining: 6m 30s
Rendered 8835/18723, time remaining: 6m 27s
Rendered 8836/18723, time remaining: 6m 26s
Rendered 8837/18723, time remaining: 6m 26s
Rendered 8838/18723, time remaining: 6m 25s
Rendered 8839/18723, time remaining: 6m 29s
Rendered 8840/18723, time remaining: 6m 30s
Rendered 8841/18723, time remaining: 6m 31s
Rendered 8842/18723, time remaining: 6m 30s
Rendered 8843/18723, time remaining: 6m 29s
Rendered 8844/18723, time remaining: 6m 34s
Rendered 8845/18723, time remaining: 6m 31s
Rendered 8846/18723, time remaining: 6m 21s
Rendered 8847/18723, time remaining: 6m 21s
Rendered 8848/18723, time remaining: 6m 35s
Rendered 8849/18723, time remaining: 6m 35s
Rendered 8850/18723, time remaining: 6m 34s
Rendered 8851/18723, time remaining: 6m 26s
Rendered 8852/18723, time remaining: 6m 29s
Rendered 8853/18723, time remaining: 6m 26s
Rendered 8854/18723, time remaining: 6m 26s
Rendered 8855/18723, time remaining: 6m 26s
Rendered 8856/18723, time remaining: 6m 28s
Rendered 8857/18723, time remaining: 6m 41s
Rendered 8858/18723, time remaining: 6m 34s
Rendered 8859/18723, time remaining: 6m 34s
Rendered 8860/18723, time remaining: 6m 33s
Rendered 8861/18723, time remaining: 6m 26s
Rendered 8862/18723, time remaining: 6m 26s
Rendered 8863/18723, time remaining: 6m 33s
Rendered 8864/18723, time remaining: 6m 30s
Rendered 8865/18723, time remaining: 6m 38s
Rendered 8866/18723, time remaining: 6m 35s
Rendered 8867/18723, time remaining: 6m 35s
Rendered 8868/18723, time remaining: 6m 33s
Rendered 8869/18723, time remaining: 6m 32s
Rendered 8870/18723, time remaining: 6m 27s
Rendered 8871/18723, time remaining: 6m 39s
Rendered 8872/18723, time remaining: 6m 40s
Rendered 8873/18723, time remaining: 6m 38s
Rendered 8874/18723, time remaining: 6m 30s
Rendered 8875/18723, time remaining: 6m 30s
Rendered 8876/18723, time remaining: 6m 30s
Rendered 8877/18723, time remaining: 6m 28s
Rendered 8878/18723, time remaining: 6m 32s
Rendered 8879/18723, time remaining: 6m 42s
Rendered 8880/18723, time remaining: 6m 42s
Rendered 8881/18723, time remaining: 6m 33s
Rendered 8882/18723, time remaining: 6m 31s
Rendered 8883/18723, time remaining: 6m 30s
Rendered 8884/18723, time remaining: 6m 27s
Rendered 8885/18723, time remaining: 6m 28s
Rendered 8886/18723, time remaining: 6m 34s
Rendered 8887/18723, time remaining: 6m 45s
Rendered 8888/18723, time remaining: 6m 45s
Rendered 8889/18723, time remaining: 6m 38s
Rendered 8890/18723, time remaining: 6m 35s
Rendered 8891/18723, time remaining: 6m 33s
Rendered 8892/18723, time remaining: 6m 33s
Rendered 8893/18723, time remaining: 6m 32s
Rendered 8894/18723, time remaining: 6m 32s
Rendered 8895/18723, time remaining: 6m 45s
Rendered 8896/18723, time remaining: 6m 45s
Rendered 8897/18723, time remaining: 6m 38s
Rendered 8898/18723, time remaining: 6m 42s
Rendered 8899/18723, time remaining: 6m 36s
Rendered 8900/18723, time remaining: 6m 35s
Rendered 8901/18723, time remaining: 6m 35s
Rendered 8902/18723, time remaining: 6m 33s
Rendered 8903/18723, time remaining: 6m 42s
Rendered 8904/18723, time remaining: 6m 42s
Rendered 8905/18723, time remaining: 6m 41s
Rendered 8906/18723, time remaining: 6m 37s
Rendered 8907/18723, time remaining: 6m 38s
Rendered 8908/18723, time remaining: 6m 44s
Rendered 8909/18723, time remaining: 6m 43s
Rendered 8910/18723, time remaining: 6m 35s
Rendered 8911/18723, time remaining: 6m 41s
Rendered 8912/18723, time remaining: 6m 41s
Rendered 8913/18723, time remaining: 6m 39s
Rendered 8914/18723, time remaining: 6m 43s
Rendered 8915/18723, time remaining: 6m 41s
Rendered 8916/18723, time remaining: 6m 47s
Rendered 8917/18723, time remaining: 6m 40s
Rendered 8918/18723, time remaining: 6m 37s
Rendered 8919/18723, time remaining: 6m 37s
Rendered 8920/18723, time remaining: 6m 40s
Rendered 8921/18723, time remaining: 6m 39s
Rendered 8922/18723, time remaining: 6m 39s
Rendered 8923/18723, time remaining: 6m 46s
Rendered 8924/18723, time remaining: 6m 49s
Rendered 8925/18723, time remaining: 6m 45s
Rendered 8926/18723, time remaining: 6m 37s
Rendered 8927/18723, time remaining: 6m 35s
Rendered 8928/18723, time remaining: 6m 34s
Rendered 8929/18723, time remaining: 6m 39s
Rendered 8930/18723, time remaining: 6m 39s
Rendered 8931/18723, time remaining: 6m 39s
Rendered 8932/18723, time remaining: 6m 45s
Rendered 8933/18723, time remaining: 6m 46s
Rendered 8934/18723, time remaining: 6m 37s
Rendered 8935/18723, time remaining: 6m 37s
Rendered 8936/18723, time remaining: 6m 41s
Rendered 8937/18723, time remaining: 6m 34s
Rendered 8938/18723, time remaining: 6m 37s
Rendered 8939/18723, time remaining: 6m 36s
Rendered 8940/18723, time remaining: 6m 38s
Rendered 8941/18723, time remaining: 6m 42s
Rendered 8942/18723, time remaining: 6m 41s
Rendered 8943/18723, time remaining: 6m 42s
Rendered 8944/18723, time remaining: 6m 46s
Rendered 8945/18723, time remaining: 6m 32s
Rendered 8946/18723, time remaining: 6m 32s
Rendered 8947/18723, time remaining: 6m 33s
Rendered 8948/18723, time remaining: 6m 32s
Rendered 8949/18723, time remaining: 6m 39s
Rendered 8950/18723, time remaining: 6m 41s
Rendered 8951/18723, time remaining: 6m 41s
Rendered 8952/18723, time remaining: 6m 34s
Rendered 8953/18723, time remaining: 6m 34s
Rendered 8954/18723, time remaining: 6m 25s
Rendered 8955/18723, time remaining: 6m 25s
Rendered 8956/18723, time remaining: 6m 31s
Rendered 8957/18723, time remaining: 6m 41s
Rendered 8958/18723, time remaining: 6m 37s
Rendered 8959/18723, time remaining: 6m 34s
Rendered 8960/18723, time remaining: 6m 34s
Rendered 8961/18723, time remaining: 6m 35s
Rendered 8962/18723, time remaining: 6m 31s
Rendered 8963/18723, time remaining: 6m 31s
Rendered 8964/18723, time remaining: 6m 31s
Rendered 8965/18723, time remaining: 6m 39s
Rendered 8966/18723, time remaining: 6m 31s
Rendered 8967/18723, time remaining: 6m 32s
Rendered 8968/18723, time remaining: 6m 33s
Rendered 8969/18723, time remaining: 6m 33s
Rendered 8970/18723, time remaining: 6m 33s
Rendered 8971/18723, time remaining: 6m 34s
Rendered 8972/18723, time remaining: 6m 35s
Rendered 8973/18723, time remaining: 6m 38s
Rendered 8974/18723, time remaining: 6m 33s
Rendered 8975/18723, time remaining: 6m 32s
Rendered 8976/18723, time remaining: 6m 35s
Rendered 8977/18723, time remaining: 6m 35s
Rendered 8978/18723, time remaining: 6m 31s
Rendered 8979/18723, time remaining: 6m 31s
Rendered 8980/18723, time remaining: 6m 38s
Rendered 8981/18723, time remaining: 6m 34s
Rendered 8982/18723, time remaining: 6m 30s
Rendered 8983/18723, time remaining: 6m 39s
Rendered 8984/18723, time remaining: 6m 41s
Rendered 8985/18723, time remaining: 6m 41s
Rendered 8986/18723, time remaining: 6m 35s
Rendered 8987/18723, time remaining: 6m 35s
Rendered 8988/18723, time remaining: 6m 37s
Rendered 8989/18723, time remaining: 6m 37s
Rendered 8990/18723, time remaining: 6m 32s
Rendered 8991/18723, time remaining: 6m 39s
Rendered 8992/18723, time remaining: 6m 39s
Rendered 8993/18723, time remaining: 6m 40s
Rendered 8994/18723, time remaining: 6m 35s
Rendered 8995/18723, time remaining: 6m 36s
Rendered 8996/18723, time remaining: 6m 41s
Rendered 8997/18723, time remaining: 6m 41s
Rendered 8998/18723, time remaining: 6m 27s
Rendered 8999/18723, time remaining: 6m 40s
Rendered 9000/18723, time remaining: 6m 40s
Rendered 9001/18723, time remaining: 6m 40s
Rendered 9002/18723, time remaining: 6m 35s
Rendered 9003/18723, time remaining: 6m 33s
Rendered 9004/18723, time remaining: 6m 40s
Rendered 9005/18723, time remaining: 6m 40s
Rendered 9006/18723, time remaining: 6m 39s
Rendered 9007/18723, time remaining: 6m 27s
Rendered 9008/18723, time remaining: 6m 29s
Rendered 9009/18723, time remaining: 6m 35s
Rendered 9010/18723, time remaining: 6m 35s
Rendered 9011/18723, time remaining: 6m 35s
Rendered 9012/18723, time remaining: 6m 41s
Rendered 9013/18723, time remaining: 6m 31s
Rendered 9014/18723, time remaining: 6m 37s
Rendered 9015/18723, time remaining: 6m 29s
Rendered 9016/18723, time remaining: 6m 33s
Rendered 9017/18723, time remaining: 6m 36s
Rendered 9018/18723, time remaining: 6m 35s
Rendered 9019/18723, time remaining: 6m 35s
Rendered 9020/18723, time remaining: 6m 34s
Rendered 9021/18723, time remaining: 6m 23s
Rendered 9022/18723, time remaining: 6m 27s
Rendered 9023/18723, time remaining: 6m 31s
Rendered 9024/18723, time remaining: 6m 34s
Rendered 9025/18723, time remaining: 6m 33s
Rendered 9026/18723, time remaining: 6m 33s
Rendered 9027/18723, time remaining: 6m 35s
Rendered 9028/18723, time remaining: 6m 31s
Rendered 9029/18723, time remaining: 6m 20s
Rendered 9030/18723, time remaining: 6m 23s
Rendered 9031/18723, time remaining: 6m 29s
Rendered 9032/18723, time remaining: 6m 31s
Rendered 9033/18723, time remaining: 6m 33s
Rendered 9034/18723, time remaining: 6m 32s
Rendered 9035/18723, time remaining: 6m 31s
Rendered 9036/18723, time remaining: 6m 27s
Rendered 9037/18723, time remaining: 6m 19s
Rendered 9038/18723, time remaining: 6m 19s
Rendered 9039/18723, time remaining: 6m 20s
Rendered 9040/18723, time remaining: 6m 32s
Rendered 9041/18723, time remaining: 6m 32s
Rendered 9042/18723, time remaining: 6m 31s
Rendered 9043/18723, time remaining: 6m 31s
Rendered 9044/18723, time remaining: 6m 30s
Rendered 9045/18723, time remaining: 6m 14s
Rendered 9046/18723, time remaining: 6m 15s
Rendered 9047/18723, time remaining: 6m 28s
Rendered 9048/18723, time remaining: 6m 24s
Rendered 9049/18723, time remaining: 6m 26s
Rendered 9050/18723, time remaining: 6m 29s
Rendered 9051/18723, time remaining: 6m 29s
Rendered 9052/18723, time remaining: 6m 25s
Rendered 9053/18723, time remaining: 6m 18s
Rendered 9054/18723, time remaining: 6m 26s
Rendered 9055/18723, time remaining: 6m 27s
Rendered 9056/18723, time remaining: 6m 26s
Rendered 9057/18723, time remaining: 6m 27s
Rendered 9058/18723, time remaining: 6m 22s
Rendered 9059/18723, time remaining: 6m 19s
Rendered 9060/18723, time remaining: 6m 24s
Rendered 9061/18723, time remaining: 6m 18s
Rendered 9062/18723, time remaining: 6m 22s
Rendered 9063/18723, time remaining: 6m 26s
Rendered 9064/18723, time remaining: 6m 25s
Rendered 9065/18723, time remaining: 6m 25s
Rendered 9066/18723, time remaining: 6m 19s
Rendered 9067/18723, time remaining: 6m 25s
Rendered 9068/18723, time remaining: 6m 24s
Rendered 9069/18723, time remaining: 6m 25s
Rendered 9070/18723, time remaining: 6m 20s
Rendered 9071/18723, time remaining: 6m 21s
Rendered 9072/18723, time remaining: 6m 22s
Rendered 9073/18723, time remaining: 6m 19s
Rendered 9074/18723, time remaining: 6m 12s
Rendered 9075/18723, time remaining: 6m 22s
Rendered 9076/18723, time remaining: 6m 25s
Rendered 9077/18723, time remaining: 6m 25s
Rendered 9078/18723, time remaining: 6m 26s
Rendered 9079/18723, time remaining: 6m 21s
Rendered 9080/18723, time remaining: 6m 21s
Rendered 9081/18723, time remaining: 6m 25s
Rendered 9082/18723, time remaining: 6m 17s
Rendered 9083/18723, time remaining: 6m 22s
Rendered 9084/18723, time remaining: 6m 25s
Rendered 9085/18723, time remaining: 6m 26s
Rendered 9086/18723, time remaining: 6m 22s
Rendered 9087/18723, time remaining: 6m 23s
Rendered 9088/18723, time remaining: 6m 20s
Rendered 9089/18723, time remaining: 6m 22s
Rendered 9090/18723, time remaining: 6m 22s
Rendered 9091/18723, time remaining: 6m 22s
Rendered 9092/18723, time remaining: 6m 31s
Rendered 9093/18723, time remaining: 6m 32s
Rendered 9094/18723, time remaining: 6m 27s
Rendered 9095/18723, time remaining: 6m 27s
Rendered 9096/18723, time remaining: 6m 27s
Rendered 9097/18723, time remaining: 6m 31s
Rendered 9098/18723, time remaining: 6m 33s
Rendered 9099/18723, time remaining: 6m 25s
Rendered 9100/18723, time remaining: 6m 27s
Rendered 9101/18723, time remaining: 6m 27s
Rendered 9102/18723, time remaining: 6m 27s
Rendered 9103/18723, time remaining: 6m 28s
Rendered 9104/18723, time remaining: 6m 32s
Rendered 9105/18723, time remaining: 6m 40s
Rendered 9106/18723, time remaining: 6m 34s
Rendered 9107/18723, time remaining: 6m 26s
Rendered 9108/18723, time remaining: 6m 26s
Rendered 9109/18723, time remaining: 6m 27s
Rendered 9110/18723, time remaining: 6m 27s
Rendered 9111/18723, time remaining: 6m 32s
Rendered 9112/18723, time remaining: 6m 31s
Rendered 9113/18723, time remaining: 6m 31s
Rendered 9114/18723, time remaining: 6m 35s
Rendered 9115/18723, time remaining: 6m 28s
Rendered 9116/18723, time remaining: 6m 32s
Rendered 9117/18723, time remaining: 6m 31s
Rendered 9118/18723, time remaining: 6m 30s
Rendered 9119/18723, time remaining: 6m 26s
Rendered 9120/18723, time remaining: 6m 35s
Rendered 9121/18723, time remaining: 6m 35s
Rendered 9122/18723, time remaining: 6m 38s
Rendered 9123/18723, time remaining: 6m 27s
Rendered 9124/18723, time remaining: 6m 29s
Rendered 9125/18723, time remaining: 6m 29s
Rendered 9126/18723, time remaining: 6m 27s
Rendered 9127/18723, time remaining: 6m 32s
Rendered 9128/18723, time remaining: 6m 33s
Rendered 9129/18723, time remaining: 6m 39s
Rendered 9130/18723, time remaining: 6m 32s
Rendered 9131/18723, time remaining: 6m 36s
Rendered 9132/18723, time remaining: 6m 38s
Rendered 9133/18723, time remaining: 6m 27s
Rendered 9134/18723, time remaining: 6m 25s
Rendered 9135/18723, time remaining: 6m 31s
Rendered 9136/18723, time remaining: 6m 31s
Rendered 9137/18723, time remaining: 6m 31s
Rendered 9138/18723, time remaining: 6m 29s
Rendered 9139/18723, time remaining: 6m 35s
Rendered 9140/18723, time remaining: 6m 36s
Rendered 9141/18723, time remaining: 6m 28s
Rendered 9142/18723, time remaining: 6m 28s
Rendered 9143/18723, time remaining: 6m 28s
Rendered 9144/18723, time remaining: 6m 27s
Rendered 9145/18723, time remaining: 6m 27s
Rendered 9146/18723, time remaining: 6m 27s
Rendered 9147/18723, time remaining: 6m 37s
Rendered 9148/18723, time remaining: 6m 37s
Rendered 9149/18723, time remaining: 6m 24s
Rendered 9150/18723, time remaining: 6m 25s
Rendered 9151/18723, time remaining: 6m 26s
Rendered 9152/18723, time remaining: 6m 26s
Rendered 9153/18723, time remaining: 6m 26s
Rendered 9154/18723, time remaining: 6m 26s
Rendered 9155/18723, time remaining: 6m 35s
Rendered 9156/18723, time remaining: 6m 36s
Rendered 9157/18723, time remaining: 6m 34s
Rendered 9158/18723, time remaining: 6m 33s
Rendered 9159/18723, time remaining: 6m 27s
Rendered 9160/18723, time remaining: 6m 27s
Rendered 9161/18723, time remaining: 6m 27s
Rendered 9162/18723, time remaining: 6m 36s
Rendered 9163/18723, time remaining: 6m 37s
Rendered 9164/18723, time remaining: 6m 31s
Rendered 9165/18723, time remaining: 6m 35s
Rendered 9166/18723, time remaining: 6m 32s
Rendered 9167/18723, time remaining: 6m 29s
Rendered 9168/18723, time remaining: 6m 29s
Rendered 9169/18723, time remaining: 6m 35s
Rendered 9170/18723, time remaining: 6m 37s
Rendered 9171/18723, time remaining: 6m 35s
Rendered 9172/18723, time remaining: 6m 31s
Rendered 9173/18723, time remaining: 6m 31s
Rendered 9174/18723, time remaining: 6m 29s
Rendered 9175/18723, time remaining: 6m 28s
Rendered 9176/18723, time remaining: 6m 32s
Rendered 9177/18723, time remaining: 6m 37s
Rendered 9178/18723, time remaining: 6m 36s
Rendered 9179/18723, time remaining: 6m 36s
Rendered 9180/18723, time remaining: 6m 35s
Rendered 9181/18723, time remaining: 6m 30s
Rendered 9182/18723, time remaining: 6m 28s
Rendered 9183/18723, time remaining: 6m 33s
Rendered 9184/18723, time remaining: 6m 33s
Rendered 9185/18723, time remaining: 6m 37s
Rendered 9186/18723, time remaining: 6m 35s
Rendered 9187/18723, time remaining: 6m 33s
Rendered 9188/18723, time remaining: 6m 32s
Rendered 9189/18723, time remaining: 6m 30s
Rendered 9190/18723, time remaining: 6m 23s
Rendered 9191/18723, time remaining: 6m 32s
Rendered 9192/18723, time remaining: 6m 32s
Rendered 9193/18723, time remaining: 6m 32s
Rendered 9194/18723, time remaining: 6m 37s
Rendered 9195/18723, time remaining: 6m 36s
Rendered 9196/18723, time remaining: 6m 35s
Rendered 9197/18723, time remaining: 6m 21s
Rendered 9198/18723, time remaining: 6m 27s
Rendered 9199/18723, time remaining: 6m 31s
Rendered 9200/18723, time remaining: 6m 28s
Rendered 9201/18723, time remaining: 6m 28s
Rendered 9202/18723, time remaining: 6m 30s
Rendered 9203/18723, time remaining: 6m 31s
Rendered 9204/18723, time remaining: 6m 25s
Rendered 9205/18723, time remaining: 6m 24s
Rendered 9206/18723, time remaining: 6m 29s
Rendered 9207/18723, time remaining: 6m 28s
Rendered 9208/18723, time remaining: 6m 28s
Rendered 9209/18723, time remaining: 6m 30s
Rendered 9210/18723, time remaining: 6m 34s
Rendered 9211/18723, time remaining: 6m 34s
Rendered 9212/18723, time remaining: 6m 29s
Rendered 9213/18723, time remaining: 6m 26s
Rendered 9214/18723, time remaining: 6m 25s
Rendered 9215/18723, time remaining: 6m 26s
Rendered 9216/18723, time remaining: 6m 27s
Rendered 9217/18723, time remaining: 6m 22s
Rendered 9218/18723, time remaining: 6m 32s
Rendered 9219/18723, time remaining: 6m 32s
Rendered 9220/18723, time remaining: 6m 30s
Rendered 9221/18723, time remaining: 6m 29s
Rendered 9222/18723, time remaining: 6m 30s
Rendered 9223/18723, time remaining: 6m 27s
Rendered 9224/18723, time remaining: 6m 27s
Rendered 9225/18723, time remaining: 6m 21s
Rendered 9226/18723, time remaining: 6m 31s
Rendered 9227/18723, time remaining: 6m 30s
Rendered 9228/18723, time remaining: 6m 30s
Rendered 9229/18723, time remaining: 6m 30s
Rendered 9230/18723, time remaining: 6m 29s
Rendered 9231/18723, time remaining: 6m 25s
Rendered 9232/18723, time remaining: 6m 25s
Rendered 9233/18723, time remaining: 6m 24s
Rendered 9234/18723, time remaining: 6m 29s
Rendered 9235/18723, time remaining: 6m 28s
Rendered 9236/18723, time remaining: 6m 30s
Rendered 9237/18723, time remaining: 6m 30s
Rendered 9238/18723, time remaining: 6m 30s
Rendered 9239/18723, time remaining: 6m 27s
Rendered 9240/18723, time remaining: 6m 25s
Rendered 9241/18723, time remaining: 6m 28s
Rendered 9242/18723, time remaining: 6m 23s
Rendered 9243/18723, time remaining: 6m 22s
Rendered 9244/18723, time remaining: 6m 27s
Rendered 9245/18723, time remaining: 6m 27s
Rendered 9246/18723, time remaining: 6m 26s
Rendered 9247/18723, time remaining: 6m 20s
Rendered 9248/18723, time remaining: 6m 21s
Rendered 9249/18723, time remaining: 6m 27s
Rendered 9250/18723, time remaining: 6m 24s
Rendered 9251/18723, time remaining: 6m 26s
Rendered 9252/18723, time remaining: 6m 27s
Rendered 9253/18723, time remaining: 6m 26s
Rendered 9254/18723, time remaining: 6m 28s
Rendered 9255/18723, time remaining: 6m 19s
Rendered 9256/18723, time remaining: 6m 19s
Rendered 9257/18723, time remaining: 6m 23s
Rendered 9258/18723, time remaining: 6m 22s
Rendered 9259/18723, time remaining: 6m 22s
Rendered 9260/18723, time remaining: 6m 24s
Rendered 9261/18723, time remaining: 6m 26s
Rendered 9262/18723, time remaining: 6m 23s
Rendered 9263/18723, time remaining: 6m 28s
Rendered 9264/18723, time remaining: 6m 23s
Rendered 9265/18723, time remaining: 6m 22s
Rendered 9266/18723, time remaining: 6m 18s
Rendered 9267/18723, time remaining: 6m 20s
Rendered 9268/18723, time remaining: 6m 22s
Rendered 9269/18723, time remaining: 6m 29s
Rendered 9270/18723, time remaining: 6m 20s
Rendered 9271/18723, time remaining: 6m 24s
Rendered 9272/18723, time remaining: 6m 21s
Rendered 9273/18723, time remaining: 6m 20s
Rendered 9274/18723, time remaining: 6m 22s
Rendered 9275/18723, time remaining: 6m 22s
Rendered 9276/18723, time remaining: 6m 27s
Rendered 9277/18723, time remaining: 6m 22s
Rendered 9278/18723, time remaining: 6m 21s
Rendered 9279/18723, time remaining: 6m 19s
Rendered 9280/18723, time remaining: 6m 25s
Rendered 9281/18723, time remaining: 6m 20s
Rendered 9282/18723, time remaining: 6m 17s
Rendered 9283/18723, time remaining: 6m 18s
Rendered 9284/18723, time remaining: 6m 22s
Rendered 9285/18723, time remaining: 6m 22s
Rendered 9286/18723, time remaining: 6m 21s
Rendered 9287/18723, time remaining: 6m 28s
Rendered 9288/18723, time remaining: 6m 28s
Rendered 9289/18723, time remaining: 6m 21s
Rendered 9290/18723, time remaining: 6m 25s
Rendered 9291/18723, time remaining: 6m 22s
Rendered 9292/18723, time remaining: 6m 21s
Rendered 9293/18723, time remaining: 6m 21s
Rendered 9294/18723, time remaining: 6m 27s
Rendered 9295/18723, time remaining: 6m 28s
Rendered 9296/18723, time remaining: 6m 30s
Rendered 9297/18723, time remaining: 6m 20s
Rendered 9298/18723, time remaining: 6m 20s
Rendered 9299/18723, time remaining: 6m 24s
Rendered 9300/18723, time remaining: 6m 24s
Rendered 9301/18723, time remaining: 6m 23s
Rendered 9302/18723, time remaining: 6m 23s
Rendered 9303/18723, time remaining: 6m 26s
Rendered 9304/18723, time remaining: 6m 30s
Rendered 9305/18723, time remaining: 6m 20s
Rendered 9306/18723, time remaining: 6m 21s
Rendered 9307/18723, time remaining: 6m 21s
Rendered 9308/18723, time remaining: 6m 20s
Rendered 9309/18723, time remaining: 6m 20s
Rendered 9310/18723, time remaining: 6m 23s
Rendered 9311/18723, time remaining: 6m 35s
Rendered 9312/18723, time remaining: 6m 20s
Rendered 9313/18723, time remaining: 6m 22s
Rendered 9314/18723, time remaining: 6m 24s
Rendered 9315/18723, time remaining: 6m 20s
Rendered 9316/18723, time remaining: 6m 23s
Rendered 9317/18723, time remaining: 6m 26s
Rendered 9318/18723, time remaining: 6m 26s
Rendered 9319/18723, time remaining: 6m 27s
Rendered 9320/18723, time remaining: 6m 23s
Rendered 9321/18723, time remaining: 6m 24s
Rendered 9322/18723, time remaining: 6m 28s
Rendered 9323/18723, time remaining: 6m 26s
Rendered 9324/18723, time remaining: 6m 26s
Rendered 9325/18723, time remaining: 6m 29s
Rendered 9326/18723, time remaining: 6m 26s
Rendered 9327/18723, time remaining: 6m 18s
Rendered 9328/18723, time remaining: 6m 27s
Rendered 9329/18723, time remaining: 6m 26s
Rendered 9330/18723, time remaining: 6m 27s
Rendered 9331/18723, time remaining: 6m 25s
Rendered 9332/18723, time remaining: 6m 25s
Rendered 9333/18723, time remaining: 6m 18s
Rendered 9334/18723, time remaining: 6m 27s
Rendered 9335/18723, time remaining: 6m 28s
Rendered 9336/18723, time remaining: 6m 27s
Rendered 9337/18723, time remaining: 6m 27s
Rendered 9338/18723, time remaining: 6m 27s
Rendered 9339/18723, time remaining: 6m 28s
Rendered 9340/18723, time remaining: 6m 29s
Rendered 9341/18723, time remaining: 6m 19s
Rendered 9342/18723, time remaining: 6m 26s
Rendered 9343/18723, time remaining: 6m 27s
Rendered 9344/18723, time remaining: 6m 27s
Rendered 9345/18723, time remaining: 6m 27s
Rendered 9346/18723, time remaining: 6m 27s
Rendered 9347/18723, time remaining: 6m 30s
Rendered 9348/18723, time remaining: 6m 24s
Rendered 9349/18723, time remaining: 6m 24s
Rendered 9350/18723, time remaining: 6m 27s
Rendered 9351/18723, time remaining: 6m 27s
Rendered 9352/18723, time remaining: 6m 25s
Rendered 9353/18723, time remaining: 6m 28s
Rendered 9354/18723, time remaining: 6m 27s
Rendered 9355/18723, time remaining: 6m 27s
Rendered 9356/18723, time remaining: 6m 29s
Rendered 9357/18723, time remaining: 6m 31s
Rendered 9358/18723, time remaining: 6m 30s
Rendered 9359/18723, time remaining: 6m 27s
Rendered 9360/18723, time remaining: 6m 18s
Rendered 9361/18723, time remaining: 6m 23s
Rendered 9362/18723, time remaining: 6m 28s
Rendered 9363/18723, time remaining: 6m 28s
Rendered 9364/18723, time remaining: 6m 25s
Rendered 9365/18723, time remaining: 6m 28s
Rendered 9366/18723, time remaining: 6m 28s
Rendered 9367/18723, time remaining: 6m 33s
Rendered 9368/18723, time remaining: 6m 22s
Rendered 9369/18723, time remaining: 6m 22s
Rendered 9370/18723, time remaining: 6m 22s
Rendered 9371/18723, time remaining: 6m 23s
Rendered 9372/18723, time remaining: 6m 33s
Rendered 9373/18723, time remaining: 6m 34s
Rendered 9374/18723, time remaining: 6m 37s
Rendered 9375/18723, time remaining: 6m 32s
Rendered 9376/18723, time remaining: 6m 21s
Rendered 9377/18723, time remaining: 6m 21s
Rendered 9378/18723, time remaining: 6m 26s
Rendered 9379/18723, time remaining: 6m 28s
Rendered 9380/18723, time remaining: 6m 33s
Rendered 9381/18723, time remaining: 6m 36s
Rendered 9382/18723, time remaining: 6m 35s
Rendered 9383/18723, time remaining: 6m 28s
Rendered 9384/18723, time remaining: 6m 20s
Rendered 9385/18723, time remaining: 6m 25s
Rendered 9386/18723, time remaining: 6m 24s
Rendered 9387/18723, time remaining: 6m 24s
Rendered 9388/18723, time remaining: 6m 27s
Rendered 9389/18723, time remaining: 6m 29s
Rendered 9390/18723, time remaining: 6m 31s
Rendered 9391/18723, time remaining: 6m 29s
Rendered 9392/18723, time remaining: 6m 25s
Rendered 9393/18723, time remaining: 6m 25s
Rendered 9394/18723, time remaining: 6m 25s
Rendered 9395/18723, time remaining: 6m 28s
Rendered 9396/18723, time remaining: 6m 28s
Rendered 9397/18723, time remaining: 6m 28s
Rendered 9398/18723, time remaining: 6m 29s
Rendered 9399/18723, time remaining: 6m 24s
Rendered 9400/18723, time remaining: 6m 23s
Rendered 9401/18723, time remaining: 6m 25s
Rendered 9402/18723, time remaining: 6m 29s
Rendered 9403/18723, time remaining: 6m 31s
Rendered 9404/18723, time remaining: 6m 25s
Rendered 9405/18723, time remaining: 6m 27s
Rendered 9406/18723, time remaining: 6m 32s
Rendered 9407/18723, time remaining: 6m 27s
Rendered 9408/18723, time remaining: 6m 27s
Rendered 9409/18723, time remaining: 6m 27s
Rendered 9410/18723, time remaining: 6m 29s
Rendered 9411/18723, time remaining: 6m 21s
Rendered 9412/18723, time remaining: 6m 21s
Rendered 9413/18723, time remaining: 6m 26s
Rendered 9414/18723, time remaining: 6m 26s
Rendered 9415/18723, time remaining: 6m 26s
Rendered 9416/18723, time remaining: 6m 26s
Rendered 9417/18723, time remaining: 6m 23s
Rendered 9418/18723, time remaining: 6m 26s
Rendered 9419/18723, time remaining: 6m 18s
Rendered 9420/18723, time remaining: 6m 25s
Rendered 9421/18723, time remaining: 6m 21s
Rendered 9422/18723, time remaining: 6m 22s
Rendered 9423/18723, time remaining: 6m 29s
Rendered 9424/18723, time remaining: 6m 27s
Rendered 9425/18723, time remaining: 6m 26s
Rendered 9426/18723, time remaining: 6m 20s
Rendered 9427/18723, time remaining: 6m 19s
Rendered 9428/18723, time remaining: 6m 20s
Rendered 9429/18723, time remaining: 6m 21s
Rendered 9430/18723, time remaining: 6m 16s
Rendered 9431/18723, time remaining: 6m 25s
Rendered 9432/18723, time remaining: 6m 25s
Rendered 9433/18723, time remaining: 6m 26s
Rendered 9434/18723, time remaining: 6m 22s
Rendered 9435/18723, time remaining: 6m 21s
Rendered 9436/18723, time remaining: 6m 22s
Rendered 9437/18723, time remaining: 6m 18s
Rendered 9438/18723, time remaining: 6m 19s
Rendered 9439/18723, time remaining: 6m 17s
Rendered 9440/18723, time remaining: 6m 17s
Rendered 9441/18723, time remaining: 6m 17s
Rendered 9442/18723, time remaining: 6m 17s
Rendered 9443/18723, time remaining: 6m 23s
Rendered 9444/18723, time remaining: 6m 21s
Rendered 9445/18723, time remaining: 6m 20s
Rendered 9446/18723, time remaining: 6m 13s
Rendered 9447/18723, time remaining: 6m 17s
Rendered 9448/18723, time remaining: 6m 17s
Rendered 9449/18723, time remaining: 6m 15s
Rendered 9450/18723, time remaining: 6m 16s
Rendered 9451/18723, time remaining: 6m 20s
Rendered 9452/18723, time remaining: 6m 26s
Rendered 9453/18723, time remaining: 6m 23s
Rendered 9454/18723, time remaining: 6m 11s
Rendered 9455/18723, time remaining: 6m 11s
Rendered 9456/18723, time remaining: 6m 14s
Rendered 9457/18723, time remaining: 6m 14s
Rendered 9458/18723, time remaining: 6m 14s
Rendered 9459/18723, time remaining: 6m 22s
Rendered 9460/18723, time remaining: 6m 24s
Rendered 9461/18723, time remaining: 6m 11s
Rendered 9462/18723, time remaining: 6m 11s
Rendered 9463/18723, time remaining: 6m 13s
Rendered 9464/18723, time remaining: 6m 11s
Rendered 9465/18723, time remaining: 6m 11s
Rendered 9466/18723, time remaining: 6m 8s
Rendered 9467/18723, time remaining: 6m 11s
Rendered 9468/18723, time remaining: 6m 12s
Rendered 9469/18723, time remaining: 6m 5s
Rendered 9470/18723, time remaining: 6m 13s
Rendered 9471/18723, time remaining: 6m 19s
Rendered 9472/18723, time remaining: 6m 13s
Rendered 9473/18723, time remaining: 6m 11s
Rendered 9474/18723, time remaining: 6m 11s
Rendered 9475/18723, time remaining: 6m 10s
Rendered 9476/18723, time remaining: 6m 14s
Rendered 9477/18723, time remaining: 6m 13s
Rendered 9478/18723, time remaining: 6m 5s
Rendered 9479/18723, time remaining: 6m 12s
Rendered 9480/18723, time remaining: 6m 9s
Rendered 9481/18723, time remaining: 6m 8s
Rendered 9482/18723, time remaining: 6m 19s
Rendered 9483/18723, time remaining: 6m 19s
Rendered 9484/18723, time remaining: 6m 11s
Rendered 9485/18723, time remaining: 6m 5s
Rendered 9486/18723, time remaining: 6m 10s
Rendered 9487/18723, time remaining: 6m 9s
Rendered 9488/18723, time remaining: 6m 11s
Rendered 9489/18723, time remaining: 6m 12s
Rendered 9490/18723, time remaining: 6m 12s
Rendered 9491/18723, time remaining: 6m 17s
Rendered 9492/18723, time remaining: 6m 9s
Rendered 9493/18723, time remaining: 6m 9s
Rendered 9494/18723, time remaining: 6m 7s
Rendered 9495/18723, time remaining: 6m 7s
Rendered 9496/18723, time remaining: 6m 7s
Rendered 9497/18723, time remaining: 6m 9s
Rendered 9498/18723, time remaining: 6m 14s
Rendered 9499/18723, time remaining: 6m 8s
Rendered 9500/18723, time remaining: 6m 5s
Rendered 9501/18723, time remaining: 6m 5s
Rendered 9502/18723, time remaining: 6m 10s
Rendered 9503/18723, time remaining: 6m 4s
Rendered 9504/18723, time remaining: 6m 8s
Rendered 9505/18723, time remaining: 6m 8s
Rendered 9506/18723, time remaining: 6m 4s
Rendered 9507/18723, time remaining: 6m 2s
Rendered 9508/18723, time remaining: 6m 6s
Rendered 9509/18723, time remaining: 6m 8s
Rendered 9510/18723, time remaining: 6m 13s
Rendered 9511/18723, time remaining: 6m 12s
Rendered 9512/18723, time remaining: 6m 7s
Rendered 9513/18723, time remaining: 6m 7s
Rendered 9514/18723, time remaining: 6m 11s
Rendered 9515/18723, time remaining: 6m 6s
Rendered 9516/18723, time remaining: 6m 5s
Rendered 9517/18723, time remaining: 6m 3s
Rendered 9518/18723, time remaining: 6m 8s
Rendered 9519/18723, time remaining: 6m 8s
Rendered 9520/18723, time remaining: 6m 16s
Rendered 9521/18723, time remaining: 6m 15s
Rendered 9522/18723, time remaining: 6m 4s
Rendered 9523/18723, time remaining: 6m 3s
Rendered 9524/18723, time remaining: 6m 0s
Rendered 9525/18723, time remaining: 6m 5s
Rendered 9526/18723, time remaining: 6m 7s
Rendered 9527/18723, time remaining: 6m 9s
Rendered 9528/18723, time remaining: 6m 7s
Rendered 9529/18723, time remaining: 6m 5s
Rendered 9530/18723, time remaining: 6m 0s
Rendered 9531/18723, time remaining: 5m 57s
Rendered 9532/18723, time remaining: 6m 5s
Rendered 9533/18723, time remaining: 6m 8s
Rendered 9534/18723, time remaining: 6m 8s
Rendered 9535/18723, time remaining: 6m 3s
Rendered 9536/18723, time remaining: 6m 3s
Rendered 9537/18723, time remaining: 6m 7s
Rendered 9538/18723, time remaining: 6m 6s
Rendered 9539/18723, time remaining: 6m 4s
Rendered 9540/18723, time remaining: 6m 6s
Rendered 9541/18723, time remaining: 6m 2s
Rendered 9542/18723, time remaining: 6m 6s
Rendered 9543/18723, time remaining: 6m 5s
Rendered 9544/18723, time remaining: 6m 0s
Rendered 9545/18723, time remaining: 5m 59s
Rendered 9546/18723, time remaining: 5m 59s
Rendered 9547/18723, time remaining: 6m 5s
Rendered 9548/18723, time remaining: 6m 3s
Rendered 9549/18723, time remaining: 6m 10s
Rendered 9550/18723, time remaining: 6m 9s
Rendered 9551/18723, time remaining: 6m 5s
Rendered 9552/18723, time remaining: 6m 0s
Rendered 9553/18723, time remaining: 5m 58s
Rendered 9554/18723, time remaining: 6m 2s
Rendered 9555/18723, time remaining: 6m 1s
Rendered 9556/18723, time remaining: 5m 56s
Rendered 9557/18723, time remaining: 6m 7s
Rendered 9558/18723, time remaining: 6m 6s
Rendered 9559/18723, time remaining: 6m 6s
Rendered 9560/18723, time remaining: 6m 2s
Rendered 9561/18723, time remaining: 6m 5s
Rendered 9562/18723, time remaining: 6m 6s
Rendered 9563/18723, time remaining: 5m 56s
Rendered 9564/18723, time remaining: 5m 57s
Rendered 9565/18723, time remaining: 6m 5s
Rendered 9566/18723, time remaining: 6m 5s
Rendered 9567/18723, time remaining: 6m 4s
Rendered 9568/18723, time remaining: 6m 6s
Rendered 9569/18723, time remaining: 6m 10s
Rendered 9570/18723, time remaining: 6m 2s
Rendered 9571/18723, time remaining: 6m 3s
Rendered 9572/18723, time remaining: 6m 5s
Rendered 9573/18723, time remaining: 5m 58s
Rendered 9574/18723, time remaining: 5m 59s
Rendered 9575/18723, time remaining: 6m 3s
Rendered 9576/18723, time remaining: 6m 3s
Rendered 9577/18723, time remaining: 6m 7s
Rendered 9578/18723, time remaining: 6m 6s
Rendered 9579/18723, time remaining: 6m 0s
Rendered 9580/18723, time remaining: 6m 5s
Rendered 9581/18723, time remaining: 5m 59s
Rendered 9582/18723, time remaining: 6m 0s
Rendered 9583/18723, time remaining: 6m 1s
Rendered 9584/18723, time remaining: 6m 2s
Rendered 9585/18723, time remaining: 5m 57s
Rendered 9586/18723, time remaining: 5m 57s
Rendered 9587/18723, time remaining: 5m 58s
Rendered 9588/18723, time remaining: 6m 0s
Rendered 9589/18723, time remaining: 6m 5s
Rendered 9590/18723, time remaining: 6m 4s
Rendered 9591/18723, time remaining: 6m 4s
Rendered 9592/18723, time remaining: 6m 4s
Rendered 9593/18723, time remaining: 5m 58s
Rendered 9594/18723, time remaining: 5m 58s
Rendered 9595/18723, time remaining: 6m 1s
Rendered 9596/18723, time remaining: 6m 1s
Rendered 9597/18723, time remaining: 6m 2s
Rendered 9598/18723, time remaining: 6m 4s
Rendered 9599/18723, time remaining: 6m 2s
Rendered 9600/18723, time remaining: 6m 0s
Rendered 9601/18723, time remaining: 5m 58s
Rendered 9602/18723, time remaining: 5m 54s
Rendered 9603/18723, time remaining: 6m 1s
Rendered 9604/18723, time remaining: 6m 2s
Rendered 9605/18723, time remaining: 6m 2s
Rendered 9606/18723, time remaining: 6m 0s
Rendered 9607/18723, time remaining: 6m 3s
Rendered 9608/18723, time remaining: 6m 10s
Rendered 9609/18723, time remaining: 6m 2s
Rendered 9610/18723, time remaining: 5m 57s
Rendered 9611/18723, time remaining: 5m 57s
Rendered 9612/18723, time remaining: 5m 57s
Rendered 9613/18723, time remaining: 5m 56s
Rendered 9614/18723, time remaining: 5m 56s
Rendered 9615/18723, time remaining: 6m 5s
Rendered 9616/18723, time remaining: 6m 6s
Rendered 9617/18723, time remaining: 6m 5s
Rendered 9618/18723, time remaining: 6m 5s
Rendered 9619/18723, time remaining: 6m 4s
Rendered 9620/18723, time remaining: 5m 58s
Rendered 9621/18723, time remaining: 5m 53s
Rendered 9622/18723, time remaining: 5m 54s
Rendered 9623/18723, time remaining: 6m 2s
Rendered 9624/18723, time remaining: 6m 7s
Rendered 9625/18723, time remaining: 6m 5s
Rendered 9626/18723, time remaining: 6m 0s
Rendered 9627/18723, time remaining: 6m 0s
Rendered 9628/18723, time remaining: 6m 5s
Rendered 9629/18723, time remaining: 5m 58s
Rendered 9630/18723, time remaining: 6m 1s
Rendered 9631/18723, time remaining: 6m 1s
Rendered 9632/18723, time remaining: 5m 57s
Rendered 9633/18723, time remaining: 5m 58s
Rendered 9634/18723, time remaining: 5m 58s
Rendered 9635/18723, time remaining: 6m 4s
Rendered 9636/18723, time remaining: 6m 2s
Rendered 9637/18723, time remaining: 6m 4s
Rendered 9638/18723, time remaining: 6m 4s
Rendered 9639/18723, time remaining: 6m 2s
Rendered 9640/18723, time remaining: 5m 57s
Rendered 9641/18723, time remaining: 5m 58s
Rendered 9642/18723, time remaining: 6m 2s
Rendered 9643/18723, time remaining: 6m 3s
Rendered 9644/18723, time remaining: 6m 5s
Rendered 9645/18723, time remaining: 6m 4s
Rendered 9646/18723, time remaining: 6m 4s
Rendered 9647/18723, time remaining: 6m 6s
Rendered 9648/18723, time remaining: 6m 1s
Rendered 9649/18723, time remaining: 6m 1s
Rendered 9650/18723, time remaining: 6m 3s
Rendered 9651/18723, time remaining: 6m 7s
Rendered 9652/18723, time remaining: 6m 2s
Rendered 9653/18723, time remaining: 6m 2s
Rendered 9654/18723, time remaining: 6m 7s
Rendered 9655/18723, time remaining: 6m 9s
Rendered 9656/18723, time remaining: 6m 8s
Rendered 9657/18723, time remaining: 6m 6s
Rendered 9658/18723, time remaining: 6m 6s
Rendered 9659/18723, time remaining: 6m 5s
Rendered 9660/18723, time remaining: 6m 0s
Rendered 9661/18723, time remaining: 5m 56s
Rendered 9662/18723, time remaining: 6m 6s
Rendered 9663/18723, time remaining: 6m 6s
Rendered 9664/18723, time remaining: 6m 3s
Rendered 9665/18723, time remaining: 6m 6s
Rendered 9666/18723, time remaining: 6m 6s
Rendered 9667/18723, time remaining: 6m 7s
Rendered 9668/18723, time remaining: 6m 1s
Rendered 9669/18723, time remaining: 6m 1s
Rendered 9670/18723, time remaining: 5m 54s
Rendered 9671/18723, time remaining: 5m 59s
Rendered 9672/18723, time remaining: 6m 4s
Rendered 9673/18723, time remaining: 6m 5s
Rendered 9674/18723, time remaining: 6m 6s
Rendered 9675/18723, time remaining: 6m 1s
Rendered 9676/18723, time remaining: 5m 59s
Rendered 9677/18723, time remaining: 6m 2s
Rendered 9678/18723, time remaining: 5m 57s
Rendered 9679/18723, time remaining: 6m 5s
Rendered 9680/18723, time remaining: 6m 9s
Rendered 9681/18723, time remaining: 6m 11s
Rendered 9682/18723, time remaining: 6m 4s
Rendered 9683/18723, time remaining: 6m 2s
Rendered 9684/18723, time remaining: 6m 2s
Rendered 9685/18723, time remaining: 6m 5s
Rendered 9686/18723, time remaining: 6m 6s
Rendered 9687/18723, time remaining: 6m 3s
Rendered 9688/18723, time remaining: 6m 3s
Rendered 9689/18723, time remaining: 6m 7s
Rendered 9690/18723, time remaining: 6m 3s
Rendered 9691/18723, time remaining: 6m 4s
Rendered 9692/18723, time remaining: 6m 3s
Rendered 9693/18723, time remaining: 6m 4s
Rendered 9694/18723, time remaining: 6m 5s
Rendered 9695/18723, time remaining: 6m 8s
Rendered 9696/18723, time remaining: 6m 8s
Rendered 9697/18723, time remaining: 6m 5s
Rendered 9698/18723, time remaining: 6m 6s
Rendered 9699/18723, time remaining: 6m 1s
Rendered 9700/18723, time remaining: 6m 3s
Rendered 9701/18723, time remaining: 6m 4s
Rendered 9702/18723, time remaining: 6m 7s
Rendered 9703/18723, time remaining: 6m 9s
Rendered 9704/18723, time remaining: 6m 8s
Rendered 9705/18723, time remaining: 6m 7s
Rendered 9706/18723, time remaining: 6m 11s
Rendered 9707/18723, time remaining: 6m 4s
Rendered 9708/18723, time remaining: 6m 5s
Rendered 9709/18723, time remaining: 6m 10s
Rendered 9710/18723, time remaining: 6m 11s
Rendered 9711/18723, time remaining: 6m 12s
Rendered 9712/18723, time remaining: 6m 10s
Rendered 9713/18723, time remaining: 6m 12s
Rendered 9714/18723, time remaining: 6m 12s
Rendered 9715/18723, time remaining: 6m 7s
Rendered 9716/18723, time remaining: 6m 7s
Rendered 9717/18723, time remaining: 6m 15s
Rendered 9718/18723, time remaining: 6m 9s
Rendered 9719/18723, time remaining: 6m 4s
Rendered 9720/18723, time remaining: 6m 5s
Rendered 9721/18723, time remaining: 6m 8s
Rendered 9722/18723, time remaining: 6m 6s
Rendered 9723/18723, time remaining: 6m 9s
Rendered 9724/18723, time remaining: 6m 11s
Rendered 9725/18723, time remaining: 6m 14s
Rendered 9726/18723, time remaining: 6m 15s
Rendered 9727/18723, time remaining: 6m 11s
Rendered 9728/18723, time remaining: 6m 11s
Rendered 9729/18723, time remaining: 6m 11s
Rendered 9730/18723, time remaining: 6m 11s
Rendered 9731/18723, time remaining: 6m 9s
Rendered 9732/18723, time remaining: 6m 10s
Rendered 9733/18723, time remaining: 6m 10s
Rendered 9734/18723, time remaining: 6m 12s
Rendered 9735/18723, time remaining: 6m 15s
Rendered 9736/18723, time remaining: 6m 15s
Rendered 9737/18723, time remaining: 6m 12s
Rendered 9738/18723, time remaining: 6m 16s
Rendered 9739/18723, time remaining: 6m 10s
Rendered 9740/18723, time remaining: 6m 6s
Rendered 9741/18723, time remaining: 6m 12s
Rendered 9742/18723, time remaining: 6m 12s
Rendered 9743/18723, time remaining: 6m 15s
Rendered 9744/18723, time remaining: 6m 10s
Rendered 9745/18723, time remaining: 6m 7s
Rendered 9746/18723, time remaining: 6m 12s
Rendered 9747/18723, time remaining: 6m 13s
Rendered 9748/18723, time remaining: 6m 11s
Rendered 9749/18723, time remaining: 6m 12s
Rendered 9750/18723, time remaining: 6m 16s
Rendered 9751/18723, time remaining: 6m 16s
Rendered 9752/18723, time remaining: 6m 12s
Rendered 9753/18723, time remaining: 6m 7s
Rendered 9754/18723, time remaining: 6m 11s
Rendered 9755/18723, time remaining: 6m 11s
Rendered 9756/18723, time remaining: 6m 11s
Rendered 9757/18723, time remaining: 6m 10s
Rendered 9758/18723, time remaining: 6m 6s
Rendered 9759/18723, time remaining: 6m 10s
Rendered 9760/18723, time remaining: 6m 10s
Rendered 9761/18723, time remaining: 6m 10s
Rendered 9762/18723, time remaining: 6m 16s
Rendered 9763/18723, time remaining: 6m 12s
Rendered 9764/18723, time remaining: 6m 13s
Rendered 9765/18723, time remaining: 6m 6s
Rendered 9766/18723, time remaining: 6m 12s
Rendered 9767/18723, time remaining: 6m 8s
Rendered 9768/18723, time remaining: 6m 10s
Rendered 9769/18723, time remaining: 6m 9s
Rendered 9770/18723, time remaining: 6m 8s
Rendered 9771/18723, time remaining: 6m 8s
Rendered 9772/18723, time remaining: 6m 10s
Rendered 9773/18723, time remaining: 6m 9s
Rendered 9774/18723, time remaining: 6m 11s
Rendered 9775/18723, time remaining: 6m 11s
Rendered 9776/18723, time remaining: 6m 12s
Rendered 9777/18723, time remaining: 6m 12s
Rendered 9778/18723, time remaining: 6m 8s
Rendered 9779/18723, time remaining: 6m 8s
Rendered 9780/18723, time remaining: 6m 6s
Rendered 9781/18723, time remaining: 6m 10s
Rendered 9782/18723, time remaining: 6m 13s
Rendered 9783/18723, time remaining: 6m 12s
Rendered 9784/18723, time remaining: 6m 13s
Rendered 9785/18723, time remaining: 6m 10s
Rendered 9786/18723, time remaining: 6m 9s
Rendered 9787/18723, time remaining: 6m 6s
Rendered 9788/18723, time remaining: 6m 5s
Rendered 9789/18723, time remaining: 6m 9s
Rendered 9790/18723, time remaining: 6m 17s
Rendered 9791/18723, time remaining: 6m 11s
Rendered 9792/18723, time remaining: 6m 7s
Rendered 9793/18723, time remaining: 6m 9s
Rendered 9794/18723, time remaining: 6m 7s
Rendered 9795/18723, time remaining: 6m 7s
Rendered 9796/18723, time remaining: 6m 7s
Rendered 9797/18723, time remaining: 6m 5s
Rendered 9798/18723, time remaining: 6m 5s
Rendered 9799/18723, time remaining: 6m 7s
Rendered 9800/18723, time remaining: 6m 17s
Rendered 9801/18723, time remaining: 6m 14s
Rendered 9802/18723, time remaining: 6m 14s
Rendered 9803/18723, time remaining: 6m 14s
Rendered 9804/18723, time remaining: 6m 7s
Rendered 9805/18723, time remaining: 6m 1s
Rendered 9806/18723, time remaining: 6m 2s
Rendered 9807/18723, time remaining: 6m 7s
Rendered 9808/18723, time remaining: 6m 14s
Rendered 9809/18723, time remaining: 6m 13s
Rendered 9810/18723, time remaining: 6m 14s
Rendered 9811/18723, time remaining: 6m 14s
Rendered 9812/18723, time remaining: 6m 4s
Rendered 9813/18723, time remaining: 6m 5s
Rendered 9814/18723, time remaining: 6m 4s
Rendered 9815/18723, time remaining: 6m 8s
Rendered 9816/18723, time remaining: 6m 16s
Rendered 9817/18723, time remaining: 6m 18s
Rendered 9818/18723, time remaining: 6m 18s
Rendered 9819/18723, time remaining: 6m 18s
Rendered 9820/18723, time remaining: 6m 17s
Rendered 9821/18723, time remaining: 6m 12s
Rendered 9822/18723, time remaining: 6m 13s
Rendered 9823/18723, time remaining: 6m 13s
Rendered 9824/18723, time remaining: 6m 16s
Rendered 9825/18723, time remaining: 6m 22s
Rendered 9826/18723, time remaining: 6m 21s
Rendered 9827/18723, time remaining: 6m 18s
Rendered 9828/18723, time remaining: 6m 17s
Rendered 9829/18723, time remaining: 6m 11s
Rendered 9830/18723, time remaining: 6m 7s
Rendered 9831/18723, time remaining: 6m 6s
Rendered 9832/18723, time remaining: 6m 19s
Rendered 9833/18723, time remaining: 6m 21s
Rendered 9834/18723, time remaining: 6m 20s
Rendered 9835/18723, time remaining: 6m 17s
Rendered 9836/18723, time remaining: 6m 15s
Rendered 9837/18723, time remaining: 6m 13s
Rendered 9838/18723, time remaining: 6m 13s
Rendered 9839/18723, time remaining: 6m 15s
Rendered 9840/18723, time remaining: 6m 21s
Rendered 9841/18723, time remaining: 6m 24s
Rendered 9842/18723, time remaining: 6m 21s
Rendered 9843/18723, time remaining: 6m 21s
Rendered 9844/18723, time remaining: 6m 20s
Rendered 9845/18723, time remaining: 6m 15s
Rendered 9846/18723, time remaining: 6m 20s
Rendered 9847/18723, time remaining: 6m 17s
Rendered 9848/18723, time remaining: 6m 19s
Rendered 9849/18723, time remaining: 6m 18s
Rendered 9850/18723, time remaining: 6m 21s
Rendered 9851/18723, time remaining: 6m 20s
Rendered 9852/18723, time remaining: 6m 17s
Rendered 9853/18723, time remaining: 6m 22s
Rendered 9854/18723, time remaining: 6m 18s
Rendered 9855/18723, time remaining: 6m 20s
Rendered 9856/18723, time remaining: 6m 21s
Rendered 9857/18723, time remaining: 6m 18s
Rendered 9858/18723, time remaining: 6m 16s
Rendered 9859/18723, time remaining: 6m 12s
Rendered 9860/18723, time remaining: 6m 11s
Rendered 9861/18723, time remaining: 6m 9s
Rendered 9862/18723, time remaining: 6m 13s
Rendered 9863/18723, time remaining: 6m 11s
Rendered 9864/18723, time remaining: 6m 21s
Rendered 9865/18723, time remaining: 6m 21s
Rendered 9866/18723, time remaining: 6m 20s
Rendered 9867/18723, time remaining: 6m 13s
Rendered 9868/18723, time remaining: 6m 15s
Rendered 9869/18723, time remaining: 6m 18s
Rendered 9870/18723, time remaining: 6m 17s
Rendered 9871/18723, time remaining: 6m 18s
Rendered 9872/18723, time remaining: 6m 20s
Rendered 9873/18723, time remaining: 6m 19s
Rendered 9874/18723, time remaining: 6m 16s
Rendered 9875/18723, time remaining: 6m 11s
Rendered 9876/18723, time remaining: 6m 11s
Rendered 9877/18723, time remaining: 6m 13s
Rendered 9878/18723, time remaining: 6m 19s
Rendered 9879/18723, time remaining: 6m 20s
Rendered 9880/18723, time remaining: 6m 20s
Rendered 9881/18723, time remaining: 6m 24s
Rendered 9882/18723, time remaining: 6m 21s
Rendered 9883/18723, time remaining: 6m 21s
Rendered 9884/18723, time remaining: 6m 19s
Rendered 9885/18723, time remaining: 6m 16s
Rendered 9886/18723, time remaining: 6m 16s
Rendered 9887/18723, time remaining: 6m 22s
Rendered 9888/18723, time remaining: 6m 15s
Rendered 9889/18723, time remaining: 6m 15s
Rendered 9890/18723, time remaining: 6m 21s
Rendered 9891/18723, time remaining: 6m 21s
Rendered 9892/18723, time remaining: 6m 21s
Rendered 9893/18723, time remaining: 6m 22s
Rendered 9894/18723, time remaining: 6m 22s
Rendered 9895/18723, time remaining: 6m 22s
Rendered 9896/18723, time remaining: 6m 16s
Rendered 9897/18723, time remaining: 6m 11s
Rendered 9898/18723, time remaining: 6m 15s
Rendered 9899/18723, time remaining: 6m 24s
Rendered 9900/18723, time remaining: 6m 20s
Rendered 9901/18723, time remaining: 6m 20s
Rendered 9902/18723, time remaining: 6m 23s
Rendered 9903/18723, time remaining: 6m 25s
Rendered 9904/18723, time remaining: 6m 19s
Rendered 9905/18723, time remaining: 6m 19s
Rendered 9906/18723, time remaining: 6m 20s
Rendered 9907/18723, time remaining: 6m 22s
Rendered 9908/18723, time remaining: 6m 26s
Rendered 9909/18723, time remaining: 6m 22s
Rendered 9910/18723, time remaining: 6m 28s
Rendered 9911/18723, time remaining: 6m 28s
Rendered 9912/18723, time remaining: 6m 22s
Rendered 9913/18723, time remaining: 6m 22s
Rendered 9914/18723, time remaining: 6m 22s
Rendered 9915/18723, time remaining: 6m 24s
Rendered 9916/18723, time remaining: 6m 24s
Rendered 9917/18723, time remaining: 6m 24s
Rendered 9918/18723, time remaining: 6m 24s
Rendered 9919/18723, time remaining: 6m 29s
Rendered 9920/18723, time remaining: 6m 29s
Rendered 9921/18723, time remaining: 6m 29s
Rendered 9922/18723, time remaining: 6m 25s
Rendered 9923/18723, time remaining: 6m 21s
Rendered 9924/18723, time remaining: 6m 16s
Rendered 9925/18723, time remaining: 6m 25s
Rendered 9926/18723, time remaining: 6m 24s
Rendered 9927/18723, time remaining: 6m 25s
Rendered 9928/18723, time remaining: 6m 25s
Rendered 9929/18723, time remaining: 6m 24s
Rendered 9930/18723, time remaining: 6m 27s
Rendered 9931/18723, time remaining: 6m 26s
Rendered 9932/18723, time remaining: 6m 17s
Rendered 9933/18723, time remaining: 6m 23s
Rendered 9934/18723, time remaining: 6m 21s
Rendered 9935/18723, time remaining: 6m 22s
Rendered 9936/18723, time remaining: 6m 21s
Rendered 9937/18723, time remaining: 6m 21s
Rendered 9938/18723, time remaining: 6m 27s
Rendered 9939/18723, time remaining: 6m 23s
Rendered 9940/18723, time remaining: 6m 16s
Rendered 9941/18723, time remaining: 6m 26s
Rendered 9942/18723, time remaining: 6m 25s
Rendered 9943/18723, time remaining: 6m 23s
Rendered 9944/18723, time remaining: 6m 20s
Rendered 9945/18723, time remaining: 6m 21s
Rendered 9946/18723, time remaining: 6m 21s
Rendered 9947/18723, time remaining: 6m 20s
Rendered 9948/18723, time remaining: 6m 20s
Rendered 9949/18723, time remaining: 6m 27s
Rendered 9950/18723, time remaining: 6m 16s
Rendered 9951/18723, time remaining: 6m 19s
Rendered 9952/18723, time remaining: 6m 18s
Rendered 9953/18723, time remaining: 6m 18s
Rendered 9954/18723, time remaining: 6m 18s
Rendered 9955/18723, time remaining: 6m 18s
Rendered 9956/18723, time remaining: 6m 23s
Rendered 9957/18723, time remaining: 6m 23s
Rendered 9958/18723, time remaining: 6m 13s
Rendered 9959/18723, time remaining: 6m 18s
Rendered 9960/18723, time remaining: 6m 17s
Rendered 9961/18723, time remaining: 6m 17s
Rendered 9962/18723, time remaining: 6m 17s
Rendered 9963/18723, time remaining: 6m 20s
Rendered 9964/18723, time remaining: 6m 25s
Rendered 9965/18723, time remaining: 6m 21s
Rendered 9966/18723, time remaining: 6m 13s
Rendered 9967/18723, time remaining: 6m 8s
Rendered 9968/18723, time remaining: 6m 8s
Rendered 9969/18723, time remaining: 6m 11s
Rendered 9970/18723, time remaining: 6m 19s
Rendered 9971/18723, time remaining: 6m 18s
Rendered 9972/18723, time remaining: 6m 13s
Rendered 9973/18723, time remaining: 6m 11s
Rendered 9974/18723, time remaining: 6m 9s
Rendered 9975/18723, time remaining: 6m 3s
Rendered 9976/18723, time remaining: 6m 3s
Rendered 9977/18723, time remaining: 6m 4s
Rendered 9978/18723, time remaining: 6m 5s
Rendered 9979/18723, time remaining: 6m 4s
Rendered 9980/18723, time remaining: 6m 4s
Rendered 9981/18723, time remaining: 6m 4s
Rendered 9982/18723, time remaining: 5m 51s
Rendered 9983/18723, time remaining: 5m 48s
Rendered 9984/18723, time remaining: 5m 49s
Rendered 9985/18723, time remaining: 5m 49s
Rendered 9986/18723, time remaining: 5m 49s
Rendered 9987/18723, time remaining: 5m 49s
Rendered 9988/18723, time remaining: 5m 46s
Rendered 9989/18723, time remaining: 5m 43s
Rendered 9990/18723, time remaining: 5m 37s
Rendered 9991/18723, time remaining: 5m 32s
Rendered 9992/18723, time remaining: 5m 32s
Rendered 9993/18723, time remaining: 5m 37s
Rendered 9994/18723, time remaining: 5m 37s
Rendered 9995/18723, time remaining: 5m 38s
Rendered 9996/18723, time remaining: 5m 33s
Rendered 9997/18723, time remaining: 5m 40s
Rendered 9998/18723, time remaining: 5m 35s
Rendered 9999/18723, time remaining: 5m 34s
Rendered 10000/18723, time remaining: 5m 32s
Rendered 10001/18723, time remaining: 5m 35s
Rendered 10002/18723, time remaining: 5m 35s
Rendered 10003/18723, time remaining: 5m 30s
Rendered 10004/18723, time remaining: 5m 31s
Rendered 10005/18723, time remaining: 5m 32s
Rendered 10006/18723, time remaining: 5m 31s
Rendered 10007/18723, time remaining: 5m 31s
Rendered 10008/18723, time remaining: 5m 30s
Rendered 10009/18723, time remaining: 5m 30s
Rendered 10010/18723, time remaining: 5m 35s
Rendered 10011/18723, time remaining: 5m 33s
Rendered 10012/18723, time remaining: 5m 35s
Rendered 10013/18723, time remaining: 5m 35s
Rendered 10014/18723, time remaining: 5m 29s
Rendered 10015/18723, time remaining: 5m 28s
Rendered 10016/18723, time remaining: 5m 28s
Rendered 10017/18723, time remaining: 5m 28s
Rendered 10018/18723, time remaining: 5m 26s
Rendered 10019/18723, time remaining: 5m 29s
Rendered 10020/18723, time remaining: 5m 34s
Rendered 10021/18723, time remaining: 5m 30s
Rendered 10022/18723, time remaining: 5m 31s
Rendered 10023/18723, time remaining: 5m 28s
Rendered 10024/18723, time remaining: 5m 28s
Rendered 10025/18723, time remaining: 5m 26s
Rendered 10026/18723, time remaining: 5m 29s
Rendered 10027/18723, time remaining: 5m 29s
Rendered 10028/18723, time remaining: 5m 31s
Rendered 10029/18723, time remaining: 5m 31s
Rendered 10030/18723, time remaining: 5m 25s
Rendered 10031/18723, time remaining: 5m 23s
Rendered 10032/18723, time remaining: 5m 23s
Rendered 10033/18723, time remaining: 5m 19s
Rendered 10034/18723, time remaining: 5m 22s
Rendered 10035/18723, time remaining: 5m 24s
Rendered 10036/18723, time remaining: 5m 29s
Rendered 10037/18723, time remaining: 5m 26s
Rendered 10038/18723, time remaining: 5m 26s
Rendered 10039/18723, time remaining: 5m 27s
Rendered 10040/18723, time remaining: 5m 21s
Rendered 10041/18723, time remaining: 5m 15s
Rendered 10042/18723, time remaining: 5m 15s
Rendered 10043/18723, time remaining: 5m 16s
Rendered 10044/18723, time remaining: 5m 23s
Rendered 10045/18723, time remaining: 5m 23s
Rendered 10046/18723, time remaining: 5m 24s
Rendered 10047/18723, time remaining: 5m 29s
Rendered 10048/18723, time remaining: 5m 25s
Rendered 10049/18723, time remaining: 5m 15s
Rendered 10050/18723, time remaining: 5m 15s
Rendered 10051/18723, time remaining: 5m 23s
Rendered 10052/18723, time remaining: 5m 20s
Rendered 10053/18723, time remaining: 5m 16s
Rendered 10054/18723, time remaining: 5m 16s
Rendered 10055/18723, time remaining: 5m 22s
Rendered 10056/18723, time remaining: 5m 21s
Rendered 10057/18723, time remaining: 5m 18s
Rendered 10058/18723, time remaining: 5m 11s
Rendered 10059/18723, time remaining: 5m 13s
Rendered 10060/18723, time remaining: 5m 10s
Rendered 10061/18723, time remaining: 5m 10s
Rendered 10062/18723, time remaining: 5m 10s
Rendered 10063/18723, time remaining: 5m 15s
Rendered 10064/18723, time remaining: 5m 14s
Rendered 10065/18723, time remaining: 5m 10s
Rendered 10066/18723, time remaining: 5m 8s
Rendered 10067/18723, time remaining: 5m 10s
Rendered 10068/18723, time remaining: 5m 13s
Rendered 10069/18723, time remaining: 5m 8s
Rendered 10070/18723, time remaining: 5m 8s
Rendered 10071/18723, time remaining: 5m 12s
Rendered 10072/18723, time remaining: 5m 12s
Rendered 10073/18723, time remaining: 5m 10s
Rendered 10074/18723, time remaining: 5m 10s
Rendered 10075/18723, time remaining: 5m 4s
Rendered 10076/18723, time remaining: 5m 6s
Rendered 10077/18723, time remaining: 5m 5s
Rendered 10078/18723, time remaining: 5m 6s
Rendered 10079/18723, time remaining: 5m 16s
Rendered 10080/18723, time remaining: 5m 13s
Rendered 10081/18723, time remaining: 5m 10s
Rendered 10082/18723, time remaining: 5m 11s
Rendered 10083/18723, time remaining: 5m 6s
Rendered 10084/18723, time remaining: 5m 6s
Rendered 10085/18723, time remaining: 5m 3s
Rendered 10086/18723, time remaining: 5m 8s
Rendered 10087/18723, time remaining: 5m 13s
Rendered 10088/18723, time remaining: 5m 11s
Rendered 10089/18723, time remaining: 5m 12s
Rendered 10090/18723, time remaining: 5m 11s
Rendered 10091/18723, time remaining: 5m 1s
Rendered 10092/18723, time remaining: 5m 5s
Rendered 10093/18723, time remaining: 5m 5s
Rendered 10094/18723, time remaining: 5m 5s
Rendered 10095/18723, time remaining: 5m 9s
Rendered 10096/18723, time remaining: 5m 11s
Rendered 10097/18723, time remaining: 5m 10s
Rendered 10098/18723, time remaining: 5m 10s
Rendered 10099/18723, time remaining: 5m 1s
Rendered 10100/18723, time remaining: 5m 4s
Rendered 10101/18723, time remaining: 4m 58s
Rendered 10102/18723, time remaining: 5m 4s
Rendered 10103/18723, time remaining: 5m 6s
Rendered 10104/18723, time remaining: 5m 9s
Rendered 10105/18723, time remaining: 5m 9s
Rendered 10106/18723, time remaining: 5m 3s
Rendered 10107/18723, time remaining: 4m 59s
Rendered 10108/18723, time remaining: 5m 6s
Rendered 10109/18723, time remaining: 5m 2s
Rendered 10110/18723, time remaining: 5m 3s
Rendered 10111/18723, time remaining: 5m 8s
Rendered 10112/18723, time remaining: 5m 8s
Rendered 10113/18723, time remaining: 5m 5s
Rendered 10114/18723, time remaining: 4m 59s
Rendered 10115/18723, time remaining: 4m 56s
Rendered 10116/18723, time remaining: 5m 1s
Rendered 10117/18723, time remaining: 5m 1s
Rendered 10118/18723, time remaining: 5m 2s
Rendered 10119/18723, time remaining: 5m 1s
Rendered 10120/18723, time remaining: 4m 54s
Rendered 10121/18723, time remaining: 4m 55s
Rendered 10122/18723, time remaining: 4m 55s
Rendered 10123/18723, time remaining: 4m 56s
Rendered 10124/18723, time remaining: 4m 54s
Rendered 10125/18723, time remaining: 4m 54s
Rendered 10126/18723, time remaining: 4m 54s
Rendered 10127/18723, time remaining: 4m 53s
Rendered 10128/18723, time remaining: 4m 53s
Rendered 10129/18723, time remaining: 4m 53s
Rendered 10130/18723, time remaining: 4m 53s
Rendered 10131/18723, time remaining: 4m 52s
Rendered 10132/18723, time remaining: 4m 52s
Rendered 10133/18723, time remaining: 4m 52s
Rendered 10134/18723, time remaining: 4m 52s
Rendered 10135/18723, time remaining: 4m 52s
Rendered 10136/18723, time remaining: 4m 55s
Rendered 10137/18723, time remaining: 4m 55s
Rendered 10138/18723, time remaining: 5m 3s
Rendered 10139/18723, time remaining: 5m 1s
Rendered 10140/18723, time remaining: 5m 1s
Rendered 10141/18723, time remaining: 5m 2s
Rendered 10142/18723, time remaining: 5m 5s
Rendered 10143/18723, time remaining: 5m 0s
Rendered 10144/18723, time remaining: 4m 59s
Rendered 10145/18723, time remaining: 5m 0s
Rendered 10146/18723, time remaining: 5m 8s
Rendered 10147/18723, time remaining: 5m 2s
Rendered 10148/18723, time remaining: 5m 2s
Rendered 10149/18723, time remaining: 5m 5s
Rendered 10150/18723, time remaining: 5m 3s
Rendered 10151/18723, time remaining: 5m 0s
Rendered 10152/18723, time remaining: 5m 3s
Rendered 10153/18723, time remaining: 5m 1s
Rendered 10154/18723, time remaining: 5m 4s
Rendered 10155/18723, time remaining: 5m 2s
Rendered 10156/18723, time remaining: 4m 58s
Rendered 10157/18723, time remaining: 5m 2s
Rendered 10158/18723, time remaining: 5m 2s
Rendered 10159/18723, time remaining: 5m 6s
Rendered 10160/18723, time remaining: 5m 5s
Rendered 10161/18723, time remaining: 5m 5s
Rendered 10162/18723, time remaining: 5m 0s
Rendered 10163/18723, time remaining: 5m 1s
Rendered 10164/18723, time remaining: 4m 56s
Rendered 10165/18723, time remaining: 4m 56s
Rendered 10166/18723, time remaining: 5m 1s
Rendered 10167/18723, time remaining: 5m 7s
Rendered 10168/18723, time remaining: 5m 7s
Rendered 10169/18723, time remaining: 5m 1s
Rendered 10170/18723, time remaining: 4m 56s
Rendered 10171/18723, time remaining: 4m 56s
Rendered 10172/18723, time remaining: 4m 57s
Rendered 10173/18723, time remaining: 4m 57s
Rendered 10174/18723, time remaining: 5m 2s
Rendered 10175/18723, time remaining: 5m 3s
Rendered 10176/18723, time remaining: 4m 59s
Rendered 10177/18723, time remaining: 4m 58s
Rendered 10178/18723, time remaining: 4m 54s
Rendered 10179/18723, time remaining: 4m 55s
Rendered 10180/18723, time remaining: 4m 55s
Rendered 10181/18723, time remaining: 4m 54s
Rendered 10182/18723, time remaining: 4m 55s
Rendered 10183/18723, time remaining: 5m 2s
Rendered 10184/18723, time remaining: 4m 59s
Rendered 10185/18723, time remaining: 5m 1s
Rendered 10186/18723, time remaining: 4m 56s
Rendered 10187/18723, time remaining: 4m 53s
Rendered 10188/18723, time remaining: 4m 54s
Rendered 10189/18723, time remaining: 4m 52s
Rendered 10190/18723, time remaining: 4m 57s
Rendered 10191/18723, time remaining: 5m 3s
Rendered 10192/18723, time remaining: 5m 3s
Rendered 10193/18723, time remaining: 4m 59s
Rendered 10194/18723, time remaining: 4m 56s
Rendered 10195/18723, time remaining: 4m 56s
Rendered 10196/18723, time remaining: 4m 57s
Rendered 10197/18723, time remaining: 4m 52s
Rendered 10198/18723, time remaining: 4m 56s
Rendered 10199/18723, time remaining: 4m 56s
Rendered 10200/18723, time remaining: 4m 58s
Rendered 10201/18723, time remaining: 4m 55s
Rendered 10202/18723, time remaining: 4m 58s
Rendered 10203/18723, time remaining: 4m 58s
Rendered 10204/18723, time remaining: 4m 58s
Rendered 10205/18723, time remaining: 4m 54s
Rendered 10206/18723, time remaining: 4m 53s
Rendered 10207/18723, time remaining: 4m 57s
Rendered 10208/18723, time remaining: 4m 57s
Rendered 10209/18723, time remaining: 4m 58s
Rendered 10210/18723, time remaining: 4m 58s
Rendered 10211/18723, time remaining: 4m 58s
Rendered 10212/18723, time remaining: 4m 58s
Rendered 10213/18723, time remaining: 4m 56s
Rendered 10214/18723, time remaining: 4m 56s
Rendered 10215/18723, time remaining: 4m 57s
Rendered 10216/18723, time remaining: 4m 55s
Rendered 10217/18723, time remaining: 5m 2s
Rendered 10218/18723, time remaining: 4m 57s
Rendered 10219/18723, time remaining: 4m 57s
Rendered 10220/18723, time remaining: 5m 0s
Rendered 10221/18723, time remaining: 4m 56s
Rendered 10222/18723, time remaining: 4m 55s
Rendered 10223/18723, time remaining: 4m 54s
Rendered 10224/18723, time remaining: 4m 57s
Rendered 10225/18723, time remaining: 5m 2s
Rendered 10226/18723, time remaining: 5m 0s
Rendered 10227/18723, time remaining: 5m 0s
Rendered 10228/18723, time remaining: 4m 58s
Rendered 10229/18723, time remaining: 4m 54s
Rendered 10230/18723, time remaining: 4m 54s
Rendered 10231/18723, time remaining: 4m 54s
Rendered 10232/18723, time remaining: 4m 56s
Rendered 10233/18723, time remaining: 4m 56s
Rendered 10234/18723, time remaining: 5m 0s
Rendered 10235/18723, time remaining: 5m 3s
Rendered 10236/18723, time remaining: 4m 58s
Rendered 10237/18723, time remaining: 4m 53s
Rendered 10238/18723, time remaining: 4m 49s
Rendered 10239/18723, time remaining: 4m 52s
Rendered 10240/18723, time remaining: 4m 57s
Rendered 10241/18723, time remaining: 4m 59s
Rendered 10242/18723, time remaining: 4m 55s
Rendered 10243/18723, time remaining: 4m 56s
Rendered 10244/18723, time remaining: 4m 57s
Rendered 10245/18723, time remaining: 4m 58s
Rendered 10246/18723, time remaining: 4m 56s
Rendered 10247/18723, time remaining: 4m 54s
Rendered 10248/18723, time remaining: 4m 57s
Rendered 10249/18723, time remaining: 4m 57s
Rendered 10250/18723, time remaining: 4m 59s
Rendered 10251/18723, time remaining: 4m 59s
Rendered 10252/18723, time remaining: 4m 54s
Rendered 10253/18723, time remaining: 4m 58s
Rendered 10254/18723, time remaining: 4m 56s
Rendered 10255/18723, time remaining: 4m 57s
Rendered 10256/18723, time remaining: 4m 57s
Rendered 10257/18723, time remaining: 4m 58s
Rendered 10258/18723, time remaining: 4m 53s
Rendered 10259/18723, time remaining: 4m 56s
Rendered 10260/18723, time remaining: 4m 55s
Rendered 10261/18723, time remaining: 4m 54s
Rendered 10262/18723, time remaining: 4m 54s
Rendered 10263/18723, time remaining: 4m 54s
Rendered 10264/18723, time remaining: 4m 59s
Rendered 10265/18723, time remaining: 5m 2s
Rendered 10266/18723, time remaining: 4m 59s
Rendered 10267/18723, time remaining: 4m 58s
Rendered 10268/18723, time remaining: 4m 57s
Rendered 10269/18723, time remaining: 4m 56s
Rendered 10270/18723, time remaining: 4m 55s
Rendered 10271/18723, time remaining: 4m 59s
Rendered 10272/18723, time remaining: 5m 6s
Rendered 10273/18723, time remaining: 5m 5s
Rendered 10274/18723, time remaining: 5m 10s
Rendered 10275/18723, time remaining: 5m 10s
Rendered 10276/18723, time remaining: 5m 10s
Rendered 10277/18723, time remaining: 5m 9s
Rendered 10278/18723, time remaining: 5m 11s
Rendered 10279/18723, time remaining: 5m 11s
Rendered 10280/18723, time remaining: 5m 11s
Rendered 10281/18723, time remaining: 5m 14s
Rendered 10282/18723, time remaining: 5m 20s
Rendered 10283/18723, time remaining: 5m 22s
Rendered 10284/18723, time remaining: 5m 22s
Rendered 10285/18723, time remaining: 5m 22s
Rendered 10286/18723, time remaining: 5m 19s
Rendered 10287/18723, time remaining: 5m 20s
Rendered 10288/18723, time remaining: 5m 16s
Rendered 10289/18723, time remaining: 5m 17s
Rendered 10290/18723, time remaining: 5m 21s
Rendered 10291/18723, time remaining: 5m 20s
Rendered 10292/18723, time remaining: 5m 18s
Rendered 10293/18723, time remaining: 5m 21s
Rendered 10294/18723, time remaining: 5m 24s
Rendered 10295/18723, time remaining: 5m 27s
Rendered 10296/18723, time remaining: 5m 19s
Rendered 10297/18723, time remaining: 5m 18s
Rendered 10298/18723, time remaining: 5m 19s
Rendered 10299/18723, time remaining: 5m 18s
Rendered 10300/18723, time remaining: 5m 18s
Rendered 10301/18723, time remaining: 5m 18s
Rendered 10302/18723, time remaining: 5m 25s
Rendered 10303/18723, time remaining: 5m 25s
Rendered 10304/18723, time remaining: 5m 20s
Rendered 10305/18723, time remaining: 5m 19s
Rendered 10306/18723, time remaining: 5m 22s
Rendered 10307/18723, time remaining: 5m 19s
Rendered 10308/18723, time remaining: 5m 23s
Rendered 10309/18723, time remaining: 5m 19s
Rendered 10310/18723, time remaining: 5m 19s
Rendered 10311/18723, time remaining: 5m 19s
Rendered 10312/18723, time remaining: 5m 18s
Rendered 10313/18723, time remaining: 5m 17s
Rendered 10314/18723, time remaining: 5m 23s
Rendered 10315/18723, time remaining: 5m 27s
Rendered 10316/18723, time remaining: 5m 22s
Rendered 10317/18723, time remaining: 5m 16s
Rendered 10318/18723, time remaining: 5m 20s
Rendered 10319/18723, time remaining: 5m 24s
Rendered 10320/18723, time remaining: 5m 24s
Rendered 10321/18723, time remaining: 5m 23s
Rendered 10322/18723, time remaining: 5m 20s
Rendered 10323/18723, time remaining: 5m 23s
Rendered 10324/18723, time remaining: 5m 19s
Rendered 10325/18723, time remaining: 5m 20s
Rendered 10326/18723, time remaining: 5m 21s
Rendered 10327/18723, time remaining: 5m 24s
Rendered 10328/18723, time remaining: 5m 23s
Rendered 10329/18723, time remaining: 5m 23s
Rendered 10330/18723, time remaining: 5m 22s
Rendered 10331/18723, time remaining: 5m 29s
Rendered 10332/18723, time remaining: 5m 28s
Rendered 10333/18723, time remaining: 5m 21s
Rendered 10334/18723, time remaining: 5m 21s
Rendered 10335/18723, time remaining: 5m 17s
Rendered 10336/18723, time remaining: 5m 17s
Rendered 10337/18723, time remaining: 5m 17s
Rendered 10338/18723, time remaining: 5m 21s
Rendered 10339/18723, time remaining: 5m 31s
Rendered 10340/18723, time remaining: 5m 26s
Rendered 10341/18723, time remaining: 5m 19s
Rendered 10342/18723, time remaining: 5m 19s
Rendered 10343/18723, time remaining: 5m 27s
Rendered 10344/18723, time remaining: 5m 23s
Rendered 10345/18723, time remaining: 5m 23s
Rendered 10346/18723, time remaining: 5m 21s
Rendered 10347/18723, time remaining: 5m 29s
Rendered 10348/18723, time remaining: 5m 26s
Rendered 10349/18723, time remaining: 5m 25s
Rendered 10350/18723, time remaining: 5m 23s
Rendered 10351/18723, time remaining: 5m 23s
Rendered 10352/18723, time remaining: 5m 22s
Rendered 10353/18723, time remaining: 5m 22s
Rendered 10354/18723, time remaining: 5m 21s
Rendered 10355/18723, time remaining: 5m 26s
Rendered 10356/18723, time remaining: 5m 26s
Rendered 10357/18723, time remaining: 5m 22s
Rendered 10358/18723, time remaining: 5m 22s
Rendered 10359/18723, time remaining: 5m 23s
Rendered 10360/18723, time remaining: 5m 20s
Rendered 10361/18723, time remaining: 5m 20s
Rendered 10362/18723, time remaining: 5m 20s
Rendered 10363/18723, time remaining: 5m 24s
Rendered 10364/18723, time remaining: 5m 26s
Rendered 10365/18723, time remaining: 5m 25s
Rendered 10366/18723, time remaining: 5m 26s
Rendered 10367/18723, time remaining: 5m 17s
Rendered 10368/18723, time remaining: 5m 19s
Rendered 10369/18723, time remaining: 5m 22s
Rendered 10370/18723, time remaining: 5m 19s
Rendered 10371/18723, time remaining: 5m 20s
Rendered 10372/18723, time remaining: 5m 20s
Rendered 10373/18723, time remaining: 5m 21s
Rendered 10374/18723, time remaining: 5m 24s
Rendered 10375/18723, time remaining: 5m 16s
Rendered 10376/18723, time remaining: 5m 21s
Rendered 10377/18723, time remaining: 5m 21s
Rendered 10378/18723, time remaining: 5m 23s
Rendered 10379/18723, time remaining: 5m 19s
Rendered 10380/18723, time remaining: 5m 19s
Rendered 10381/18723, time remaining: 5m 19s
Rendered 10382/18723, time remaining: 5m 21s
Rendered 10383/18723, time remaining: 5m 20s
Rendered 10384/18723, time remaining: 5m 18s
Rendered 10385/18723, time remaining: 5m 20s
Rendered 10386/18723, time remaining: 5m 19s
Rendered 10387/18723, time remaining: 5m 20s
Rendered 10388/18723, time remaining: 5m 27s
Rendered 10389/18723, time remaining: 5m 26s
Rendered 10390/18723, time remaining: 5m 22s
Rendered 10391/18723, time remaining: 5m 20s
Rendered 10392/18723, time remaining: 5m 23s
Rendered 10393/18723, time remaining: 5m 22s
Rendered 10394/18723, time remaining: 5m 21s
Rendered 10395/18723, time remaining: 5m 15s
Rendered 10396/18723, time remaining: 5m 22s
Rendered 10397/18723, time remaining: 5m 27s
Rendered 10398/18723, time remaining: 5m 24s
Rendered 10399/18723, time remaining: 5m 25s
Rendered 10400/18723, time remaining: 5m 21s
Rendered 10401/18723, time remaining: 5m 21s
Rendered 10402/18723, time remaining: 5m 21s
Rendered 10403/18723, time remaining: 5m 18s
Rendered 10404/18723, time remaining: 5m 25s
Rendered 10405/18723, time remaining: 5m 29s
Rendered 10406/18723, time remaining: 5m 29s
Rendered 10407/18723, time remaining: 5m 27s
Rendered 10408/18723, time remaining: 5m 25s
Rendered 10409/18723, time remaining: 5m 21s
Rendered 10410/18723, time remaining: 5m 21s
Rendered 10411/18723, time remaining: 5m 18s
Rendered 10412/18723, time remaining: 5m 23s
Rendered 10413/18723, time remaining: 5m 31s
Rendered 10414/18723, time remaining: 5m 25s
Rendered 10415/18723, time remaining: 5m 22s
Rendered 10416/18723, time remaining: 5m 22s
Rendered 10417/18723, time remaining: 5m 22s
Rendered 10418/18723, time remaining: 5m 26s
Rendered 10419/18723, time remaining: 5m 28s
Rendered 10420/18723, time remaining: 5m 31s
Rendered 10421/18723, time remaining: 5m 31s
Rendered 10422/18723, time remaining: 5m 25s
Rendered 10423/18723, time remaining: 5m 24s
Rendered 10424/18723, time remaining: 5m 19s
Rendered 10425/18723, time remaining: 5m 20s
Rendered 10426/18723, time remaining: 5m 23s
Rendered 10427/18723, time remaining: 5m 29s
Rendered 10428/18723, time remaining: 5m 26s
Rendered 10429/18723, time remaining: 5m 27s
Rendered 10430/18723, time remaining: 5m 28s
Rendered 10431/18723, time remaining: 5m 24s
Rendered 10432/18723, time remaining: 5m 22s
Rendered 10433/18723, time remaining: 5m 20s
Rendered 10434/18723, time remaining: 5m 21s
Rendered 10435/18723, time remaining: 5m 31s
Rendered 10436/18723, time remaining: 5m 31s
Rendered 10437/18723, time remaining: 5m 30s
Rendered 10438/18723, time remaining: 5m 26s
Rendered 10439/18723, time remaining: 5m 24s
Rendered 10440/18723, time remaining: 5m 24s
Rendered 10441/18723, time remaining: 5m 24s
Rendered 10442/18723, time remaining: 5m 28s
Rendered 10443/18723, time remaining: 5m 28s
Rendered 10444/18723, time remaining: 5m 27s
Rendered 10445/18723, time remaining: 5m 22s
Rendered 10446/18723, time remaining: 5m 22s
Rendered 10447/18723, time remaining: 5m 26s
Rendered 10448/18723, time remaining: 5m 26s
Rendered 10449/18723, time remaining: 5m 24s
Rendered 10450/18723, time remaining: 5m 23s
Rendered 10451/18723, time remaining: 5m 30s
Rendered 10452/18723, time remaining: 5m 20s
Rendered 10453/18723, time remaining: 5m 23s
Rendered 10454/18723, time remaining: 5m 23s
Rendered 10455/18723, time remaining: 5m 29s
Rendered 10456/18723, time remaining: 5m 27s
Rendered 10457/18723, time remaining: 5m 26s
Rendered 10458/18723, time remaining: 5m 22s
Rendered 10459/18723, time remaining: 5m 26s
Rendered 10460/18723, time remaining: 5m 22s
Rendered 10461/18723, time remaining: 5m 23s
Rendered 10462/18723, time remaining: 5m 26s
Rendered 10463/18723, time remaining: 5m 27s
Rendered 10464/18723, time remaining: 5m 25s
Rendered 10465/18723, time remaining: 5m 22s
Rendered 10466/18723, time remaining: 5m 22s
Rendered 10467/18723, time remaining: 5m 22s
Rendered 10468/18723, time remaining: 5m 19s
Rendered 10469/18723, time remaining: 5m 18s
Rendered 10470/18723, time remaining: 5m 22s
Rendered 10471/18723, time remaining: 5m 24s
Rendered 10472/18723, time remaining: 5m 26s
Rendered 10473/18723, time remaining: 5m 24s
Rendered 10474/18723, time remaining: 5m 23s
Rendered 10475/18723, time remaining: 5m 24s
Rendered 10476/18723, time remaining: 5m 22s
Rendered 10477/18723, time remaining: 5m 23s
Rendered 10478/18723, time remaining: 5m 23s
Rendered 10479/18723, time remaining: 5m 23s
Rendered 10480/18723, time remaining: 5m 23s
Rendered 10481/18723, time remaining: 5m 17s
Rendered 10482/18723, time remaining: 5m 18s
Rendered 10483/18723, time remaining: 5m 18s
Rendered 10484/18723, time remaining: 5m 23s
Rendered 10485/18723, time remaining: 5m 27s
Rendered 10486/18723, time remaining: 5m 31s
Rendered 10487/18723, time remaining: 5m 30s
Rendered 10488/18723, time remaining: 5m 25s
Rendered 10489/18723, time remaining: 5m 16s
Rendered 10490/18723, time remaining: 5m 17s
Rendered 10491/18723, time remaining: 5m 21s
Rendered 10492/18723, time remaining: 5m 21s
Rendered 10493/18723, time remaining: 5m 17s
Rendered 10494/18723, time remaining: 5m 23s
Rendered 10495/18723, time remaining: 5m 23s
Rendered 10496/18723, time remaining: 5m 24s
Rendered 10497/18723, time remaining: 5m 15s
Rendered 10498/18723, time remaining: 5m 15s
Rendered 10499/18723, time remaining: 5m 16s
Rendered 10500/18723, time remaining: 5m 16s
Rendered 10501/18723, time remaining: 5m 18s
Rendered 10502/18723, time remaining: 5m 22s
Rendered 10503/18723, time remaining: 5m 25s
Rendered 10504/18723, time remaining: 5m 25s
Rendered 10505/18723, time remaining: 5m 19s
Rendered 10506/18723, time remaining: 5m 19s
Rendered 10507/18723, time remaining: 5m 18s
Rendered 10508/18723, time remaining: 5m 19s
Rendered 10509/18723, time remaining: 5m 19s
Rendered 10510/18723, time remaining: 5m 23s
Rendered 10511/18723, time remaining: 5m 25s
Rendered 10512/18723, time remaining: 5m 26s
Rendered 10513/18723, time remaining: 5m 19s
Rendered 10514/18723, time remaining: 5m 20s
Rendered 10515/18723, time remaining: 5m 20s
Rendered 10516/18723, time remaining: 5m 18s
Rendered 10517/18723, time remaining: 5m 24s
Rendered 10518/18723, time remaining: 5m 22s
Rendered 10519/18723, time remaining: 5m 19s
Rendered 10520/18723, time remaining: 5m 19s
Rendered 10521/18723, time remaining: 5m 24s
Rendered 10522/18723, time remaining: 5m 26s
Rendered 10523/18723, time remaining: 5m 25s
Rendered 10524/18723, time remaining: 5m 19s
Rendered 10525/18723, time remaining: 5m 22s
Rendered 10526/18723, time remaining: 5m 18s
Rendered 10527/18723, time remaining: 5m 18s
Rendered 10528/18723, time remaining: 5m 16s
Rendered 10529/18723, time remaining: 5m 26s
Rendered 10530/18723, time remaining: 5m 25s
Rendered 10531/18723, time remaining: 5m 27s
Rendered 10532/18723, time remaining: 5m 22s
Rendered 10533/18723, time remaining: 5m 22s
Rendered 10534/18723, time remaining: 5m 20s
Rendered 10535/18723, time remaining: 5m 15s
Rendered 10536/18723, time remaining: 5m 18s
Rendered 10537/18723, time remaining: 5m 25s
Rendered 10538/18723, time remaining: 5m 18s
Rendered 10539/18723, time remaining: 5m 17s
Rendered 10540/18723, time remaining: 5m 19s
Rendered 10541/18723, time remaining: 5m 19s
Rendered 10542/18723, time remaining: 5m 16s
Rendered 10543/18723, time remaining: 5m 18s
Rendered 10544/18723, time remaining: 5m 18s
Rendered 10545/18723, time remaining: 5m 25s
Rendered 10546/18723, time remaining: 5m 18s
Rendered 10547/18723, time remaining: 5m 13s
Rendered 10548/18723, time remaining: 5m 15s
Rendered 10549/18723, time remaining: 5m 16s
Rendered 10550/18723, time remaining: 5m 15s
Rendered 10551/18723, time remaining: 5m 20s
Rendered 10552/18723, time remaining: 5m 20s
Rendered 10553/18723, time remaining: 5m 22s
Rendered 10554/18723, time remaining: 5m 16s
Rendered 10555/18723, time remaining: 5m 11s
Rendered 10556/18723, time remaining: 5m 10s
Rendered 10557/18723, time remaining: 5m 11s
Rendered 10558/18723, time remaining: 5m 14s
Rendered 10559/18723, time remaining: 5m 18s
Rendered 10560/18723, time remaining: 5m 18s
Rendered 10561/18723, time remaining: 5m 24s
Rendered 10562/18723, time remaining: 5m 20s
Rendered 10563/18723, time remaining: 5m 12s
Rendered 10564/18723, time remaining: 5m 12s
Rendered 10565/18723, time remaining: 5m 13s
Rendered 10566/18723, time remaining: 5m 13s
Rendered 10567/18723, time remaining: 5m 14s
Rendered 10568/18723, time remaining: 5m 11s
Rendered 10569/18723, time remaining: 5m 18s
Rendered 10570/18723, time remaining: 5m 17s
Rendered 10571/18723, time remaining: 5m 13s
Rendered 10572/18723, time remaining: 5m 13s
Rendered 10573/18723, time remaining: 5m 13s
Rendered 10574/18723, time remaining: 5m 13s
Rendered 10575/18723, time remaining: 5m 17s
Rendered 10576/18723, time remaining: 5m 17s
Rendered 10577/18723, time remaining: 5m 17s
Rendered 10578/18723, time remaining: 5m 17s
Rendered 10579/18723, time remaining: 5m 18s
Rendered 10580/18723, time remaining: 5m 20s
Rendered 10581/18723, time remaining: 5m 20s
Rendered 10582/18723, time remaining: 5m 16s
Rendered 10583/18723, time remaining: 5m 18s
Rendered 10584/18723, time remaining: 5m 17s
Rendered 10585/18723, time remaining: 5m 11s
Rendered 10586/18723, time remaining: 5m 14s
Rendered 10587/18723, time remaining: 5m 14s
Rendered 10588/18723, time remaining: 5m 14s
Rendered 10589/18723, time remaining: 5m 19s
Rendered 10590/18723, time remaining: 5m 15s
Rendered 10591/18723, time remaining: 5m 18s
Rendered 10592/18723, time remaining: 5m 14s
Rendered 10593/18723, time remaining: 5m 17s
Rendered 10594/18723, time remaining: 5m 15s
Rendered 10595/18723, time remaining: 5m 17s
Rendered 10596/18723, time remaining: 5m 18s
Rendered 10597/18723, time remaining: 5m 21s
Rendered 10598/18723, time remaining: 5m 21s
Rendered 10599/18723, time remaining: 5m 21s
Rendered 10600/18723, time remaining: 5m 25s
Rendered 10601/18723, time remaining: 5m 18s
Rendered 10602/18723, time remaining: 5m 19s
Rendered 10603/18723, time remaining: 5m 16s
Rendered 10604/18723, time remaining: 5m 16s
Rendered 10605/18723, time remaining: 5m 16s
Rendered 10606/18723, time remaining: 5m 18s
Rendered 10607/18723, time remaining: 5m 18s
Rendered 10608/18723, time remaining: 5m 24s
Rendered 10609/18723, time remaining: 5m 21s
Rendered 10610/18723, time remaining: 5m 21s
Rendered 10611/18723, time remaining: 5m 20s
Rendered 10612/18723, time remaining: 5m 17s
Rendered 10613/18723, time remaining: 5m 17s
Rendered 10614/18723, time remaining: 5m 18s
Rendered 10615/18723, time remaining: 5m 16s
Rendered 10616/18723, time remaining: 5m 22s
Rendered 10617/18723, time remaining: 5m 24s
Rendered 10618/18723, time remaining: 5m 23s
Rendered 10619/18723, time remaining: 5m 21s
Rendered 10620/18723, time remaining: 5m 17s
Rendered 10621/18723, time remaining: 5m 17s
Rendered 10622/18723, time remaining: 5m 20s
Rendered 10623/18723, time remaining: 5m 20s
Rendered 10624/18723, time remaining: 5m 22s
Rendered 10625/18723, time remaining: 5m 23s
Rendered 10626/18723, time remaining: 5m 23s
Rendered 10627/18723, time remaining: 5m 19s
Rendered 10628/18723, time remaining: 5m 17s
Rendered 10629/18723, time remaining: 5m 17s
Rendered 10630/18723, time remaining: 5m 24s
Rendered 10631/18723, time remaining: 5m 22s
Rendered 10632/18723, time remaining: 5m 23s
Rendered 10633/18723, time remaining: 5m 26s
Rendered 10634/18723, time remaining: 5m 21s
Rendered 10635/18723, time remaining: 5m 17s
Rendered 10636/18723, time remaining: 5m 14s
Rendered 10637/18723, time remaining: 5m 20s
Rendered 10638/18723, time remaining: 5m 24s
Rendered 10639/18723, time remaining: 5m 24s
Rendered 10640/18723, time remaining: 5m 26s
Rendered 10641/18723, time remaining: 5m 22s
Rendered 10642/18723, time remaining: 5m 22s
Rendered 10643/18723, time remaining: 5m 20s
Rendered 10644/18723, time remaining: 5m 18s
Rendered 10645/18723, time remaining: 5m 21s
Rendered 10646/18723, time remaining: 5m 23s
Rendered 10647/18723, time remaining: 5m 27s
Rendered 10648/18723, time remaining: 5m 26s
Rendered 10649/18723, time remaining: 5m 26s
Rendered 10650/18723, time remaining: 5m 25s
Rendered 10651/18723, time remaining: 5m 20s
Rendered 10652/18723, time remaining: 5m 13s
Rendered 10653/18723, time remaining: 5m 15s
Rendered 10654/18723, time remaining: 5m 21s
Rendered 10655/18723, time remaining: 5m 24s
Rendered 10656/18723, time remaining: 5m 24s
Rendered 10657/18723, time remaining: 5m 24s
Rendered 10658/18723, time remaining: 5m 24s
Rendered 10659/18723, time remaining: 5m 20s
Rendered 10660/18723, time remaining: 5m 18s
Rendered 10661/18723, time remaining: 5m 19s
Rendered 10662/18723, time remaining: 5m 26s
Rendered 10663/18723, time remaining: 5m 25s
Rendered 10664/18723, time remaining: 5m 22s
Rendered 10665/18723, time remaining: 5m 25s
Rendered 10666/18723, time remaining: 5m 27s
Rendered 10667/18723, time remaining: 5m 21s
Rendered 10668/18723, time remaining: 5m 23s
Rendered 10669/18723, time remaining: 5m 23s
Rendered 10670/18723, time remaining: 5m 23s
Rendered 10671/18723, time remaining: 5m 22s
Rendered 10672/18723, time remaining: 5m 21s
Rendered 10673/18723, time remaining: 5m 22s
Rendered 10674/18723, time remaining: 5m 28s
Rendered 10675/18723, time remaining: 5m 27s
Rendered 10676/18723, time remaining: 5m 27s
Rendered 10677/18723, time remaining: 5m 27s
Rendered 10678/18723, time remaining: 5m 26s
Rendered 10679/18723, time remaining: 5m 22s
Rendered 10680/18723, time remaining: 5m 22s
Rendered 10681/18723, time remaining: 5m 22s
Rendered 10682/18723, time remaining: 5m 24s
Rendered 10683/18723, time remaining: 5m 25s
Rendered 10684/18723, time remaining: 5m 30s
Rendered 10685/18723, time remaining: 5m 32s
Rendered 10686/18723, time remaining: 5m 29s
Rendered 10687/18723, time remaining: 5m 24s
Rendered 10688/18723, time remaining: 5m 23s
Rendered 10689/18723, time remaining: 5m 23s
Rendered 10690/18723, time remaining: 5m 25s
Rendered 10691/18723, time remaining: 5m 31s
Rendered 10692/18723, time remaining: 5m 31s
Rendered 10693/18723, time remaining: 5m 30s
Rendered 10694/18723, time remaining: 5m 30s
Rendered 10695/18723, time remaining: 5m 23s
Rendered 10696/18723, time remaining: 5m 31s
Rendered 10697/18723, time remaining: 5m 31s
Rendered 10698/18723, time remaining: 5m 30s
Rendered 10699/18723, time remaining: 5m 31s
Rendered 10700/18723, time remaining: 5m 31s
Rendered 10701/18723, time remaining: 5m 26s
Rendered 10702/18723, time remaining: 5m 27s
Rendered 10703/18723, time remaining: 5m 25s
Rendered 10704/18723, time remaining: 5m 32s
Rendered 10705/18723, time remaining: 5m 32s
Rendered 10706/18723, time remaining: 5m 33s
Rendered 10707/18723, time remaining: 5m 34s
Rendered 10708/18723, time remaining: 5m 31s
Rendered 10709/18723, time remaining: 5m 27s
Rendered 10710/18723, time remaining: 5m 27s
Rendered 10711/18723, time remaining: 5m 23s
Rendered 10712/18723, time remaining: 5m 33s
Rendered 10713/18723, time remaining: 5m 33s
Rendered 10714/18723, time remaining: 5m 32s
Rendered 10715/18723, time remaining: 5m 32s
Rendered 10716/18723, time remaining: 5m 31s
Rendered 10717/18723, time remaining: 5m 30s
Rendered 10718/18723, time remaining: 5m 34s
Rendered 10719/18723, time remaining: 5m 29s
Rendered 10720/18723, time remaining: 5m 32s
Rendered 10721/18723, time remaining: 5m 33s
Rendered 10722/18723, time remaining: 5m 34s
Rendered 10723/18723, time remaining: 5m 36s
Rendered 10724/18723, time remaining: 5m 37s
Rendered 10725/18723, time remaining: 5m 33s
Rendered 10726/18723, time remaining: 5m 34s
Rendered 10727/18723, time remaining: 5m 28s
Rendered 10728/18723, time remaining: 5m 33s
Rendered 10729/18723, time remaining: 5m 32s
Rendered 10730/18723, time remaining: 5m 31s
Rendered 10731/18723, time remaining: 5m 33s
Rendered 10732/18723, time remaining: 5m 35s
Rendered 10733/18723, time remaining: 5m 32s
Rendered 10734/18723, time remaining: 5m 32s
Rendered 10735/18723, time remaining: 5m 36s
Rendered 10736/18723, time remaining: 5m 40s
Rendered 10737/18723, time remaining: 5m 40s
Rendered 10738/18723, time remaining: 5m 41s
Rendered 10739/18723, time remaining: 5m 38s
Rendered 10740/18723, time remaining: 5m 42s
Rendered 10741/18723, time remaining: 5m 39s
Rendered 10742/18723, time remaining: 5m 39s
Rendered 10743/18723, time remaining: 5m 32s
Rendered 10744/18723, time remaining: 5m 32s
Rendered 10745/18723, time remaining: 5m 36s
Rendered 10746/18723, time remaining: 5m 42s
Rendered 10747/18723, time remaining: 5m 35s
Rendered 10748/18723, time remaining: 5m 33s
Rendered 10749/18723, time remaining: 5m 40s
Rendered 10750/18723, time remaining: 5m 36s
Rendered 10751/18723, time remaining: 5m 36s
Rendered 10752/18723, time remaining: 5m 36s
Rendered 10753/18723, time remaining: 5m 36s
Rendered 10754/18723, time remaining: 5m 39s
Rendered 10755/18723, time remaining: 5m 41s
Rendered 10756/18723, time remaining: 5m 37s
Rendered 10757/18723, time remaining: 5m 42s
Rendered 10758/18723, time remaining: 5m 35s
Rendered 10759/18723, time remaining: 5m 35s
Rendered 10760/18723, time remaining: 5m 36s
Rendered 10761/18723, time remaining: 5m 35s
Rendered 10762/18723, time remaining: 5m 40s
Rendered 10763/18723, time remaining: 5m 44s
Rendered 10764/18723, time remaining: 5m 42s
Rendered 10765/18723, time remaining: 5m 42s
Rendered 10766/18723, time remaining: 5m 38s
Rendered 10767/18723, time remaining: 5m 36s
Rendered 10768/18723, time remaining: 5m 36s
Rendered 10769/18723, time remaining: 5m 43s
Rendered 10770/18723, time remaining: 5m 46s
Rendered 10771/18723, time remaining: 5m 44s
Rendered 10772/18723, time remaining: 5m 42s
Rendered 10773/18723, time remaining: 5m 44s
Rendered 10774/18723, time remaining: 5m 41s
Rendered 10775/18723, time remaining: 5m 38s
Rendered 10776/18723, time remaining: 5m 39s
Rendered 10777/18723, time remaining: 5m 44s
Rendered 10778/18723, time remaining: 5m 44s
Rendered 10779/18723, time remaining: 5m 42s
Rendered 10780/18723, time remaining: 5m 42s
Rendered 10781/18723, time remaining: 5m 47s
Rendered 10782/18723, time remaining: 5m 48s
Rendered 10783/18723, time remaining: 5m 46s
Rendered 10784/18723, time remaining: 5m 45s
Rendered 10785/18723, time remaining: 5m 45s
Rendered 10786/18723, time remaining: 5m 48s
Rendered 10787/18723, time remaining: 5m 44s
Rendered 10788/18723, time remaining: 5m 44s
Rendered 10789/18723, time remaining: 5m 51s
Rendered 10790/18723, time remaining: 5m 48s
Rendered 10791/18723, time remaining: 5m 48s
Rendered 10792/18723, time remaining: 5m 48s
Rendered 10793/18723, time remaining: 5m 46s
Rendered 10794/18723, time remaining: 5m 42s
Rendered 10795/18723, time remaining: 5m 39s
Rendered 10796/18723, time remaining: 5m 42s
Rendered 10797/18723, time remaining: 5m 49s
Rendered 10798/18723, time remaining: 5m 53s
Rendered 10799/18723, time remaining: 5m 53s
Rendered 10800/18723, time remaining: 5m 54s
Rendered 10801/18723, time remaining: 5m 54s
Rendered 10802/18723, time remaining: 5m 53s
Rendered 10803/18723, time remaining: 5m 48s
Rendered 10804/18723, time remaining: 5m 46s
Rendered 10805/18723, time remaining: 5m 50s
Rendered 10806/18723, time remaining: 5m 52s
Rendered 10807/18723, time remaining: 5m 52s
Rendered 10808/18723, time remaining: 5m 52s
Rendered 10809/18723, time remaining: 5m 57s
Rendered 10810/18723, time remaining: 5m 54s
Rendered 10811/18723, time remaining: 5m 51s
Rendered 10812/18723, time remaining: 5m 43s
Rendered 10813/18723, time remaining: 5m 49s
Rendered 10814/18723, time remaining: 5m 55s
Rendered 10815/18723, time remaining: 5m 52s
Rendered 10816/18723, time remaining: 5m 50s
Rendered 10817/18723, time remaining: 5m 50s
Rendered 10818/18723, time remaining: 5m 49s
Rendered 10819/18723, time remaining: 5m 49s
Rendered 10820/18723, time remaining: 5m 54s
Rendered 10821/18723, time remaining: 5m 49s
Rendered 10822/18723, time remaining: 5m 59s
Rendered 10823/18723, time remaining: 5m 58s
Rendered 10824/18723, time remaining: 5m 52s
Rendered 10825/18723, time remaining: 5m 50s
Rendered 10826/18723, time remaining: 5m 50s
Rendered 10827/18723, time remaining: 5m 50s
Rendered 10828/18723, time remaining: 5m 49s
Rendered 10829/18723, time remaining: 5m 48s
Rendered 10830/18723, time remaining: 5m 58s
Rendered 10831/18723, time remaining: 5m 55s
Rendered 10832/18723, time remaining: 5m 53s
Rendered 10833/18723, time remaining: 5m 53s
Rendered 10834/18723, time remaining: 5m 49s
Rendered 10835/18723, time remaining: 5m 47s
Rendered 10836/18723, time remaining: 5m 47s
Rendered 10837/18723, time remaining: 5m 50s
Rendered 10838/18723, time remaining: 6m 0s
Rendered 10839/18723, time remaining: 6m 0s
Rendered 10840/18723, time remaining: 5m 57s
Rendered 10841/18723, time remaining: 5m 51s
Rendered 10842/18723, time remaining: 5m 51s
Rendered 10843/18723, time remaining: 5m 49s
Rendered 10844/18723, time remaining: 5m 49s
Rendered 10845/18723, time remaining: 5m 52s
Rendered 10846/18723, time remaining: 5m 57s
Rendered 10847/18723, time remaining: 5m 57s
Rendered 10848/18723, time remaining: 5m 56s
Rendered 10849/18723, time remaining: 5m 54s
Rendered 10850/18723, time remaining: 5m 54s
Rendered 10851/18723, time remaining: 5m 54s
Rendered 10852/18723, time remaining: 5m 55s
Rendered 10853/18723, time remaining: 5m 55s
Rendered 10854/18723, time remaining: 5m 56s
Rendered 10855/18723, time remaining: 5m 56s
Rendered 10856/18723, time remaining: 5m 56s
Rendered 10857/18723, time remaining: 5m 56s
Rendered 10858/18723, time remaining: 5m 56s
Rendered 10859/18723, time remaining: 5m 56s
Rendered 10860/18723, time remaining: 5m 56s
Rendered 10861/18723, time remaining: 5m 59s
Rendered 10862/18723, time remaining: 5m 54s
Rendered 10863/18723, time remaining: 5m 54s
Rendered 10864/18723, time remaining: 5m 55s
Rendered 10865/18723, time remaining: 5m 58s
Rendered 10866/18723, time remaining: 5m 59s
Rendered 10867/18723, time remaining: 6m 1s
Rendered 10868/18723, time remaining: 5m 55s
Rendered 10869/18723, time remaining: 5m 52s
Rendered 10870/18723, time remaining: 5m 56s
Rendered 10871/18723, time remaining: 5m 54s
Rendered 10872/18723, time remaining: 5m 53s
Rendered 10873/18723, time remaining: 5m 51s
Rendered 10874/18723, time remaining: 5m 53s
Rendered 10875/18723, time remaining: 5m 54s
Rendered 10876/18723, time remaining: 5m 50s
Rendered 10877/18723, time remaining: 5m 51s
Rendered 10878/18723, time remaining: 5m 49s
Rendered 10879/18723, time remaining: 5m 49s
Rendered 10880/18723, time remaining: 5m 46s
Rendered 10881/18723, time remaining: 5m 47s
Rendered 10882/18723, time remaining: 5m 54s
Rendered 10883/18723, time remaining: 5m 54s
Rendered 10884/18723, time remaining: 5m 53s
Rendered 10885/18723, time remaining: 5m 49s
Rendered 10886/18723, time remaining: 5m 42s
Rendered 10887/18723, time remaining: 5m 42s
Rendered 10888/18723, time remaining: 5m 40s
Rendered 10889/18723, time remaining: 5m 43s
Rendered 10890/18723, time remaining: 5m 43s
Rendered 10891/18723, time remaining: 5m 43s
Rendered 10892/18723, time remaining: 5m 46s
Rendered 10893/18723, time remaining: 5m 46s
Rendered 10894/18723, time remaining: 5m 46s
Rendered 10895/18723, time remaining: 5m 40s
Rendered 10896/18723, time remaining: 5m 40s
Rendered 10897/18723, time remaining: 5m 46s
Rendered 10898/18723, time remaining: 5m 45s
Rendered 10899/18723, time remaining: 5m 39s
Rendered 10900/18723, time remaining: 5m 42s
Rendered 10901/18723, time remaining: 5m 42s
Rendered 10902/18723, time remaining: 5m 42s
Rendered 10903/18723, time remaining: 5m 42s
Rendered 10904/18723, time remaining: 5m 44s
Rendered 10905/18723, time remaining: 5m 44s
Rendered 10906/18723, time remaining: 5m 46s
Rendered 10907/18723, time remaining: 5m 42s
Rendered 10908/18723, time remaining: 5m 41s
Rendered 10909/18723, time remaining: 5m 41s
Rendered 10910/18723, time remaining: 5m 41s
Rendered 10911/18723, time remaining: 5m 41s
Rendered 10912/18723, time remaining: 5m 45s
Rendered 10913/18723, time remaining: 5m 42s
Rendered 10914/18723, time remaining: 5m 40s
Rendered 10915/18723, time remaining: 5m 46s
Rendered 10916/18723, time remaining: 5m 44s
Rendered 10917/18723, time remaining: 5m 46s
Rendered 10918/18723, time remaining: 5m 46s
Rendered 10919/18723, time remaining: 5m 39s
Rendered 10920/18723, time remaining: 5m 39s
Rendered 10921/18723, time remaining: 5m 40s
Rendered 10922/18723, time remaining: 5m 35s
Rendered 10923/18723, time remaining: 5m 41s
Rendered 10924/18723, time remaining: 5m 42s
Rendered 10925/18723, time remaining: 5m 42s
Rendered 10926/18723, time remaining: 5m 41s
Rendered 10927/18723, time remaining: 5m 36s
Rendered 10928/18723, time remaining: 5m 36s
Rendered 10929/18723, time remaining: 5m 37s
Rendered 10930/18723, time remaining: 5m 38s
Rendered 10931/18723, time remaining: 5m 38s
Rendered 10932/18723, time remaining: 5m 35s
Rendered 10933/18723, time remaining: 5m 35s
Rendered 10934/18723, time remaining: 5m 35s
Rendered 10935/18723, time remaining: 5m 35s
Rendered 10936/18723, time remaining: 5m 34s
Rendered 10937/18723, time remaining: 5m 36s
Rendered 10938/18723, time remaining: 5m 39s
Rendered 10939/18723, time remaining: 5m 35s
Rendered 10940/18723, time remaining: 5m 35s
Rendered 10941/18723, time remaining: 5m 35s
Rendered 10942/18723, time remaining: 5m 37s
Rendered 10943/18723, time remaining: 5m 37s
Rendered 10944/18723, time remaining: 5m 37s
Rendered 10945/18723, time remaining: 5m 40s
Rendered 10946/18723, time remaining: 5m 37s
Rendered 10947/18723, time remaining: 5m 30s
Rendered 10948/18723, time remaining: 5m 28s
Rendered 10949/18723, time remaining: 5m 27s
Rendered 10950/18723, time remaining: 5m 29s
Rendered 10951/18723, time remaining: 5m 30s
Rendered 10952/18723, time remaining: 5m 30s
Rendered 10953/18723, time remaining: 5m 35s
Rendered 10954/18723, time remaining: 5m 31s
Rendered 10955/18723, time remaining: 5m 31s
Rendered 10956/18723, time remaining: 5m 29s
Rendered 10957/18723, time remaining: 5m 28s
Rendered 10958/18723, time remaining: 5m 28s
Rendered 10959/18723, time remaining: 5m 24s
Rendered 10960/18723, time remaining: 5m 29s
Rendered 10961/18723, time remaining: 5m 29s
Rendered 10962/18723, time remaining: 5m 28s
Rendered 10963/18723, time remaining: 5m 30s
Rendered 10964/18723, time remaining: 5m 25s
Rendered 10965/18723, time remaining: 5m 25s
Rendered 10966/18723, time remaining: 5m 29s
Rendered 10967/18723, time remaining: 5m 28s
Rendered 10968/18723, time remaining: 5m 27s
Rendered 10969/18723, time remaining: 5m 27s
Rendered 10970/18723, time remaining: 5m 25s
Rendered 10971/18723, time remaining: 5m 31s
Rendered 10972/18723, time remaining: 5m 21s
Rendered 10973/18723, time remaining: 5m 20s
Rendered 10974/18723, time remaining: 5m 20s
Rendered 10975/18723, time remaining: 5m 22s
Rendered 10976/18723, time remaining: 5m 23s
Rendered 10977/18723, time remaining: 5m 25s
Rendered 10978/18723, time remaining: 5m 27s
Rendered 10979/18723, time remaining: 5m 27s
Rendered 10980/18723, time remaining: 5m 18s
Rendered 10981/18723, time remaining: 5m 18s
Rendered 10982/18723, time remaining: 5m 22s
Rendered 10983/18723, time remaining: 5m 22s
Rendered 10984/18723, time remaining: 5m 21s
Rendered 10985/18723, time remaining: 5m 23s
Rendered 10986/18723, time remaining: 5m 25s
Rendered 10987/18723, time remaining: 5m 21s
Rendered 10988/18723, time remaining: 5m 18s
Rendered 10989/18723, time remaining: 5m 17s
Rendered 10990/18723, time remaining: 5m 17s
Rendered 10991/18723, time remaining: 5m 17s
Rendered 10992/18723, time remaining: 5m 18s
Rendered 10993/18723, time remaining: 5m 22s
Rendered 10994/18723, time remaining: 5m 22s
Rendered 10995/18723, time remaining: 5m 24s
Rendered 10996/18723, time remaining: 5m 12s
Rendered 10997/18723, time remaining: 5m 11s
Rendered 10998/18723, time remaining: 5m 11s
Rendered 10999/18723, time remaining: 5m 15s
Rendered 11000/18723, time remaining: 5m 16s
Rendered 11001/18723, time remaining: 5m 16s
Rendered 11002/18723, time remaining: 5m 18s
Rendered 11003/18723, time remaining: 5m 16s
Rendered 11004/18723, time remaining: 5m 7s
Rendered 11005/18723, time remaining: 5m 11s
Rendered 11006/18723, time remaining: 5m 12s
Rendered 11007/18723, time remaining: 5m 13s
Rendered 11008/18723, time remaining: 5m 14s
Rendered 11009/18723, time remaining: 5m 14s
Rendered 11010/18723, time remaining: 5m 14s
Rendered 11011/18723, time remaining: 5m 9s
Rendered 11012/18723, time remaining: 5m 5s
Rendered 11013/18723, time remaining: 5m 6s
Rendered 11014/18723, time remaining: 5m 16s
Rendered 11015/18723, time remaining: 5m 12s
Rendered 11016/18723, time remaining: 5m 11s
Rendered 11017/18723, time remaining: 5m 8s
Rendered 11018/18723, time remaining: 5m 8s
Rendered 11019/18723, time remaining: 5m 13s
Rendered 11020/18723, time remaining: 5m 8s
Rendered 11021/18723, time remaining: 5m 8s
Rendered 11022/18723, time remaining: 5m 10s
Rendered 11023/18723, time remaining: 5m 10s
Rendered 11024/18723, time remaining: 5m 6s
Rendered 11025/18723, time remaining: 5m 6s
Rendered 11026/18723, time remaining: 5m 8s
Rendered 11027/18723, time remaining: 5m 12s
Rendered 11028/18723, time remaining: 5m 11s
Rendered 11029/18723, time remaining: 5m 13s
Rendered 11030/18723, time remaining: 5m 13s
Rendered 11031/18723, time remaining: 5m 10s
Rendered 11032/18723, time remaining: 5m 6s
Rendered 11033/18723, time remaining: 5m 9s
Rendered 11034/18723, time remaining: 5m 9s
Rendered 11035/18723, time remaining: 5m 7s
Rendered 11036/18723, time remaining: 5m 9s
Rendered 11037/18723, time remaining: 5m 9s
Rendered 11038/18723, time remaining: 5m 9s
Rendered 11039/18723, time remaining: 5m 8s
Rendered 11040/18723, time remaining: 5m 6s
Rendered 11041/18723, time remaining: 5m 10s
Rendered 11042/18723, time remaining: 5m 6s
Rendered 11043/18723, time remaining: 5m 10s
Rendered 11044/18723, time remaining: 5m 10s
Rendered 11045/18723, time remaining: 5m 10s
Rendered 11046/18723, time remaining: 5m 9s
Rendered 11047/18723, time remaining: 5m 4s
Rendered 11048/18723, time remaining: 5m 4s
Rendered 11049/18723, time remaining: 5m 7s
Rendered 11050/18723, time remaining: 5m 8s
Rendered 11051/18723, time remaining: 5m 10s
Rendered 11052/18723, time remaining: 5m 10s
Rendered 11053/18723, time remaining: 5m 10s
Rendered 11054/18723, time remaining: 5m 5s
Rendered 11055/18723, time remaining: 4m 58s
Rendered 11056/18723, time remaining: 4m 57s
Rendered 11057/18723, time remaining: 5m 1s
Rendered 11058/18723, time remaining: 5m 7s
Rendered 11059/18723, time remaining: 5m 7s
Rendered 11060/18723, time remaining: 5m 10s
Rendered 11061/18723, time remaining: 5m 9s
Rendered 11062/18723, time remaining: 5m 1s
Rendered 11063/18723, time remaining: 5m 0s
Rendered 11064/18723, time remaining: 5m 0s
Rendered 11065/18723, time remaining: 4m 58s
Rendered 11066/18723, time remaining: 5m 2s
Rendered 11067/18723, time remaining: 5m 1s
Rendered 11068/18723, time remaining: 5m 1s
Rendered 11069/18723, time remaining: 5m 2s
Rendered 11070/18723, time remaining: 5m 3s
Rendered 11071/18723, time remaining: 5m 3s
Rendered 11072/18723, time remaining: 5m 4s
Rendered 11073/18723, time remaining: 4m 58s
Rendered 11074/18723, time remaining: 4m 57s
Rendered 11075/18723, time remaining: 5m 2s
Rendered 11076/18723, time remaining: 5m 2s
Rendered 11077/18723, time remaining: 5m 2s
Rendered 11078/18723, time remaining: 5m 6s
Rendered 11079/18723, time remaining: 5m 4s
Rendered 11080/18723, time remaining: 4m 56s
Rendered 11081/18723, time remaining: 4m 57s
Rendered 11082/18723, time remaining: 4m 57s
Rendered 11083/18723, time remaining: 5m 1s
Rendered 11084/18723, time remaining: 5m 3s
Rendered 11085/18723, time remaining: 5m 4s
Rendered 11086/18723, time remaining: 5m 1s
Rendered 11087/18723, time remaining: 5m 1s
Rendered 11088/18723, time remaining: 4m 54s
Rendered 11089/18723, time remaining: 4m 51s
Rendered 11090/18723, time remaining: 4m 54s
Rendered 11091/18723, time remaining: 5m 0s
Rendered 11092/18723, time remaining: 5m 0s
Rendered 11093/18723, time remaining: 5m 1s
Rendered 11094/18723, time remaining: 5m 2s
Rendered 11095/18723, time remaining: 4m 59s
Rendered 11096/18723, time remaining: 4m 57s
Rendered 11097/18723, time remaining: 4m 56s
Rendered 11098/18723, time remaining: 4m 56s
Rendered 11099/18723, time remaining: 5m 1s
Rendered 11100/18723, time remaining: 5m 0s
Rendered 11101/18723, time remaining: 5m 3s
Rendered 11102/18723, time remaining: 5m 3s
Rendered 11103/18723, time remaining: 4m 59s
Rendered 11104/18723, time remaining: 4m 58s
Rendered 11105/18723, time remaining: 4m 52s
Rendered 11106/18723, time remaining: 4m 58s
Rendered 11107/18723, time remaining: 4m 58s
Rendered 11108/18723, time remaining: 5m 3s
Rendered 11109/18723, time remaining: 5m 4s
Rendered 11110/18723, time remaining: 5m 3s
Rendered 11111/18723, time remaining: 5m 2s
Rendered 11112/18723, time remaining: 5m 2s
Rendered 11113/18723, time remaining: 4m 57s
Rendered 11114/18723, time remaining: 4m 57s
Rendered 11115/18723, time remaining: 4m 57s
Rendered 11116/18723, time remaining: 5m 1s
Rendered 11117/18723, time remaining: 5m 1s
Rendered 11118/18723, time remaining: 5m 2s
Rendered 11119/18723, time remaining: 5m 4s
Rendered 11120/18723, time remaining: 5m 2s
Rendered 11121/18723, time remaining: 4m 56s
Rendered 11122/18723, time remaining: 4m 57s
Rendered 11123/18723, time remaining: 5m 1s
Rendered 11124/18723, time remaining: 5m 2s
Rendered 11125/18723, time remaining: 5m 4s
Rendered 11126/18723, time remaining: 5m 6s
Rendered 11127/18723, time remaining: 5m 3s
Rendered 11128/18723, time remaining: 5m 2s
Rendered 11129/18723, time remaining: 4m 56s
Rendered 11130/18723, time remaining: 4m 56s
Rendered 11131/18723, time remaining: 5m 1s
Rendered 11132/18723, time remaining: 5m 4s
Rendered 11133/18723, time remaining: 5m 4s
Rendered 11134/18723, time remaining: 5m 4s
Rendered 11135/18723, time remaining: 5m 3s
Rendered 11136/18723, time remaining: 5m 3s
Rendered 11137/18723, time remaining: 5m 2s
Rendered 11138/18723, time remaining: 4m 55s
Rendered 11139/18723, time remaining: 5m 0s
Rendered 11140/18723, time remaining: 5m 1s
Rendered 11141/18723, time remaining: 5m 5s
Rendered 11142/18723, time remaining: 5m 3s
Rendered 11143/18723, time remaining: 5m 1s
Rendered 11144/18723, time remaining: 5m 1s
Rendered 11145/18723, time remaining: 4m 59s
Rendered 11146/18723, time remaining: 5m 2s
Rendered 11147/18723, time remaining: 5m 3s
Rendered 11148/18723, time remaining: 5m 9s
Rendered 11149/18723, time remaining: 5m 5s
Rendered 11150/18723, time remaining: 5m 3s
Rendered 11151/18723, time remaining: 5m 2s
Rendered 11152/18723, time remaining: 5m 1s
Rendered 11153/18723, time remaining: 4m 58s
Rendered 11154/18723, time remaining: 4m 58s
Rendered 11155/18723, time remaining: 4m 59s
Rendered 11156/18723, time remaining: 5m 5s
Rendered 11157/18723, time remaining: 5m 3s
Rendered 11158/18723, time remaining: 5m 4s
Rendered 11159/18723, time remaining: 5m 4s
Rendered 11160/18723, time remaining: 5m 4s
Rendered 11161/18723, time remaining: 5m 4s
Rendered 11162/18723, time remaining: 5m 1s
Rendered 11163/18723, time remaining: 5m 3s
Rendered 11164/18723, time remaining: 5m 3s
Rendered 11165/18723, time remaining: 5m 4s
Rendered 11166/18723, time remaining: 5m 5s
Rendered 11167/18723, time remaining: 5m 5s
Rendered 11168/18723, time remaining: 5m 5s
Rendered 11169/18723, time remaining: 5m 6s
Rendered 11170/18723, time remaining: 5m 2s
Rendered 11171/18723, time remaining: 5m 5s
Rendered 11172/18723, time remaining: 5m 7s
Rendered 11173/18723, time remaining: 5m 7s
Rendered 11174/18723, time remaining: 5m 7s
Rendered 11175/18723, time remaining: 5m 7s
Rendered 11176/18723, time remaining: 5m 4s
Rendered 11177/18723, time remaining: 5m 4s
Rendered 11178/18723, time remaining: 5m 2s
Rendered 11179/18723, time remaining: 5m 0s
Rendered 11180/18723, time remaining: 5m 9s
Rendered 11181/18723, time remaining: 5m 10s
Rendered 11182/18723, time remaining: 5m 6s
Rendered 11183/18723, time remaining: 5m 4s
Rendered 11184/18723, time remaining: 5m 7s
Rendered 11185/18723, time remaining: 5m 6s
Rendered 11186/18723, time remaining: 5m 3s
Rendered 11187/18723, time remaining: 5m 3s
Rendered 11188/18723, time remaining: 5m 9s
Rendered 11189/18723, time remaining: 5m 10s
Rendered 11190/18723, time remaining: 5m 11s
Rendered 11191/18723, time remaining: 5m 7s
Rendered 11192/18723, time remaining: 5m 6s
Rendered 11193/18723, time remaining: 5m 3s
Rendered 11194/18723, time remaining: 5m 3s
Rendered 11195/18723, time remaining: 5m 6s
Rendered 11196/18723, time remaining: 5m 4s
Rendered 11197/18723, time remaining: 5m 9s
Rendered 11198/18723, time remaining: 5m 9s
Rendered 11199/18723, time remaining: 5m 5s
Rendered 11200/18723, time remaining: 5m 2s
Rendered 11201/18723, time remaining: 5m 0s
Rendered 11202/18723, time remaining: 5m 1s
Rendered 11203/18723, time remaining: 5m 6s
Rendered 11204/18723, time remaining: 5m 7s
Rendered 11205/18723, time remaining: 5m 10s
Rendered 11206/18723, time remaining: 5m 10s
Rendered 11207/18723, time remaining: 5m 5s
Rendered 11208/18723, time remaining: 5m 0s
Rendered 11209/18723, time remaining: 5m 3s
Rendered 11210/18723, time remaining: 5m 2s
Rendered 11211/18723, time remaining: 5m 4s
Rendered 11212/18723, time remaining: 5m 6s
Rendered 11213/18723, time remaining: 5m 6s
Rendered 11214/18723, time remaining: 5m 7s
Rendered 11215/18723, time remaining: 5m 3s
Rendered 11216/18723, time remaining: 5m 2s
Rendered 11217/18723, time remaining: 5m 2s
Rendered 11218/18723, time remaining: 5m 7s
Rendered 11219/18723, time remaining: 5m 6s
Rendered 11220/18723, time remaining: 5m 2s
Rendered 11221/18723, time remaining: 5m 5s
Rendered 11222/18723, time remaining: 5m 4s
Rendered 11223/18723, time remaining: 5m 1s
Rendered 11224/18723, time remaining: 5m 1s
Rendered 11225/18723, time remaining: 5m 5s
Rendered 11226/18723, time remaining: 5m 5s
Rendered 11227/18723, time remaining: 5m 6s
Rendered 11228/18723, time remaining: 5m 3s
Rendered 11229/18723, time remaining: 5m 3s
Rendered 11230/18723, time remaining: 5m 3s
Rendered 11231/18723, time remaining: 4m 57s
Rendered 11232/18723, time remaining: 5m 1s
Rendered 11233/18723, time remaining: 5m 4s
Rendered 11234/18723, time remaining: 5m 5s
Rendered 11235/18723, time remaining: 5m 4s
Rendered 11236/18723, time remaining: 5m 4s
Rendered 11237/18723, time remaining: 5m 2s
Rendered 11238/18723, time remaining: 5m 2s
Rendered 11239/18723, time remaining: 5m 6s
Rendered 11240/18723, time remaining: 5m 7s
Rendered 11241/18723, time remaining: 5m 2s
Rendered 11242/18723, time remaining: 5m 2s
Rendered 11243/18723, time remaining: 5m 1s
Rendered 11244/18723, time remaining: 5m 1s
Rendered 11245/18723, time remaining: 5m 1s
Rendered 11246/18723, time remaining: 5m 0s
Rendered 11247/18723, time remaining: 5m 2s
Rendered 11248/18723, time remaining: 5m 6s
Rendered 11249/18723, time remaining: 5m 3s
Rendered 11250/18723, time remaining: 5m 2s
Rendered 11251/18723, time remaining: 4m 59s
Rendered 11252/18723, time remaining: 4m 59s
Rendered 11253/18723, time remaining: 4m 59s
Rendered 11254/18723, time remaining: 4m 59s
Rendered 11255/18723, time remaining: 5m 3s
Rendered 11256/18723, time remaining: 5m 1s
Rendered 11257/18723, time remaining: 5m 4s
Rendered 11258/18723, time remaining: 4m 59s
Rendered 11259/18723, time remaining: 4m 58s
Rendered 11260/18723, time remaining: 4m 56s
Rendered 11261/18723, time remaining: 4m 57s
Rendered 11262/18723, time remaining: 4m 57s
Rendered 11263/18723, time remaining: 4m 58s
Rendered 11264/18723, time remaining: 5m 4s
Rendered 11265/18723, time remaining: 5m 7s
Rendered 11266/18723, time remaining: 4m 58s
Rendered 11267/18723, time remaining: 4m 59s
Rendered 11268/18723, time remaining: 4m 58s
Rendered 11269/18723, time remaining: 5m 0s
Rendered 11270/18723, time remaining: 5m 0s
Rendered 11271/18723, time remaining: 5m 0s
Rendered 11272/18723, time remaining: 4m 59s
Rendered 11273/18723, time remaining: 5m 1s
Rendered 11274/18723, time remaining: 4m 59s
Rendered 11275/18723, time remaining: 5m 0s
Rendered 11276/18723, time remaining: 4m 57s
Rendered 11277/18723, time remaining: 4m 57s
Rendered 11278/18723, time remaining: 5m 0s
Rendered 11279/18723, time remaining: 5m 1s
Rendered 11280/18723, time remaining: 5m 1s
Rendered 11281/18723, time remaining: 4m 57s
Rendered 11282/18723, time remaining: 4m 57s
Rendered 11283/18723, time remaining: 4m 57s
Rendered 11284/18723, time remaining: 4m 57s
Rendered 11285/18723, time remaining: 4m 57s
Rendered 11286/18723, time remaining: 4m 56s
Rendered 11287/18723, time remaining: 4m 56s
Rendered 11288/18723, time remaining: 4m 57s
Rendered 11289/18723, time remaining: 5m 0s
Rendered 11290/18723, time remaining: 5m 1s
Rendered 11291/18723, time remaining: 4m 57s
Rendered 11292/18723, time remaining: 4m 57s
Rendered 11293/18723, time remaining: 4m 57s
Rendered 11294/18723, time remaining: 5m 1s
Rendered 11295/18723, time remaining: 4m 59s
Rendered 11296/18723, time remaining: 4m 56s
Rendered 11297/18723, time remaining: 5m 0s
Rendered 11298/18723, time remaining: 4m 53s
Rendered 11299/18723, time remaining: 4m 53s
Rendered 11300/18723, time remaining: 4m 55s
Rendered 11301/18723, time remaining: 4m 58s
Rendered 11302/18723, time remaining: 4m 59s
Rendered 11303/18723, time remaining: 5m 3s
Rendered 11304/18723, time remaining: 5m 3s
Rendered 11305/18723, time remaining: 5m 1s
Rendered 11306/18723, time remaining: 4m 54s
Rendered 11307/18723, time remaining: 4m 55s
Rendered 11308/18723, time remaining: 4m 54s
Rendered 11309/18723, time remaining: 4m 59s
Rendered 11310/18723, time remaining: 4m 59s
Rendered 11311/18723, time remaining: 4m 59s
Rendered 11312/18723, time remaining: 4m 59s
Rendered 11313/18723, time remaining: 5m 6s
Rendered 11314/18723, time remaining: 4m 59s
Rendered 11315/18723, time remaining: 4m 58s
Rendered 11316/18723, time remaining: 4m 58s
Rendered 11317/18723, time remaining: 4m 58s
Rendered 11318/18723, time remaining: 4m 57s
Rendered 11319/18723, time remaining: 4m 53s
Rendered 11320/18723, time remaining: 4m 57s
Rendered 11321/18723, time remaining: 5m 2s
Rendered 11322/18723, time remaining: 4m 58s
Rendered 11323/18723, time remaining: 4m 58s
Rendered 11324/18723, time remaining: 4m 58s
Rendered 11325/18723, time remaining: 4m 58s
Rendered 11326/18723, time remaining: 4m 58s
Rendered 11327/18723, time remaining: 5m 0s
Rendered 11328/18723, time remaining: 5m 0s
Rendered 11329/18723, time remaining: 5m 5s
Rendered 11330/18723, time remaining: 4m 56s
Rendered 11331/18723, time remaining: 4m 55s
Rendered 11332/18723, time remaining: 4m 59s
Rendered 11333/18723, time remaining: 4m 59s
Rendered 11334/18723, time remaining: 4m 57s
Rendered 11335/18723, time remaining: 4m 57s
Rendered 11336/18723, time remaining: 4m 57s
Rendered 11337/18723, time remaining: 5m 1s
Rendered 11338/18723, time remaining: 4m 57s
Rendered 11339/18723, time remaining: 4m 53s
Rendered 11340/18723, time remaining: 4m 56s
Rendered 11341/18723, time remaining: 4m 56s
Rendered 11342/18723, time remaining: 4m 56s
Rendered 11343/18723, time remaining: 5m 2s
Rendered 11344/18723, time remaining: 5m 1s
Rendered 11345/18723, time remaining: 5m 4s
Rendered 11346/18723, time remaining: 5m 5s
Rendered 11347/18723, time remaining: 4m 59s
Rendered 11348/18723, time remaining: 4m 59s
Rendered 11349/18723, time remaining: 5m 1s
Rendered 11350/18723, time remaining: 5m 1s
Rendered 11351/18723, time remaining: 5m 7s
Rendered 11352/18723, time remaining: 5m 7s
Rendered 11353/18723, time remaining: 5m 3s
Rendered 11354/18723, time remaining: 5m 8s
Rendered 11355/18723, time remaining: 5m 9s
Rendered 11356/18723, time remaining: 5m 9s
Rendered 11357/18723, time remaining: 5m 9s
Rendered 11358/18723, time remaining: 5m 9s
Rendered 11359/18723, time remaining: 5m 6s
Rendered 11360/18723, time remaining: 5m 8s
Rendered 11361/18723, time remaining: 5m 6s
Rendered 11362/18723, time remaining: 5m 6s
Rendered 11363/18723, time remaining: 5m 11s
Rendered 11364/18723, time remaining: 5m 10s
Rendered 11365/18723, time remaining: 5m 10s
Rendered 11366/18723, time remaining: 5m 7s
Rendered 11367/18723, time remaining: 5m 11s
Rendered 11368/18723, time remaining: 5m 8s
Rendered 11369/18723, time remaining: 5m 9s
Rendered 11370/18723, time remaining: 5m 11s
Rendered 11371/18723, time remaining: 5m 9s
Rendered 11372/18723, time remaining: 5m 13s
Rendered 11373/18723, time remaining: 5m 12s
Rendered 11374/18723, time remaining: 5m 15s
Rendered 11375/18723, time remaining: 5m 13s
Rendered 11376/18723, time remaining: 5m 15s
Rendered 11377/18723, time remaining: 5m 13s
Rendered 11378/18723, time remaining: 5m 14s
Rendered 11379/18723, time remaining: 5m 13s
Rendered 11380/18723, time remaining: 5m 14s
Rendered 11381/18723, time remaining: 5m 17s
Rendered 11382/18723, time remaining: 5m 15s
Rendered 11383/18723, time remaining: 5m 18s
Rendered 11384/18723, time remaining: 5m 17s
Rendered 11385/18723, time remaining: 5m 18s
Rendered 11386/18723, time remaining: 5m 18s
Rendered 11387/18723, time remaining: 5m 18s
Rendered 11388/18723, time remaining: 5m 17s
Rendered 11389/18723, time remaining: 5m 19s
Rendered 11390/18723, time remaining: 5m 22s
Rendered 11391/18723, time remaining: 5m 21s
Rendered 11392/18723, time remaining: 5m 19s
Rendered 11393/18723, time remaining: 5m 22s
Rendered 11394/18723, time remaining: 5m 22s
Rendered 11395/18723, time remaining: 5m 21s
Rendered 11396/18723, time remaining: 5m 23s
Rendered 11397/18723, time remaining: 5m 22s
Rendered 11398/18723, time remaining: 5m 20s
Rendered 11399/18723, time remaining: 5m 21s
Rendered 11400/18723, time remaining: 5m 22s
Rendered 11401/18723, time remaining: 5m 21s
Rendered 11402/18723, time remaining: 5m 22s
Rendered 11403/18723, time remaining: 5m 22s
Rendered 11404/18723, time remaining: 5m 27s
Rendered 11405/18723, time remaining: 5m 23s
Rendered 11406/18723, time remaining: 5m 23s
Rendered 11407/18723, time remaining: 5m 20s
Rendered 11408/18723, time remaining: 5m 24s
Rendered 11409/18723, time remaining: 5m 24s
Rendered 11410/18723, time remaining: 5m 25s
Rendered 11411/18723, time remaining: 5m 24s
Rendered 11412/18723, time remaining: 5m 24s
Rendered 11413/18723, time remaining: 5m 24s
Rendered 11414/18723, time remaining: 5m 22s
Rendered 11415/18723, time remaining: 5m 20s
Rendered 11416/18723, time remaining: 5m 24s
Rendered 11417/18723, time remaining: 5m 24s
Rendered 11418/18723, time remaining: 5m 25s
Rendered 11419/18723, time remaining: 5m 21s
Rendered 11420/18723, time remaining: 5m 24s
Rendered 11421/18723, time remaining: 5m 24s
Rendered 11422/18723, time remaining: 5m 26s
Rendered 11423/18723, time remaining: 5m 22s
Rendered 11424/18723, time remaining: 5m 27s
Rendered 11425/18723, time remaining: 5m 22s
Rendered 11426/18723, time remaining: 5m 22s
Rendered 11427/18723, time remaining: 5m 22s
Rendered 11428/18723, time remaining: 5m 28s
Rendered 11429/18723, time remaining: 5m 28s
Rendered 11430/18723, time remaining: 5m 28s
Rendered 11431/18723, time remaining: 5m 27s
Rendered 11432/18723, time remaining: 5m 19s
Rendered 11433/18723, time remaining: 5m 23s
Rendered 11434/18723, time remaining: 5m 23s
Rendered 11435/18723, time remaining: 5m 26s
Rendered 11436/18723, time remaining: 5m 31s
Rendered 11437/18723, time remaining: 5m 31s
Rendered 11438/18723, time remaining: 5m 31s
Rendered 11439/18723, time remaining: 5m 25s
Rendered 11440/18723, time remaining: 5m 23s
Rendered 11441/18723, time remaining: 5m 22s
Rendered 11442/18723, time remaining: 5m 27s
Rendered 11443/18723, time remaining: 5m 26s
Rendered 11444/18723, time remaining: 5m 32s
Rendered 11445/18723, time remaining: 5m 30s
Rendered 11446/18723, time remaining: 5m 30s
Rendered 11447/18723, time remaining: 5m 26s
Rendered 11448/18723, time remaining: 5m 26s
Rendered 11449/18723, time remaining: 5m 30s
Rendered 11450/18723, time remaining: 5m 28s
Rendered 11451/18723, time remaining: 5m 26s
Rendered 11452/18723, time remaining: 5m 31s
Rendered 11453/18723, time remaining: 5m 28s
Rendered 11454/18723, time remaining: 5m 30s
Rendered 11455/18723, time remaining: 5m 28s
Rendered 11456/18723, time remaining: 5m 28s
Rendered 11457/18723, time remaining: 5m 26s
Rendered 11458/18723, time remaining: 5m 27s
Rendered 11459/18723, time remaining: 5m 21s
Rendered 11460/18723, time remaining: 5m 25s
Rendered 11461/18723, time remaining: 5m 30s
Rendered 11462/18723, time remaining: 5m 30s
Rendered 11463/18723, time remaining: 5m 21s
Rendered 11464/18723, time remaining: 5m 18s
Rendered 11465/18723, time remaining: 5m 22s
Rendered 11466/18723, time remaining: 5m 22s
Rendered 11467/18723, time remaining: 5m 22s
Rendered 11468/18723, time remaining: 5m 23s
Rendered 11469/18723, time remaining: 5m 32s
Rendered 11470/18723, time remaining: 5m 27s
Rendered 11471/18723, time remaining: 5m 19s
Rendered 11472/18723, time remaining: 5m 19s
Rendered 11473/18723, time remaining: 5m 19s
Rendered 11474/18723, time remaining: 5m 26s
Rendered 11475/18723, time remaining: 5m 25s
Rendered 11476/18723, time remaining: 5m 24s
Rendered 11477/18723, time remaining: 5m 18s
Rendered 11478/18723, time remaining: 5m 18s
Rendered 11479/18723, time remaining: 5m 19s
Rendered 11480/18723, time remaining: 5m 20s
Rendered 11481/18723, time remaining: 5m 20s
Rendered 11482/18723, time remaining: 5m 22s
Rendered 11483/18723, time remaining: 5m 22s
Rendered 11484/18723, time remaining: 5m 22s
Rendered 11485/18723, time remaining: 5m 22s
Rendered 11486/18723, time remaining: 5m 22s
Rendered 11487/18723, time remaining: 5m 18s
Rendered 11488/18723, time remaining: 5m 20s
Rendered 11489/18723, time remaining: 5m 22s
Rendered 11490/18723, time remaining: 5m 22s
Rendered 11491/18723, time remaining: 5m 23s
Rendered 11492/18723, time remaining: 5m 25s
Rendered 11493/18723, time remaining: 5m 19s
Rendered 11494/18723, time remaining: 5m 19s
Rendered 11495/18723, time remaining: 5m 14s
Rendered 11496/18723, time remaining: 5m 14s
Rendered 11497/18723, time remaining: 5m 14s
Rendered 11498/18723, time remaining: 5m 19s
Rendered 11499/18723, time remaining: 5m 17s
Rendered 11500/18723, time remaining: 5m 23s
Rendered 11501/18723, time remaining: 5m 16s
Rendered 11502/18723, time remaining: 5m 16s
Rendered 11503/18723, time remaining: 5m 13s
Rendered 11504/18723, time remaining: 5m 8s
Rendered 11505/18723, time remaining: 5m 9s
Rendered 11506/18723, time remaining: 5m 16s
Rendered 11507/18723, time remaining: 5m 17s
Rendered 11508/18723, time remaining: 5m 17s
Rendered 11509/18723, time remaining: 5m 17s
Rendered 11510/18723, time remaining: 5m 12s
Rendered 11511/18723, time remaining: 5m 13s
Rendered 11512/18723, time remaining: 5m 15s
Rendered 11513/18723, time remaining: 5m 13s
Rendered 11514/18723, time remaining: 5m 16s
Rendered 11515/18723, time remaining: 5m 15s
Rendered 11516/18723, time remaining: 5m 22s
Rendered 11517/18723, time remaining: 5m 18s
Rendered 11518/18723, time remaining: 5m 14s
Rendered 11519/18723, time remaining: 5m 13s
Rendered 11520/18723, time remaining: 5m 11s
Rendered 11521/18723, time remaining: 5m 13s
Rendered 11522/18723, time remaining: 5m 15s
Rendered 11523/18723, time remaining: 5m 16s
Rendered 11524/18723, time remaining: 5m 24s
Rendered 11525/18723, time remaining: 5m 18s
Rendered 11526/18723, time remaining: 5m 16s
Rendered 11527/18723, time remaining: 5m 20s
Rendered 11528/18723, time remaining: 5m 20s
Rendered 11529/18723, time remaining: 5m 27s
Rendered 11530/18723, time remaining: 5m 33s
Rendered 11531/18723, time remaining: 5m 31s
Rendered 11532/18723, time remaining: 5m 30s
Rendered 11533/18723, time remaining: 5m 20s
Rendered 11534/18723, time remaining: 5m 24s
Rendered 11535/18723, time remaining: 5m 24s
Rendered 11536/18723, time remaining: 5m 29s
Rendered 11537/18723, time remaining: 5m 32s
Rendered 11538/18723, time remaining: 5m 32s
Rendered 11539/18723, time remaining: 5m 28s
Rendered 11540/18723, time remaining: 5m 26s
Rendered 11541/18723, time remaining: 5m 29s
Rendered 11542/18723, time remaining: 5m 34s
Rendered 11543/18723, time remaining: 5m 31s
Rendered 11544/18723, time remaining: 5m 32s
Rendered 11545/18723, time remaining: 5m 32s
Rendered 11546/18723, time remaining: 5m 33s
Rendered 11547/18723, time remaining: 5m 36s
Rendered 11548/18723, time remaining: 5m 40s
Rendered 11549/18723, time remaining: 5m 37s
Rendered 11550/18723, time remaining: 5m 36s
Rendered 11551/18723, time remaining: 5m 35s
Rendered 11552/18723, time remaining: 5m 35s
Rendered 11553/18723, time remaining: 5m 34s
Rendered 11554/18723, time remaining: 5m 32s
Rendered 11555/18723, time remaining: 5m 41s
Rendered 11556/18723, time remaining: 5m 38s
Rendered 11557/18723, time remaining: 5m 38s
Rendered 11558/18723, time remaining: 5m 34s
Rendered 11559/18723, time remaining: 5m 37s
Rendered 11560/18723, time remaining: 5m 36s
Rendered 11561/18723, time remaining: 5m 36s
Rendered 11562/18723, time remaining: 5m 40s
Rendered 11563/18723, time remaining: 5m 39s
Rendered 11564/18723, time remaining: 5m 35s
Rendered 11565/18723, time remaining: 5m 36s
Rendered 11566/18723, time remaining: 5m 32s
Rendered 11567/18723, time remaining: 5m 33s
Rendered 11568/18723, time remaining: 5m 31s
Rendered 11569/18723, time remaining: 5m 32s
Rendered 11570/18723, time remaining: 5m 30s
Rendered 11571/18723, time remaining: 5m 41s
Rendered 11572/18723, time remaining: 5m 38s
Rendered 11573/18723, time remaining: 5m 40s
Rendered 11574/18723, time remaining: 5m 35s
Rendered 11575/18723, time remaining: 5m 35s
Rendered 11576/18723, time remaining: 5m 36s
Rendered 11577/18723, time remaining: 5m 36s
Rendered 11578/18723, time remaining: 5m 29s
Rendered 11579/18723, time remaining: 5m 31s
Rendered 11580/18723, time remaining: 5m 39s
Rendered 11581/18723, time remaining: 5m 42s
Rendered 11582/18723, time remaining: 5m 42s
Rendered 11583/18723, time remaining: 5m 39s
Rendered 11584/18723, time remaining: 5m 39s
Rendered 11585/18723, time remaining: 5m 37s
Rendered 11586/18723, time remaining: 5m 32s
Rendered 11587/18723, time remaining: 5m 32s
Rendered 11588/18723, time remaining: 5m 33s
Rendered 11589/18723, time remaining: 5m 44s
Rendered 11590/18723, time remaining: 5m 44s
Rendered 11591/18723, time remaining: 5m 44s
Rendered 11592/18723, time remaining: 5m 40s
Rendered 11593/18723, time remaining: 5m 40s
Rendered 11594/18723, time remaining: 5m 30s
Rendered 11595/18723, time remaining: 5m 30s
Rendered 11596/18723, time remaining: 5m 41s
Rendered 11597/18723, time remaining: 5m 47s
Rendered 11598/18723, time remaining: 5m 52s
Rendered 11599/18723, time remaining: 5m 48s
Rendered 11600/18723, time remaining: 5m 49s
Rendered 11601/18723, time remaining: 5m 49s
Rendered 11602/18723, time remaining: 5m 49s
Rendered 11603/18723, time remaining: 5m 48s
Rendered 11604/18723, time remaining: 5m 48s
Rendered 11605/18723, time remaining: 5m 51s
Rendered 11606/18723, time remaining: 5m 51s
Rendered 11607/18723, time remaining: 5m 59s
Rendered 11608/18723, time remaining: 5m 57s
Rendered 11609/18723, time remaining: 5m 57s
Rendered 11610/18723, time remaining: 5m 53s
Rendered 11611/18723, time remaining: 5m 48s
Rendered 11612/18723, time remaining: 5m 48s
Rendered 11613/18723, time remaining: 5m 53s
Rendered 11614/18723, time remaining: 5m 55s
Rendered 11615/18723, time remaining: 5m 55s
Rendered 11616/18723, time remaining: 5m 57s
Rendered 11617/18723, time remaining: 6m 2s
Rendered 11618/18723, time remaining: 6m 1s
Rendered 11619/18723, time remaining: 5m 53s
Rendered 11620/18723, time remaining: 5m 53s
Rendered 11621/18723, time remaining: 5m 59s
Rendered 11622/18723, time remaining: 6m 1s
Rendered 11623/18723, time remaining: 6m 3s
Rendered 11624/18723, time remaining: 6m 4s
Rendered 11625/18723, time remaining: 6m 4s
Rendered 11626/18723, time remaining: 6m 4s
Rendered 11627/18723, time remaining: 6m 4s
Rendered 11628/18723, time remaining: 6m 8s
Rendered 11629/18723, time remaining: 6m 4s
Rendered 11630/18723, time remaining: 6m 5s
Rendered 11631/18723, time remaining: 6m 4s
Rendered 11632/18723, time remaining: 6m 10s
Rendered 11633/18723, time remaining: 6m 11s
Rendered 11634/18723, time remaining: 6m 10s
Rendered 11635/18723, time remaining: 6m 10s
Rendered 11636/18723, time remaining: 6m 10s
Rendered 11637/18723, time remaining: 6m 10s
Rendered 11638/18723, time remaining: 6m 6s
Rendered 11639/18723, time remaining: 6m 10s
Rendered 11640/18723, time remaining: 6m 14s
Rendered 11641/18723, time remaining: 6m 13s
Rendered 11642/18723, time remaining: 6m 11s
Rendered 11643/18723, time remaining: 6m 11s
Rendered 11644/18723, time remaining: 6m 13s
Rendered 11645/18723, time remaining: 6m 15s
Rendered 11646/18723, time remaining: 6m 13s
Rendered 11647/18723, time remaining: 6m 17s
Rendered 11648/18723, time remaining: 6m 14s
Rendered 11649/18723, time remaining: 6m 17s
Rendered 11650/18723, time remaining: 6m 11s
Rendered 11651/18723, time remaining: 6m 10s
Rendered 11652/18723, time remaining: 6m 13s
Rendered 11653/18723, time remaining: 6m 15s
Rendered 11654/18723, time remaining: 6m 14s
Rendered 11655/18723, time remaining: 6m 11s
Rendered 11656/18723, time remaining: 6m 10s
Rendered 11657/18723, time remaining: 6m 10s
Rendered 11658/18723, time remaining: 6m 12s
Rendered 11659/18723, time remaining: 6m 12s
Rendered 11660/18723, time remaining: 6m 12s
Rendered 11661/18723, time remaining: 6m 12s
Rendered 11662/18723, time remaining: 6m 8s
Rendered 11663/18723, time remaining: 6m 8s
Rendered 11664/18723, time remaining: 6m 12s
Rendered 11665/18723, time remaining: 6m 16s
Rendered 11666/18723, time remaining: 6m 8s
Rendered 11667/18723, time remaining: 6m 8s
Rendered 11668/18723, time remaining: 6m 9s
Rendered 11669/18723, time remaining: 6m 10s
Rendered 11670/18723, time remaining: 6m 11s
Rendered 11671/18723, time remaining: 6m 8s
Rendered 11672/18723, time remaining: 6m 7s
Rendered 11673/18723, time remaining: 6m 9s
Rendered 11674/18723, time remaining: 5m 58s
Rendered 11675/18723, time remaining: 5m 58s
Rendered 11676/18723, time remaining: 5m 58s
Rendered 11677/18723, time remaining: 6m 2s
Rendered 11678/18723, time remaining: 6m 1s
Rendered 11679/18723, time remaining: 5m 54s
Rendered 11680/18723, time remaining: 5m 48s
Rendered 11681/18723, time remaining: 5m 48s
Rendered 11682/18723, time remaining: 5m 54s
Rendered 11683/18723, time remaining: 5m 53s
Rendered 11684/18723, time remaining: 5m 48s
Rendered 11685/18723, time remaining: 5m 53s
Rendered 11686/18723, time remaining: 5m 48s
Rendered 11687/18723, time remaining: 5m 45s
Rendered 11688/18723, time remaining: 5m 49s
Rendered 11689/18723, time remaining: 5m 48s
Rendered 11690/18723, time remaining: 5m 45s
Rendered 11691/18723, time remaining: 5m 42s
Rendered 11692/18723, time remaining: 5m 37s
Rendered 11693/18723, time remaining: 5m 42s
Rendered 11694/18723, time remaining: 5m 44s
Rendered 11695/18723, time remaining: 5m 43s
Rendered 11696/18723, time remaining: 5m 39s
Rendered 11697/18723, time remaining: 5m 35s
Rendered 11698/18723, time remaining: 5m 30s
Rendered 11699/18723, time remaining: 5m 30s
Rendered 11700/18723, time remaining: 5m 34s
Rendered 11701/18723, time remaining: 5m 39s
Rendered 11702/18723, time remaining: 5m 39s
Rendered 11703/18723, time remaining: 5m 39s
Rendered 11704/18723, time remaining: 5m 36s
Rendered 11705/18723, time remaining: 5m 30s
Rendered 11706/18723, time remaining: 5m 31s
Rendered 11707/18723, time remaining: 5m 34s
Rendered 11708/18723, time remaining: 5m 33s
Rendered 11709/18723, time remaining: 5m 36s
Rendered 11710/18723, time remaining: 5m 36s
Rendered 11711/18723, time remaining: 5m 36s
Rendered 11712/18723, time remaining: 5m 32s
Rendered 11713/18723, time remaining: 5m 32s
Rendered 11714/18723, time remaining: 5m 32s
Rendered 11715/18723, time remaining: 5m 30s
Rendered 11716/18723, time remaining: 5m 32s
Rendered 11717/18723, time remaining: 5m 35s
Rendered 11718/18723, time remaining: 5m 36s
Rendered 11719/18723, time remaining: 5m 37s
Rendered 11720/18723, time remaining: 5m 40s
Rendered 11721/18723, time remaining: 5m 30s
Rendered 11722/18723, time remaining: 5m 29s
Rendered 11723/18723, time remaining: 5m 26s
Rendered 11724/18723, time remaining: 5m 29s
Rendered 11725/18723, time remaining: 5m 33s
Rendered 11726/18723, time remaining: 5m 33s
Rendered 11727/18723, time remaining: 5m 33s
Rendered 11728/18723, time remaining: 5m 32s
Rendered 11729/18723, time remaining: 5m 32s
Rendered 11730/18723, time remaining: 5m 27s
Rendered 11731/18723, time remaining: 5m 25s
Rendered 11732/18723, time remaining: 5m 26s
Rendered 11733/18723, time remaining: 5m 29s
Rendered 11734/18723, time remaining: 5m 28s
Rendered 11735/18723, time remaining: 5m 27s
Rendered 11736/18723, time remaining: 5m 24s
Rendered 11737/18723, time remaining: 5m 29s
Rendered 11738/18723, time remaining: 5m 33s
Rendered 11739/18723, time remaining: 5m 20s
Rendered 11740/18723, time remaining: 5m 20s
Rendered 11741/18723, time remaining: 5m 20s
Rendered 11742/18723, time remaining: 5m 25s
Rendered 11743/18723, time remaining: 5m 26s
Rendered 11744/18723, time remaining: 5m 26s
Rendered 11745/18723, time remaining: 5m 28s
Rendered 11746/18723, time remaining: 5m 20s
Rendered 11747/18723, time remaining: 5m 14s
Rendered 11748/18723, time remaining: 5m 10s
Rendered 11749/18723, time remaining: 5m 13s
Rendered 11750/18723, time remaining: 5m 16s
Rendered 11751/18723, time remaining: 5m 19s
Rendered 11752/18723, time remaining: 5m 13s
Rendered 11753/18723, time remaining: 5m 14s
Rendered 11754/18723, time remaining: 5m 12s
Rendered 11755/18723, time remaining: 5m 11s
Rendered 11756/18723, time remaining: 5m 10s
Rendered 11757/18723, time remaining: 5m 2s
Rendered 11758/18723, time remaining: 5m 7s
Rendered 11759/18723, time remaining: 5m 10s
Rendered 11760/18723, time remaining: 5m 10s
Rendered 11761/18723, time remaining: 5m 12s
Rendered 11762/18723, time remaining: 5m 12s
Rendered 11763/18723, time remaining: 5m 6s
Rendered 11764/18723, time remaining: 5m 5s
Rendered 11765/18723, time remaining: 5m 8s
Rendered 11766/18723, time remaining: 5m 11s
Rendered 11767/18723, time remaining: 5m 8s
Rendered 11768/18723, time remaining: 5m 8s
Rendered 11769/18723, time remaining: 5m 8s
Rendered 11770/18723, time remaining: 5m 8s
Rendered 11771/18723, time remaining: 5m 3s
Rendered 11772/18723, time remaining: 5m 3s
Rendered 11773/18723, time remaining: 5m 2s
Rendered 11774/18723, time remaining: 5m 0s
Rendered 11775/18723, time remaining: 5m 1s
Rendered 11776/18723, time remaining: 5m 8s
Rendered 11777/18723, time remaining: 5m 8s
Rendered 11778/18723, time remaining: 5m 4s
Rendered 11779/18723, time remaining: 5m 3s
Rendered 11780/18723, time remaining: 5m 7s
Rendered 11781/18723, time remaining: 5m 7s
Rendered 11782/18723, time remaining: 4m 55s
Rendered 11783/18723, time remaining: 5m 4s
Rendered 11784/18723, time remaining: 5m 3s
Rendered 11785/18723, time remaining: 5m 3s
Rendered 11786/18723, time remaining: 5m 3s
Rendered 11787/18723, time remaining: 5m 3s
Rendered 11788/18723, time remaining: 5m 6s
Rendered 11789/18723, time remaining: 5m 3s
Rendered 11790/18723, time remaining: 4m 54s
Rendered 11791/18723, time remaining: 4m 57s
Rendered 11792/18723, time remaining: 5m 3s
Rendered 11793/18723, time remaining: 5m 3s
Rendered 11794/18723, time remaining: 5m 1s
Rendered 11795/18723, time remaining: 5m 3s
Rendered 11796/18723, time remaining: 5m 2s
Rendered 11797/18723, time remaining: 4m 59s
Rendered 11798/18723, time remaining: 4m 59s
Rendered 11799/18723, time remaining: 4m 59s
Rendered 11800/18723, time remaining: 5m 0s
Rendered 11801/18723, time remaining: 5m 0s
Rendered 11802/18723, time remaining: 4m 58s
Rendered 11803/18723, time remaining: 4m 57s
Rendered 11804/18723, time remaining: 5m 4s
Rendered 11805/18723, time remaining: 5m 1s
Rendered 11806/18723, time remaining: 4m 55s
Rendered 11807/18723, time remaining: 4m 55s
Rendered 11808/18723, time remaining: 5m 0s
Rendered 11809/18723, time remaining: 5m 0s
Rendered 11810/18723, time remaining: 5m 3s
Rendered 11811/18723, time remaining: 5m 3s
Rendered 11812/18723, time remaining: 5m 2s
Rendered 11813/18723, time remaining: 4m 59s
Rendered 11814/18723, time remaining: 4m 53s
Rendered 11815/18723, time remaining: 5m 0s
Rendered 11816/18723, time remaining: 5m 0s
Rendered 11817/18723, time remaining: 5m 0s
Rendered 11818/18723, time remaining: 4m 58s
Rendered 11819/18723, time remaining: 4m 59s
Rendered 11820/18723, time remaining: 4m 58s
Rendered 11821/18723, time remaining: 5m 4s
Rendered 11822/18723, time remaining: 4m 59s
Rendered 11823/18723, time remaining: 4m 59s
Rendered 11824/18723, time remaining: 5m 3s
Rendered 11825/18723, time remaining: 5m 3s
Rendered 11826/18723, time remaining: 5m 2s
Rendered 11827/18723, time remaining: 4m 56s
Rendered 11828/18723, time remaining: 4m 55s
Rendered 11829/18723, time remaining: 4m 59s
Rendered 11830/18723, time remaining: 4m 59s
Rendered 11831/18723, time remaining: 5m 3s
Rendered 11832/18723, time remaining: 5m 0s
Rendered 11833/18723, time remaining: 5m 1s
Rendered 11834/18723, time remaining: 5m 6s
Rendered 11835/18723, time remaining: 5m 3s
Rendered 11836/18723, time remaining: 5m 3s
Rendered 11837/18723, time remaining: 5m 2s
Rendered 11838/18723, time remaining: 5m 0s
Rendered 11839/18723, time remaining: 5m 0s
Rendered 11840/18723, time remaining: 5m 2s
Rendered 11841/18723, time remaining: 5m 13s
Rendered 11842/18723, time remaining: 5m 13s
Rendered 11843/18723, time remaining: 5m 8s
Rendered 11844/18723, time remaining: 5m 7s
Rendered 11845/18723, time remaining: 5m 7s
Rendered 11846/18723, time remaining: 5m 7s
Rendered 11847/18723, time remaining: 5m 7s
Rendered 11848/18723, time remaining: 5m 8s
Rendered 11849/18723, time remaining: 5m 16s
Rendered 11850/18723, time remaining: 5m 12s
Rendered 11851/18723, time remaining: 5m 8s
Rendered 11852/18723, time remaining: 5m 9s
Rendered 11853/18723, time remaining: 5m 10s
Rendered 11854/18723, time remaining: 5m 10s
Rendered 11855/18723, time remaining: 5m 8s
Rendered 11856/18723, time remaining: 5m 12s
Rendered 11857/18723, time remaining: 5m 15s
Rendered 11858/18723, time remaining: 5m 15s
Rendered 11859/18723, time remaining: 5m 13s
Rendered 11860/18723, time remaining: 5m 12s
Rendered 11861/18723, time remaining: 5m 12s
Rendered 11862/18723, time remaining: 5m 11s
Rendered 11863/18723, time remaining: 5m 8s
Rendered 11864/18723, time remaining: 5m 14s
Rendered 11865/18723, time remaining: 5m 16s
Rendered 11866/18723, time remaining: 5m 17s
Rendered 11867/18723, time remaining: 5m 15s
Rendered 11868/18723, time remaining: 5m 16s
Rendered 11869/18723, time remaining: 5m 17s
Rendered 11870/18723, time remaining: 5m 12s
Rendered 11871/18723, time remaining: 5m 12s
Rendered 11872/18723, time remaining: 5m 12s
Rendered 11873/18723, time remaining: 5m 16s
Rendered 11874/18723, time remaining: 5m 18s
Rendered 11875/18723, time remaining: 5m 13s
Rendered 11876/18723, time remaining: 5m 14s
Rendered 11877/18723, time remaining: 5m 14s
Rendered 11878/18723, time remaining: 5m 17s
Rendered 11879/18723, time remaining: 5m 14s
Rendered 11880/18723, time remaining: 5m 12s
Rendered 11881/18723, time remaining: 5m 17s
Rendered 11882/18723, time remaining: 5m 18s
Rendered 11883/18723, time remaining: 5m 16s
Rendered 11884/18723, time remaining: 5m 16s
Rendered 11885/18723, time remaining: 5m 16s
Rendered 11886/18723, time remaining: 5m 16s
Rendered 11887/18723, time remaining: 5m 17s
Rendered 11888/18723, time remaining: 5m 15s
Rendered 11889/18723, time remaining: 5m 16s
Rendered 11890/18723, time remaining: 5m 16s
Rendered 11891/18723, time remaining: 5m 18s
Rendered 11892/18723, time remaining: 5m 13s
Rendered 11893/18723, time remaining: 5m 12s
Rendered 11894/18723, time remaining: 5m 13s
Rendered 11895/18723, time remaining: 5m 17s
Rendered 11896/18723, time remaining: 5m 15s
Rendered 11897/18723, time remaining: 5m 15s
Rendered 11898/18723, time remaining: 5m 17s
Rendered 11899/18723, time remaining: 5m 18s
Rendered 11900/18723, time remaining: 5m 14s
Rendered 11901/18723, time remaining: 5m 12s
Rendered 11902/18723, time remaining: 5m 14s
Rendered 11903/18723, time remaining: 5m 14s
Rendered 11904/18723, time remaining: 5m 15s
Rendered 11905/18723, time remaining: 5m 15s
Rendered 11906/18723, time remaining: 5m 15s
Rendered 11907/18723, time remaining: 5m 15s
Rendered 11908/18723, time remaining: 5m 18s
Rendered 11909/18723, time remaining: 5m 16s
Rendered 11910/18723, time remaining: 5m 18s
Rendered 11911/18723, time remaining: 5m 21s
Rendered 11912/18723, time remaining: 5m 21s
Rendered 11913/18723, time remaining: 5m 21s
Rendered 11914/18723, time remaining: 5m 22s
Rendered 11915/18723, time remaining: 5m 18s
Rendered 11916/18723, time remaining: 5m 16s
Rendered 11917/18723, time remaining: 5m 14s
Rendered 11918/18723, time remaining: 5m 15s
Rendered 11919/18723, time remaining: 5m 15s
Rendered 11920/18723, time remaining: 5m 15s
Rendered 11921/18723, time remaining: 5m 15s
Rendered 11922/18723, time remaining: 5m 13s
Rendered 11923/18723, time remaining: 5m 12s
Rendered 11924/18723, time remaining: 5m 6s
Rendered 11925/18723, time remaining: 5m 6s
Rendered 11926/18723, time remaining: 4m 59s
Rendered 11927/18723, time remaining: 4m 59s
Rendered 11928/18723, time remaining: 4m 58s
Rendered 11929/18723, time remaining: 4m 58s
Rendered 11930/18723, time remaining: 4m 55s
Rendered 11931/18723, time remaining: 4m 55s
Rendered 11932/18723, time remaining: 4m 55s
Rendered 11933/18723, time remaining: 4m 47s
Rendered 11934/18723, time remaining: 4m 48s
Rendered 11935/18723, time remaining: 4m 48s
Rendered 11936/18723, time remaining: 4m 49s
Rendered 11937/18723, time remaining: 4m 50s
Rendered 11938/18723, time remaining: 4m 48s
Rendered 11939/18723, time remaining: 4m 48s
Rendered 11940/18723, time remaining: 4m 54s
Rendered 11941/18723, time remaining: 4m 51s
Rendered 11942/18723, time remaining: 4m 45s
Rendered 11943/18723, time remaining: 4m 45s
Rendered 11944/18723, time remaining: 4m 45s
Rendered 11945/18723, time remaining: 4m 45s
Rendered 11946/18723, time remaining: 4m 49s
Rendered 11947/18723, time remaining: 4m 50s
Rendered 11948/18723, time remaining: 4m 47s
Rendered 11949/18723, time remaining: 4m 44s
Rendered 11950/18723, time remaining: 4m 44s
Rendered 11951/18723, time remaining: 4m 47s
Rendered 11952/18723, time remaining: 4m 49s
Rendered 11953/18723, time remaining: 4m 48s
Rendered 11954/18723, time remaining: 4m 42s
Rendered 11955/18723, time remaining: 4m 44s
Rendered 11956/18723, time remaining: 4m 44s
Rendered 11957/18723, time remaining: 4m 46s
Rendered 11958/18723, time remaining: 4m 39s
Rendered 11959/18723, time remaining: 4m 45s
Rendered 11960/18723, time remaining: 4m 42s
Rendered 11961/18723, time remaining: 4m 46s
Rendered 11962/18723, time remaining: 4m 47s
Rendered 11963/18723, time remaining: 4m 47s
Rendered 11964/18723, time remaining: 4m 46s
Rendered 11965/18723, time remaining: 4m 37s
Rendered 11966/18723, time remaining: 4m 40s
Rendered 11967/18723, time remaining: 4m 39s
Rendered 11968/18723, time remaining: 4m 43s
Rendered 11969/18723, time remaining: 4m 44s
Rendered 11970/18723, time remaining: 4m 44s
Rendered 11971/18723, time remaining: 4m 39s
Rendered 11972/18723, time remaining: 4m 45s
Rendered 11973/18723, time remaining: 4m 42s
Rendered 11974/18723, time remaining: 4m 38s
Rendered 11975/18723, time remaining: 4m 38s
Rendered 11976/18723, time remaining: 4m 43s
Rendered 11977/18723, time remaining: 4m 42s
Rendered 11978/18723, time remaining: 4m 46s
Rendered 11979/18723, time remaining: 4m 43s
Rendered 11980/18723, time remaining: 4m 44s
Rendered 11981/18723, time remaining: 4m 40s
Rendered 11982/18723, time remaining: 4m 36s
Rendered 11983/18723, time remaining: 4m 37s
Rendered 11984/18723, time remaining: 4m 32s
Rendered 11985/18723, time remaining: 4m 34s
Rendered 11986/18723, time remaining: 4m 34s
Rendered 11987/18723, time remaining: 4m 40s
Rendered 11988/18723, time remaining: 4m 39s
Rendered 11989/18723, time remaining: 4m 39s
Rendered 11990/18723, time remaining: 4m 35s
Rendered 11991/18723, time remaining: 4m 25s
Rendered 11992/18723, time remaining: 4m 29s
Rendered 11993/18723, time remaining: 4m 28s
Rendered 11994/18723, time remaining: 4m 29s
Rendered 11995/18723, time remaining: 4m 31s
Rendered 11996/18723, time remaining: 4m 33s
Rendered 11997/18723, time remaining: 4m 34s
Rendered 11998/18723, time remaining: 4m 31s
Rendered 11999/18723, time remaining: 4m 23s
Rendered 12000/18723, time remaining: 4m 24s
Rendered 12001/18723, time remaining: 4m 23s
Rendered 12002/18723, time remaining: 4m 24s
Rendered 12003/18723, time remaining: 4m 25s
Rendered 12004/18723, time remaining: 4m 25s
Rendered 12005/18723, time remaining: 4m 31s
Rendered 12006/18723, time remaining: 4m 27s
Rendered 12007/18723, time remaining: 4m 20s
Rendered 12008/18723, time remaining: 4m 20s
Rendered 12009/18723, time remaining: 4m 17s
Rendered 12010/18723, time remaining: 4m 18s
Rendered 12011/18723, time remaining: 4m 21s
Rendered 12012/18723, time remaining: 4m 25s
Rendered 12013/18723, time remaining: 4m 27s
Rendered 12014/18723, time remaining: 4m 23s
Rendered 12015/18723, time remaining: 4m 21s
Rendered 12016/18723, time remaining: 4m 18s
Rendered 12017/18723, time remaining: 4m 17s
Rendered 12018/18723, time remaining: 4m 18s
Rendered 12019/18723, time remaining: 4m 16s
Rendered 12020/18723, time remaining: 4m 21s
Rendered 12021/18723, time remaining: 4m 22s
Rendered 12022/18723, time remaining: 4m 22s
Rendered 12023/18723, time remaining: 4m 18s
Rendered 12024/18723, time remaining: 4m 20s
Rendered 12025/18723, time remaining: 4m 20s
Rendered 12026/18723, time remaining: 4m 18s
Rendered 12027/18723, time remaining: 4m 18s
Rendered 12028/18723, time remaining: 4m 17s
Rendered 12029/18723, time remaining: 4m 17s
Rendered 12030/18723, time remaining: 4m 17s
Rendered 12031/18723, time remaining: 4m 17s
Rendered 12032/18723, time remaining: 4m 17s
Rendered 12033/18723, time remaining: 4m 17s
Rendered 12034/18723, time remaining: 4m 16s
Rendered 12035/18723, time remaining: 4m 18s
Rendered 12036/18723, time remaining: 4m 20s
Rendered 12037/18723, time remaining: 4m 14s
Rendered 12038/18723, time remaining: 4m 15s
Rendered 12039/18723, time remaining: 4m 14s
Rendered 12040/18723, time remaining: 4m 20s
Rendered 12041/18723, time remaining: 4m 18s
Rendered 12042/18723, time remaining: 4m 18s
Rendered 12043/18723, time remaining: 4m 18s
Rendered 12044/18723, time remaining: 4m 17s
Rendered 12045/18723, time remaining: 4m 11s
Rendered 12046/18723, time remaining: 4m 11s
Rendered 12047/18723, time remaining: 4m 12s
Rendered 12048/18723, time remaining: 4m 20s
Rendered 12049/18723, time remaining: 4m 17s
Rendered 12050/18723, time remaining: 4m 17s
Rendered 12051/18723, time remaining: 4m 16s
Rendered 12052/18723, time remaining: 4m 14s
Rendered 12053/18723, time remaining: 4m 13s
Rendered 12054/18723, time remaining: 4m 12s
Rendered 12055/18723, time remaining: 4m 9s
Rendered 12056/18723, time remaining: 4m 11s
Rendered 12057/18723, time remaining: 4m 11s
Rendered 12058/18723, time remaining: 4m 3s
Rendered 12059/18723, time remaining: 4m 3s
Rendered 12060/18723, time remaining: 4m 0s
Rendered 12061/18723, time remaining: 3m 56s
Rendered 12062/18723, time remaining: 3m 57s
Rendered 12063/18723, time remaining: 3m 57s
Rendered 12064/18723, time remaining: 3m 56s
Rendered 12065/18723, time remaining: 3m 53s
Rendered 12066/18723, time remaining: 3m 51s
Rendered 12067/18723, time remaining: 3m 51s
Rendered 12068/18723, time remaining: 3m 49s
Rendered 12069/18723, time remaining: 3m 49s
Rendered 12070/18723, time remaining: 3m 49s
Rendered 12071/18723, time remaining: 3m 56s
Rendered 12072/18723, time remaining: 3m 55s
Rendered 12073/18723, time remaining: 3m 57s
Rendered 12074/18723, time remaining: 3m 57s
Rendered 12075/18723, time remaining: 3m 56s
Rendered 12076/18723, time remaining: 3m 56s
Rendered 12077/18723, time remaining: 3m 56s
Rendered 12078/18723, time remaining: 3m 57s
Rendered 12079/18723, time remaining: 4m 3s
Rendered 12080/18723, time remaining: 4m 4s
Rendered 12081/18723, time remaining: 4m 5s
Rendered 12082/18723, time remaining: 4m 6s
Rendered 12083/18723, time remaining: 4m 8s
Rendered 12084/18723, time remaining: 4m 6s
Rendered 12085/18723, time remaining: 4m 5s
Rendered 12086/18723, time remaining: 4m 8s
Rendered 12087/18723, time remaining: 4m 13s
Rendered 12088/18723, time remaining: 4m 10s
Rendered 12089/18723, time remaining: 4m 9s
Rendered 12090/18723, time remaining: 4m 6s
Rendered 12091/18723, time remaining: 4m 6s
Rendered 12092/18723, time remaining: 4m 8s
Rendered 12093/18723, time remaining: 4m 8s
Rendered 12094/18723, time remaining: 4m 12s
Rendered 12095/18723, time remaining: 4m 8s
Rendered 12096/18723, time remaining: 4m 5s
Rendered 12097/18723, time remaining: 4m 5s
Rendered 12098/18723, time remaining: 4m 7s
Rendered 12099/18723, time remaining: 4m 8s
Rendered 12100/18723, time remaining: 4m 8s
Rendered 12101/18723, time remaining: 4m 5s
Rendered 12102/18723, time remaining: 4m 11s
Rendered 12103/18723, time remaining: 4m 11s
Rendered 12104/18723, time remaining: 4m 11s
Rendered 12105/18723, time remaining: 4m 11s
Rendered 12106/18723, time remaining: 4m 11s
Rendered 12107/18723, time remaining: 4m 12s
Rendered 12108/18723, time remaining: 4m 11s
Rendered 12109/18723, time remaining: 4m 5s
Rendered 12110/18723, time remaining: 4m 8s
Rendered 12111/18723, time remaining: 4m 4s
Rendered 12112/18723, time remaining: 4m 3s
Rendered 12113/18723, time remaining: 4m 7s
Rendered 12114/18723, time remaining: 4m 8s
Rendered 12115/18723, time remaining: 4m 12s
Rendered 12116/18723, time remaining: 4m 11s
Rendered 12117/18723, time remaining: 4m 11s
Rendered 12118/18723, time remaining: 4m 7s
Rendered 12119/18723, time remaining: 4m 5s
Rendered 12120/18723, time remaining: 4m 6s
Rendered 12121/18723, time remaining: 4m 7s
Rendered 12122/18723, time remaining: 4m 1s
Rendered 12123/18723, time remaining: 4m 8s
Rendered 12124/18723, time remaining: 4m 10s
Rendered 12125/18723, time remaining: 4m 10s
Rendered 12126/18723, time remaining: 4m 7s
Rendered 12127/18723, time remaining: 4m 8s
Rendered 12128/18723, time remaining: 4m 6s
Rendered 12129/18723, time remaining: 4m 5s
Rendered 12130/18723, time remaining: 4m 3s
Rendered 12131/18723, time remaining: 4m 8s
Rendered 12132/18723, time remaining: 4m 8s
Rendered 12133/18723, time remaining: 4m 12s
Rendered 12134/18723, time remaining: 4m 12s
Rendered 12135/18723, time remaining: 4m 7s
Rendered 12136/18723, time remaining: 4m 7s
Rendered 12137/18723, time remaining: 4m 2s
Rendered 12138/18723, time remaining: 4m 4s
Rendered 12139/18723, time remaining: 4m 9s
Rendered 12140/18723, time remaining: 4m 11s
Rendered 12141/18723, time remaining: 4m 10s
Rendered 12142/18723, time remaining: 4m 6s
Rendered 12143/18723, time remaining: 4m 5s
Rendered 12144/18723, time remaining: 4m 4s
Rendered 12145/18723, time remaining: 4m 6s
Rendered 12146/18723, time remaining: 4m 5s
Rendered 12147/18723, time remaining: 4m 9s
Rendered 12148/18723, time remaining: 4m 9s
Rendered 12149/18723, time remaining: 4m 8s
Rendered 12150/18723, time remaining: 4m 11s
Rendered 12151/18723, time remaining: 4m 10s
Rendered 12152/18723, time remaining: 4m 8s
Rendered 12153/18723, time remaining: 4m 12s
Rendered 12154/18723, time remaining: 4m 11s
Rendered 12155/18723, time remaining: 4m 7s
Rendered 12156/18723, time remaining: 4m 8s
Rendered 12157/18723, time remaining: 4m 8s
Rendered 12158/18723, time remaining: 4m 10s
Rendered 12159/18723, time remaining: 4m 9s
Rendered 12160/18723, time remaining: 4m 10s
Rendered 12161/18723, time remaining: 4m 11s
Rendered 12162/18723, time remaining: 4m 7s
Rendered 12163/18723, time remaining: 4m 8s
Rendered 12164/18723, time remaining: 4m 8s
Rendered 12165/18723, time remaining: 4m 8s
Rendered 12166/18723, time remaining: 4m 8s
Rendered 12167/18723, time remaining: 4m 8s
Rendered 12168/18723, time remaining: 4m 5s
Rendered 12169/18723, time remaining: 4m 9s
Rendered 12170/18723, time remaining: 4m 6s
Rendered 12171/18723, time remaining: 4m 9s
Rendered 12172/18723, time remaining: 4m 9s
Rendered 12173/18723, time remaining: 4m 9s
Rendered 12174/18723, time remaining: 4m 3s
Rendered 12175/18723, time remaining: 4m 3s
Rendered 12176/18723, time remaining: 4m 7s
Rendered 12177/18723, time remaining: 4m 7s
Rendered 12178/18723, time remaining: 4m 5s
Rendered 12179/18723, time remaining: 4m 9s
Rendered 12180/18723, time remaining: 4m 11s
Rendered 12181/18723, time remaining: 4m 7s
Rendered 12182/18723, time remaining: 4m 5s
Rendered 12183/18723, time remaining: 4m 5s
Rendered 12184/18723, time remaining: 4m 6s
Rendered 12185/18723, time remaining: 4m 4s
Rendered 12186/18723, time remaining: 4m 3s
Rendered 12187/18723, time remaining: 4m 8s
Rendered 12188/18723, time remaining: 4m 6s
Rendered 12189/18723, time remaining: 4m 6s
Rendered 12190/18723, time remaining: 4m 1s
Rendered 12191/18723, time remaining: 4m 4s
Rendered 12192/18723, time remaining: 4m 6s
Rendered 12193/18723, time remaining: 4m 6s
Rendered 12194/18723, time remaining: 4m 5s
Rendered 12195/18723, time remaining: 4m 10s
Rendered 12196/18723, time remaining: 4m 11s
Rendered 12197/18723, time remaining: 4m 10s
Rendered 12198/18723, time remaining: 4m 0s
Rendered 12199/18723, time remaining: 4m 0s
Rendered 12200/18723, time remaining: 4m 0s
Rendered 12201/18723, time remaining: 4m 0s
Rendered 12202/18723, time remaining: 4m 4s
Rendered 12203/18723, time remaining: 4m 13s
Rendered 12204/18723, time remaining: 4m 15s
Rendered 12205/18723, time remaining: 4m 15s
Rendered 12206/18723, time remaining: 4m 16s
Rendered 12207/18723, time remaining: 4m 16s
Rendered 12208/18723, time remaining: 4m 16s
Rendered 12209/18723, time remaining: 4m 16s
Rendered 12210/18723, time remaining: 4m 20s
Rendered 12211/18723, time remaining: 4m 25s
Rendered 12212/18723, time remaining: 4m 29s
Rendered 12213/18723, time remaining: 4m 28s
Rendered 12214/18723, time remaining: 4m 30s
Rendered 12215/18723, time remaining: 4m 30s
Rendered 12216/18723, time remaining: 4m 30s
Rendered 12217/18723, time remaining: 4m 29s
Rendered 12218/18723, time remaining: 4m 32s
Rendered 12219/18723, time remaining: 4m 33s
Rendered 12220/18723, time remaining: 4m 39s
Rendered 12221/18723, time remaining: 4m 32s
Rendered 12222/18723, time remaining: 4m 33s
Rendered 12223/18723, time remaining: 4m 30s
Rendered 12224/18723, time remaining: 4m 34s
Rendered 12225/18723, time remaining: 4m 34s
Rendered 12226/18723, time remaining: 4m 35s
Rendered 12227/18723, time remaining: 4m 38s
Rendered 12228/18723, time remaining: 4m 42s
Rendered 12229/18723, time remaining: 4m 38s
Rendered 12230/18723, time remaining: 4m 36s
Rendered 12231/18723, time remaining: 4m 36s
Rendered 12232/18723, time remaining: 4m 35s
Rendered 12233/18723, time remaining: 4m 31s
Rendered 12234/18723, time remaining: 4m 35s
Rendered 12235/18723, time remaining: 4m 35s
Rendered 12236/18723, time remaining: 4m 42s
Rendered 12237/18723, time remaining: 4m 36s
Rendered 12238/18723, time remaining: 4m 36s
Rendered 12239/18723, time remaining: 4m 36s
Rendered 12240/18723, time remaining: 4m 33s
Rendered 12241/18723, time remaining: 4m 32s
Rendered 12242/18723, time remaining: 4m 35s
Rendered 12243/18723, time remaining: 4m 36s
Rendered 12244/18723, time remaining: 4m 37s
Rendered 12245/18723, time remaining: 4m 37s
Rendered 12246/18723, time remaining: 4m 36s
Rendered 12247/18723, time remaining: 4m 35s
Rendered 12248/18723, time remaining: 4m 32s
Rendered 12249/18723, time remaining: 4m 36s
Rendered 12250/18723, time remaining: 4m 38s
Rendered 12251/18723, time remaining: 4m 42s
Rendered 12252/18723, time remaining: 4m 34s
Rendered 12253/18723, time remaining: 4m 34s
Rendered 12254/18723, time remaining: 4m 39s
Rendered 12255/18723, time remaining: 4m 37s
Rendered 12256/18723, time remaining: 4m 37s
Rendered 12257/18723, time remaining: 4m 34s
Rendered 12258/18723, time remaining: 4m 36s
Rendered 12259/18723, time remaining: 4m 38s
Rendered 12260/18723, time remaining: 4m 36s
Rendered 12261/18723, time remaining: 4m 36s
Rendered 12262/18723, time remaining: 4m 39s
Rendered 12263/18723, time remaining: 4m 35s
Rendered 12264/18723, time remaining: 4m 39s
Rendered 12265/18723, time remaining: 4m 34s
Rendered 12266/18723, time remaining: 4m 36s
Rendered 12267/18723, time remaining: 4m 36s
Rendered 12268/18723, time remaining: 4m 36s
Rendered 12269/18723, time remaining: 4m 38s
Rendered 12270/18723, time remaining: 4m 39s
Rendered 12271/18723, time remaining: 4m 37s
Rendered 12272/18723, time remaining: 4m 43s
Rendered 12273/18723, time remaining: 4m 36s
Rendered 12274/18723, time remaining: 4m 36s
Rendered 12275/18723, time remaining: 4m 36s
Rendered 12276/18723, time remaining: 4m 34s
Rendered 12277/18723, time remaining: 4m 37s
Rendered 12278/18723, time remaining: 4m 36s
Rendered 12279/18723, time remaining: 4m 41s
Rendered 12280/18723, time remaining: 4m 42s
Rendered 12281/18723, time remaining: 4m 37s
Rendered 12282/18723, time remaining: 4m 37s
Rendered 12283/18723, time remaining: 4m 35s
Rendered 12284/18723, time remaining: 4m 37s
Rendered 12285/18723, time remaining: 4m 37s
Rendered 12286/18723, time remaining: 4m 41s
Rendered 12287/18723, time remaining: 4m 39s
Rendered 12288/18723, time remaining: 4m 41s
Rendered 12289/18723, time remaining: 4m 37s
Rendered 12290/18723, time remaining: 4m 37s
Rendered 12291/18723, time remaining: 4m 38s
Rendered 12292/18723, time remaining: 4m 38s
Rendered 12293/18723, time remaining: 4m 41s
Rendered 12294/18723, time remaining: 4m 43s
Rendered 12295/18723, time remaining: 4m 40s
Rendered 12296/18723, time remaining: 4m 38s
Rendered 12297/18723, time remaining: 4m 35s
Rendered 12298/18723, time remaining: 4m 38s
Rendered 12299/18723, time remaining: 4m 40s
Rendered 12300/18723, time remaining: 4m 36s
Rendered 12301/18723, time remaining: 4m 43s
Rendered 12302/18723, time remaining: 4m 45s
Rendered 12303/18723, time remaining: 4m 41s
Rendered 12304/18723, time remaining: 4m 41s
Rendered 12305/18723, time remaining: 4m 41s
Rendered 12306/18723, time remaining: 4m 40s
Rendered 12307/18723, time remaining: 4m 40s
Rendered 12308/18723, time remaining: 4m 39s
Rendered 12309/18723, time remaining: 4m 44s
Rendered 12310/18723, time remaining: 4m 42s
Rendered 12311/18723, time remaining: 4m 39s
Rendered 12312/18723, time remaining: 4m 41s
Rendered 12313/18723, time remaining: 4m 41s
Rendered 12314/18723, time remaining: 4m 42s
Rendered 12315/18723, time remaining: 4m 42s
Rendered 12316/18723, time remaining: 4m 41s
Rendered 12317/18723, time remaining: 4m 42s
Rendered 12318/18723, time remaining: 4m 46s
Rendered 12319/18723, time remaining: 4m 44s
Rendered 12320/18723, time remaining: 4m 42s
Rendered 12321/18723, time remaining: 4m 39s
Rendered 12322/18723, time remaining: 4m 39s
Rendered 12323/18723, time remaining: 4m 39s
Rendered 12324/18723, time remaining: 4m 44s
Rendered 12325/18723, time remaining: 4m 44s
Rendered 12326/18723, time remaining: 4m 45s
Rendered 12327/18723, time remaining: 4m 45s
Rendered 12328/18723, time remaining: 4m 48s
Rendered 12329/18723, time remaining: 4m 44s
Rendered 12330/18723, time remaining: 4m 41s
Rendered 12331/18723, time remaining: 4m 43s
Rendered 12332/18723, time remaining: 4m 42s
Rendered 12333/18723, time remaining: 4m 43s
Rendered 12334/18723, time remaining: 4m 43s
Rendered 12335/18723, time remaining: 4m 45s
Rendered 12336/18723, time remaining: 4m 48s
Rendered 12337/18723, time remaining: 4m 43s
Rendered 12338/18723, time remaining: 4m 40s
Rendered 12339/18723, time remaining: 4m 43s
Rendered 12340/18723, time remaining: 4m 44s
Rendered 12341/18723, time remaining: 4m 41s
Rendered 12342/18723, time remaining: 4m 44s
Rendered 12343/18723, time remaining: 4m 45s
Rendered 12344/18723, time remaining: 4m 45s
Rendered 12345/18723, time remaining: 4m 40s
Rendered 12346/18723, time remaining: 4m 39s
Rendered 12347/18723, time remaining: 4m 42s
Rendered 12348/18723, time remaining: 4m 45s
Rendered 12349/18723, time remaining: 4m 45s
Rendered 12350/18723, time remaining: 4m 45s
Rendered 12351/18723, time remaining: 4m 48s
Rendered 12352/18723, time remaining: 4m 44s
Rendered 12353/18723, time remaining: 4m 37s
Rendered 12354/18723, time remaining: 4m 35s
Rendered 12355/18723, time remaining: 4m 41s
Rendered 12356/18723, time remaining: 4m 38s
Rendered 12357/18723, time remaining: 4m 38s
Rendered 12358/18723, time remaining: 4m 38s
Rendered 12359/18723, time remaining: 4m 38s
Rendered 12360/18723, time remaining: 4m 37s
Rendered 12361/18723, time remaining: 4m 34s
Rendered 12362/18723, time remaining: 4m 30s
Rendered 12363/18723, time remaining: 4m 34s
Rendered 12364/18723, time remaining: 4m 33s
Rendered 12365/18723, time remaining: 4m 34s
Rendered 12366/18723, time remaining: 4m 36s
Rendered 12367/18723, time remaining: 4m 36s
Rendered 12368/18723, time remaining: 4m 33s
Rendered 12369/18723, time remaining: 4m 32s
Rendered 12370/18723, time remaining: 4m 30s
Rendered 12371/18723, time remaining: 4m 31s
Rendered 12372/18723, time remaining: 4m 35s
Rendered 12373/18723, time remaining: 4m 35s
Rendered 12374/18723, time remaining: 4m 34s
Rendered 12375/18723, time remaining: 4m 34s
Rendered 12376/18723, time remaining: 4m 34s
Rendered 12377/18723, time remaining: 4m 32s
Rendered 12378/18723, time remaining: 4m 28s
Rendered 12379/18723, time remaining: 4m 28s
Rendered 12380/18723, time remaining: 4m 28s
Rendered 12381/18723, time remaining: 4m 30s
Rendered 12382/18723, time remaining: 4m 34s
Rendered 12383/18723, time remaining: 4m 35s
Rendered 12384/18723, time remaining: 4m 31s
Rendered 12385/18723, time remaining: 4m 34s
Rendered 12386/18723, time remaining: 4m 28s
Rendered 12387/18723, time remaining: 4m 30s
Rendered 12388/18723, time remaining: 4m 33s
Rendered 12389/18723, time remaining: 4m 33s
Rendered 12390/18723, time remaining: 4m 33s
Rendered 12391/18723, time remaining: 4m 36s
Rendered 12392/18723, time remaining: 4m 34s
Rendered 12393/18723, time remaining: 4m 36s
Rendered 12394/18723, time remaining: 4m 33s
Rendered 12395/18723, time remaining: 4m 33s
Rendered 12396/18723, time remaining: 4m 33s
Rendered 12397/18723, time remaining: 4m 33s
Rendered 12398/18723, time remaining: 4m 33s
Rendered 12399/18723, time remaining: 4m 33s
Rendered 12400/18723, time remaining: 4m 34s
Rendered 12401/18723, time remaining: 4m 30s
Rendered 12402/18723, time remaining: 4m 30s
Rendered 12403/18723, time remaining: 4m 33s
Rendered 12404/18723, time remaining: 4m 28s
Rendered 12405/18723, time remaining: 4m 28s
Rendered 12406/18723, time remaining: 4m 28s
Rendered 12407/18723, time remaining: 4m 33s
Rendered 12408/18723, time remaining: 4m 32s
Rendered 12409/18723, time remaining: 4m 35s
Rendered 12410/18723, time remaining: 4m 33s
Rendered 12411/18723, time remaining: 4m 36s
Rendered 12412/18723, time remaining: 4m 33s
Rendered 12413/18723, time remaining: 4m 33s
Rendered 12414/18723, time remaining: 4m 28s
Rendered 12415/18723, time remaining: 4m 28s
Rendered 12416/18723, time remaining: 4m 27s
Rendered 12417/18723, time remaining: 4m 31s
Rendered 12418/18723, time remaining: 4m 34s
Rendered 12419/18723, time remaining: 4m 33s
Rendered 12420/18723, time remaining: 4m 30s
Rendered 12421/18723, time remaining: 4m 30s
Rendered 12422/18723, time remaining: 4m 26s
Rendered 12423/18723, time remaining: 4m 28s
Rendered 12424/18723, time remaining: 4m 32s
Rendered 12425/18723, time remaining: 4m 32s
Rendered 12426/18723, time remaining: 4m 35s
Rendered 12427/18723, time remaining: 4m 31s
Rendered 12428/18723, time remaining: 4m 30s
Rendered 12429/18723, time remaining: 4m 25s
Rendered 12430/18723, time remaining: 4m 27s
Rendered 12431/18723, time remaining: 4m 27s
Rendered 12432/18723, time remaining: 4m 32s
Rendered 12433/18723, time remaining: 4m 31s
Rendered 12434/18723, time remaining: 4m 30s
Rendered 12435/18723, time remaining: 4m 29s
Rendered 12436/18723, time remaining: 4m 27s
Rendered 12437/18723, time remaining: 4m 31s
Rendered 12438/18723, time remaining: 4m 28s
Rendered 12439/18723, time remaining: 4m 27s
Rendered 12440/18723, time remaining: 4m 28s
Rendered 12441/18723, time remaining: 4m 28s
Rendered 12442/18723, time remaining: 4m 27s
Rendered 12443/18723, time remaining: 4m 25s
Rendered 12444/18723, time remaining: 4m 26s
Rendered 12445/18723, time remaining: 4m 26s
Rendered 12446/18723, time remaining: 4m 26s
Rendered 12447/18723, time remaining: 4m 26s
Rendered 12448/18723, time remaining: 4m 30s
Rendered 12449/18723, time remaining: 4m 28s
Rendered 12450/18723, time remaining: 4m 30s
Rendered 12451/18723, time remaining: 4m 23s
Rendered 12452/18723, time remaining: 4m 21s
Rendered 12453/18723, time remaining: 4m 20s
Rendered 12454/18723, time remaining: 4m 22s
Rendered 12455/18723, time remaining: 4m 21s
Rendered 12456/18723, time remaining: 4m 25s
Rendered 12457/18723, time remaining: 4m 25s
Rendered 12458/18723, time remaining: 4m 27s
Rendered 12459/18723, time remaining: 4m 22s
Rendered 12460/18723, time remaining: 4m 22s
Rendered 12461/18723, time remaining: 4m 21s
Rendered 12462/18723, time remaining: 4m 24s
Rendered 12463/18723, time remaining: 4m 20s
Rendered 12464/18723, time remaining: 4m 20s
Rendered 12465/18723, time remaining: 4m 25s
Rendered 12466/18723, time remaining: 4m 25s
Rendered 12467/18723, time remaining: 4m 24s
Rendered 12468/18723, time remaining: 4m 20s
Rendered 12469/18723, time remaining: 4m 19s
Rendered 12470/18723, time remaining: 4m 19s
Rendered 12471/18723, time remaining: 4m 21s
Rendered 12472/18723, time remaining: 4m 21s
Rendered 12473/18723, time remaining: 4m 26s
Rendered 12474/18723, time remaining: 4m 24s
Rendered 12475/18723, time remaining: 4m 24s
Rendered 12476/18723, time remaining: 4m 19s
Rendered 12477/18723, time remaining: 4m 19s
Rendered 12478/18723, time remaining: 4m 16s
Rendered 12479/18723, time remaining: 4m 22s
Rendered 12480/18723, time remaining: 4m 22s
Rendered 12481/18723, time remaining: 4m 24s
Rendered 12482/18723, time remaining: 4m 24s
Rendered 12483/18723, time remaining: 4m 25s
Rendered 12484/18723, time remaining: 4m 24s
Rendered 12485/18723, time remaining: 4m 23s
Rendered 12486/18723, time remaining: 4m 22s
Rendered 12487/18723, time remaining: 4m 22s
Rendered 12488/18723, time remaining: 4m 22s
Rendered 12489/18723, time remaining: 4m 26s
Rendered 12490/18723, time remaining: 4m 25s
Rendered 12491/18723, time remaining: 4m 26s
Rendered 12492/18723, time remaining: 4m 22s
Rendered 12493/18723, time remaining: 4m 20s
Rendered 12494/18723, time remaining: 4m 21s
Rendered 12495/18723, time remaining: 4m 21s
Rendered 12496/18723, time remaining: 4m 20s
Rendered 12497/18723, time remaining: 4m 26s
Rendered 12498/18723, time remaining: 4m 25s
Rendered 12499/18723, time remaining: 4m 25s
Rendered 12500/18723, time remaining: 4m 26s
Rendered 12501/18723, time remaining: 4m 23s
Rendered 12502/18723, time remaining: 4m 22s
Rendered 12503/18723, time remaining: 4m 21s
Rendered 12504/18723, time remaining: 4m 27s
Rendered 12505/18723, time remaining: 4m 21s
Rendered 12506/18723, time remaining: 4m 26s
Rendered 12507/18723, time remaining: 4m 28s
Rendered 12508/18723, time remaining: 4m 28s
Rendered 12509/18723, time remaining: 4m 28s
Rendered 12510/18723, time remaining: 4m 24s
Rendered 12511/18723, time remaining: 4m 23s
Rendered 12512/18723, time remaining: 4m 24s
Rendered 12513/18723, time remaining: 4m 21s
Rendered 12514/18723, time remaining: 4m 27s
Rendered 12515/18723, time remaining: 4m 26s
Rendered 12516/18723, time remaining: 4m 24s
Rendered 12517/18723, time remaining: 4m 24s
Rendered 12518/18723, time remaining: 4m 31s
Rendered 12519/18723, time remaining: 4m 32s
Rendered 12520/18723, time remaining: 4m 28s
Rendered 12521/18723, time remaining: 4m 32s
Rendered 12522/18723, time remaining: 4m 31s
Rendered 12523/18723, time remaining: 4m 31s
Rendered 12524/18723, time remaining: 4m 32s
Rendered 12525/18723, time remaining: 4m 32s
Rendered 12526/18723, time remaining: 4m 34s
Rendered 12527/18723, time remaining: 4m 34s
Rendered 12528/18723, time remaining: 4m 33s
Rendered 12529/18723, time remaining: 4m 37s
Rendered 12530/18723, time remaining: 4m 43s
Rendered 12531/18723, time remaining: 4m 43s
Rendered 12532/18723, time remaining: 4m 40s
Rendered 12533/18723, time remaining: 4m 39s
Rendered 12534/18723, time remaining: 4m 41s
Rendered 12535/18723, time remaining: 4m 37s
Rendered 12536/18723, time remaining: 4m 37s
Rendered 12537/18723, time remaining: 4m 50s
Rendered 12538/18723, time remaining: 4m 48s
Rendered 12539/18723, time remaining: 4m 48s
Rendered 12540/18723, time remaining: 4m 48s
Rendered 12541/18723, time remaining: 4m 46s
Rendered 12542/18723, time remaining: 4m 44s
Rendered 12543/18723, time remaining: 4m 42s
Rendered 12544/18723, time remaining: 4m 40s
Rendered 12545/18723, time remaining: 4m 50s
Rendered 12546/18723, time remaining: 4m 49s
Rendered 12547/18723, time remaining: 4m 49s
Rendered 12548/18723, time remaining: 4m 51s
Rendered 12549/18723, time remaining: 4m 49s
Rendered 12550/18723, time remaining: 4m 44s
Rendered 12551/18723, time remaining: 4m 46s
Rendered 12552/18723, time remaining: 4m 46s
Rendered 12553/18723, time remaining: 4m 44s
Rendered 12554/18723, time remaining: 4m 45s
Rendered 12555/18723, time remaining: 4m 49s
Rendered 12556/18723, time remaining: 4m 53s
Rendered 12557/18723, time remaining: 4m 48s
Rendered 12558/18723, time remaining: 4m 47s
Rendered 12559/18723, time remaining: 4m 44s
Rendered 12560/18723, time remaining: 4m 48s
Rendered 12561/18723, time remaining: 4m 48s
Rendered 12562/18723, time remaining: 4m 48s
Rendered 12563/18723, time remaining: 4m 49s
Rendered 12564/18723, time remaining: 4m 52s
Rendered 12565/18723, time remaining: 4m 52s
Rendered 12566/18723, time remaining: 4m 51s
Rendered 12567/18723, time remaining: 4m 47s
Rendered 12568/18723, time remaining: 4m 47s
Rendered 12569/18723, time remaining: 4m 48s
Rendered 12570/18723, time remaining: 4m 48s
Rendered 12571/18723, time remaining: 4m 51s
Rendered 12572/18723, time remaining: 4m 49s
Rendered 12573/18723, time remaining: 4m 52s
Rendered 12574/18723, time remaining: 4m 47s
Rendered 12575/18723, time remaining: 4m 48s
Rendered 12576/18723, time remaining: 4m 47s
Rendered 12577/18723, time remaining: 4m 48s
Rendered 12578/18723, time remaining: 4m 50s
Rendered 12579/18723, time remaining: 4m 50s
Rendered 12580/18723, time remaining: 4m 54s
Rendered 12581/18723, time remaining: 4m 54s
Rendered 12582/18723, time remaining: 4m 50s
Rendered 12583/18723, time remaining: 4m 48s
Rendered 12584/18723, time remaining: 4m 48s
Rendered 12585/18723, time remaining: 4m 48s
Rendered 12586/18723, time remaining: 4m 47s
Rendered 12587/18723, time remaining: 4m 44s
Rendered 12588/18723, time remaining: 4m 54s
Rendered 12589/18723, time remaining: 4m 56s
Rendered 12590/18723, time remaining: 4m 52s
Rendered 12591/18723, time remaining: 4m 52s
Rendered 12592/18723, time remaining: 4m 52s
Rendered 12593/18723, time remaining: 4m 52s
Rendered 12594/18723, time remaining: 4m 49s
Rendered 12595/18723, time remaining: 4m 56s
Rendered 12596/18723, time remaining: 5m 4s
Rendered 12597/18723, time remaining: 5m 1s
Rendered 12598/18723, time remaining: 4m 55s
Rendered 12599/18723, time remaining: 4m 56s
Rendered 12600/18723, time remaining: 4m 55s
Rendered 12601/18723, time remaining: 4m 55s
Rendered 12602/18723, time remaining: 4m 55s
Rendered 12603/18723, time remaining: 5m 0s
Rendered 12604/18723, time remaining: 5m 4s
Rendered 12605/18723, time remaining: 5m 6s
Rendered 12606/18723, time remaining: 5m 1s
Rendered 12607/18723, time remaining: 5m 1s
Rendered 12608/18723, time remaining: 4m 59s
Rendered 12609/18723, time remaining: 5m 2s
Rendered 12610/18723, time remaining: 5m 4s
Rendered 12611/18723, time remaining: 5m 5s
Rendered 12612/18723, time remaining: 5m 3s
Rendered 12613/18723, time remaining: 5m 6s
Rendered 12614/18723, time remaining: 5m 4s
Rendered 12615/18723, time remaining: 5m 0s
Rendered 12616/18723, time remaining: 5m 4s
Rendered 12617/18723, time remaining: 5m 5s
Rendered 12618/18723, time remaining: 5m 9s
Rendered 12619/18723, time remaining: 5m 11s
Rendered 12620/18723, time remaining: 5m 11s
Rendered 12621/18723, time remaining: 5m 7s
Rendered 12622/18723, time remaining: 5m 7s
Rendered 12623/18723, time remaining: 5m 7s
Rendered 12624/18723, time remaining: 5m 13s
Rendered 12625/18723, time remaining: 5m 14s
Rendered 12626/18723, time remaining: 5m 17s
Rendered 12627/18723, time remaining: 5m 18s
Rendered 12628/18723, time remaining: 5m 18s
Rendered 12629/18723, time remaining: 5m 12s
Rendered 12630/18723, time remaining: 5m 12s
Rendered 12631/18723, time remaining: 5m 20s
Rendered 12632/18723, time remaining: 5m 20s
Rendered 12633/18723, time remaining: 5m 19s
Rendered 12634/18723, time remaining: 5m 19s
Rendered 12635/18723, time remaining: 5m 19s
Rendered 12636/18723, time remaining: 5m 16s
Rendered 12637/18723, time remaining: 5m 16s
Rendered 12638/18723, time remaining: 5m 21s
Rendered 12639/18723, time remaining: 5m 23s
Rendered 12640/18723, time remaining: 5m 24s
Rendered 12641/18723, time remaining: 5m 23s
Rendered 12642/18723, time remaining: 5m 23s
Rendered 12643/18723, time remaining: 5m 23s
Rendered 12644/18723, time remaining: 5m 26s
Rendered 12645/18723, time remaining: 5m 25s
Rendered 12646/18723, time remaining: 5m 25s
Rendered 12647/18723, time remaining: 5m 30s
Rendered 12648/18723, time remaining: 5m 27s
Rendered 12649/18723, time remaining: 5m 27s
Rendered 12650/18723, time remaining: 5m 27s
Rendered 12651/18723, time remaining: 5m 27s
Rendered 12652/18723, time remaining: 5m 27s
Rendered 12653/18723, time remaining: 5m 31s
Rendered 12654/18723, time remaining: 5m 26s
Rendered 12655/18723, time remaining: 5m 37s
Rendered 12656/18723, time remaining: 5m 33s
Rendered 12657/18723, time remaining: 5m 31s
Rendered 12658/18723, time remaining: 5m 31s
Rendered 12659/18723, time remaining: 5m 31s
Rendered 12660/18723, time remaining: 5m 31s
Rendered 12661/18723, time remaining: 5m 33s
Rendered 12662/18723, time remaining: 5m 36s
Rendered 12663/18723, time remaining: 5m 45s
Rendered 12664/18723, time remaining: 5m 37s
Rendered 12665/18723, time remaining: 5m 37s
Rendered 12666/18723, time remaining: 5m 37s
Rendered 12667/18723, time remaining: 5m 38s
Rendered 12668/18723, time remaining: 5m 33s
Rendered 12669/18723, time remaining: 5m 36s
Rendered 12670/18723, time remaining: 5m 38s
Rendered 12671/18723, time remaining: 5m 35s
Rendered 12672/18723, time remaining: 5m 33s
Rendered 12673/18723, time remaining: 5m 35s
Rendered 12674/18723, time remaining: 5m 32s
Rendered 12675/18723, time remaining: 5m 31s
Rendered 12676/18723, time remaining: 5m 30s
Rendered 12677/18723, time remaining: 5m 37s
Rendered 12678/18723, time remaining: 5m 37s
Rendered 12679/18723, time remaining: 5m 31s
Rendered 12680/18723, time remaining: 5m 25s
Rendered 12681/18723, time remaining: 5m 23s
Rendered 12682/18723, time remaining: 5m 22s
Rendered 12683/18723, time remaining: 5m 24s
Rendered 12684/18723, time remaining: 5m 25s
Rendered 12685/18723, time remaining: 5m 33s
Rendered 12686/18723, time remaining: 5m 30s
Rendered 12687/18723, time remaining: 5m 16s
Rendered 12688/18723, time remaining: 5m 15s
Rendered 12689/18723, time remaining: 5m 16s
Rendered 12690/18723, time remaining: 5m 16s
Rendered 12691/18723, time remaining: 5m 24s
Rendered 12692/18723, time remaining: 5m 23s
Rendered 12693/18723, time remaining: 5m 25s
Rendered 12694/18723, time remaining: 5m 25s
Rendered 12695/18723, time remaining: 5m 16s
Rendered 12696/18723, time remaining: 5m 16s
Rendered 12697/18723, time remaining: 5m 19s
Rendered 12698/18723, time remaining: 5m 19s
Rendered 12699/18723, time remaining: 5m 23s
Rendered 12700/18723, time remaining: 5m 23s
Rendered 12701/18723, time remaining: 5m 24s
Rendered 12702/18723, time remaining: 5m 25s
Rendered 12703/18723, time remaining: 5m 24s
Rendered 12704/18723, time remaining: 5m 23s
Rendered 12705/18723, time remaining: 5m 22s
Rendered 12706/18723, time remaining: 5m 19s
Rendered 12707/18723, time remaining: 5m 20s
Rendered 12708/18723, time remaining: 5m 29s
Rendered 12709/18723, time remaining: 5m 27s
Rendered 12710/18723, time remaining: 5m 24s
Rendered 12711/18723, time remaining: 5m 21s
Rendered 12712/18723, time remaining: 5m 21s
Rendered 12713/18723, time remaining: 5m 26s
Rendered 12714/18723, time remaining: 5m 29s
Rendered 12715/18723, time remaining: 5m 29s
Rendered 12716/18723, time remaining: 5m 32s
Rendered 12717/18723, time remaining: 5m 34s
Rendered 12718/18723, time remaining: 5m 30s
Rendered 12719/18723, time remaining: 5m 29s
Rendered 12720/18723, time remaining: 5m 33s
Rendered 12721/18723, time remaining: 5m 31s
Rendered 12722/18723, time remaining: 5m 37s
Rendered 12723/18723, time remaining: 5m 33s
Rendered 12724/18723, time remaining: 5m 33s
Rendered 12725/18723, time remaining: 5m 41s
Rendered 12726/18723, time remaining: 5m 39s
Rendered 12727/18723, time remaining: 5m 39s
Rendered 12728/18723, time remaining: 5m 37s
Rendered 12729/18723, time remaining: 5m 37s
Rendered 12730/18723, time remaining: 5m 31s
Rendered 12731/18723, time remaining: 5m 30s
Rendered 12732/18723, time remaining: 5m 37s
Rendered 12733/18723, time remaining: 5m 41s
Rendered 12734/18723, time remaining: 5m 41s
Rendered 12735/18723, time remaining: 5m 44s
Rendered 12736/18723, time remaining: 5m 43s
Rendered 12737/18723, time remaining: 5m 43s
Rendered 12738/18723, time remaining: 5m 32s
Rendered 12739/18723, time remaining: 5m 34s
Rendered 12740/18723, time remaining: 5m 33s
Rendered 12741/18723, time remaining: 5m 38s
Rendered 12742/18723, time remaining: 5m 38s
Rendered 12743/18723, time remaining: 5m 39s
Rendered 12744/18723, time remaining: 5m 41s
Rendered 12745/18723, time remaining: 5m 34s
Rendered 12746/18723, time remaining: 5m 28s
Rendered 12747/18723, time remaining: 5m 28s
Rendered 12748/18723, time remaining: 5m 30s
Rendered 12749/18723, time remaining: 5m 30s
Rendered 12750/18723, time remaining: 5m 30s
Rendered 12751/18723, time remaining: 5m 32s
Rendered 12752/18723, time remaining: 5m 35s
Rendered 12753/18723, time remaining: 5m 30s
Rendered 12754/18723, time remaining: 5m 24s
Rendered 12755/18723, time remaining: 5m 23s
Rendered 12756/18723, time remaining: 5m 25s
Rendered 12757/18723, time remaining: 5m 30s
Rendered 12758/18723, time remaining: 5m 32s
Rendered 12759/18723, time remaining: 5m 29s
Rendered 12760/18723, time remaining: 5m 28s
Rendered 12761/18723, time remaining: 5m 28s
Rendered 12762/18723, time remaining: 5m 25s
Rendered 12763/18723, time remaining: 5m 22s
Rendered 12764/18723, time remaining: 5m 24s
Rendered 12765/18723, time remaining: 5m 31s
Rendered 12766/18723, time remaining: 5m 27s
Rendered 12767/18723, time remaining: 5m 26s
Rendered 12768/18723, time remaining: 5m 21s
Rendered 12769/18723, time remaining: 5m 20s
Rendered 12770/18723, time remaining: 5m 19s
Rendered 12771/18723, time remaining: 5m 19s
Rendered 12772/18723, time remaining: 5m 21s
Rendered 12773/18723, time remaining: 5m 24s
Rendered 12774/18723, time remaining: 5m 17s
Rendered 12775/18723, time remaining: 5m 16s
Rendered 12776/18723, time remaining: 5m 15s
Rendered 12777/18723, time remaining: 5m 14s
Rendered 12778/18723, time remaining: 5m 13s
Rendered 12779/18723, time remaining: 5m 13s
Rendered 12780/18723, time remaining: 5m 18s
Rendered 12781/18723, time remaining: 5m 9s
Rendered 12782/18723, time remaining: 5m 12s
Rendered 12783/18723, time remaining: 5m 10s
Rendered 12784/18723, time remaining: 5m 10s
Rendered 12785/18723, time remaining: 5m 10s
Rendered 12786/18723, time remaining: 5m 11s
Rendered 12787/18723, time remaining: 5m 15s
Rendered 12788/18723, time remaining: 5m 12s
Rendered 12789/18723, time remaining: 5m 3s
Rendered 12790/18723, time remaining: 5m 7s
Rendered 12791/18723, time remaining: 5m 7s
Rendered 12792/18723, time remaining: 5m 7s
Rendered 12793/18723, time remaining: 5m 6s
Rendered 12794/18723, time remaining: 5m 3s
Rendered 12795/18723, time remaining: 5m 3s
Rendered 12796/18723, time remaining: 5m 5s
Rendered 12797/18723, time remaining: 4m 57s
Rendered 12798/18723, time remaining: 5m 0s
Rendered 12799/18723, time remaining: 4m 59s
Rendered 12800/18723, time remaining: 4m 59s
Rendered 12801/18723, time remaining: 4m 59s
Rendered 12802/18723, time remaining: 4m 58s
Rendered 12803/18723, time remaining: 4m 58s
Rendered 12804/18723, time remaining: 4m 58s
Rendered 12805/18723, time remaining: 4m 51s
Rendered 12806/18723, time remaining: 4m 50s
Rendered 12807/18723, time remaining: 4m 50s
Rendered 12808/18723, time remaining: 4m 52s
Rendered 12809/18723, time remaining: 4m 52s
Rendered 12810/18723, time remaining: 4m 57s
Rendered 12811/18723, time remaining: 4m 53s
Rendered 12812/18723, time remaining: 4m 51s
Rendered 12813/18723, time remaining: 4m 45s
Rendered 12814/18723, time remaining: 4m 45s
Rendered 12815/18723, time remaining: 4m 45s
Rendered 12816/18723, time remaining: 4m 47s
Rendered 12817/18723, time remaining: 4m 47s
Rendered 12818/18723, time remaining: 4m 47s
Rendered 12819/18723, time remaining: 4m 43s
Rendered 12820/18723, time remaining: 4m 44s
Rendered 12821/18723, time remaining: 4m 45s
Rendered 12822/18723, time remaining: 4m 44s
Rendered 12823/18723, time remaining: 4m 42s
Rendered 12824/18723, time remaining: 4m 45s
Rendered 12825/18723, time remaining: 4m 45s
Rendered 12826/18723, time remaining: 4m 47s
Rendered 12827/18723, time remaining: 4m 38s
Rendered 12828/18723, time remaining: 4m 41s
Rendered 12829/18723, time remaining: 4m 41s
Rendered 12830/18723, time remaining: 4m 43s
Rendered 12831/18723, time remaining: 4m 43s
Rendered 12832/18723, time remaining: 4m 45s
Rendered 12833/18723, time remaining: 4m 46s
Rendered 12834/18723, time remaining: 4m 44s
Rendered 12835/18723, time remaining: 4m 35s
Rendered 12836/18723, time remaining: 4m 36s
Rendered 12837/18723, time remaining: 4m 36s
Rendered 12838/18723, time remaining: 4m 39s
Rendered 12839/18723, time remaining: 4m 42s
Rendered 12840/18723, time remaining: 4m 42s
Rendered 12841/18723, time remaining: 4m 34s
Rendered 12842/18723, time remaining: 4m 34s
Rendered 12843/18723, time remaining: 4m 35s
Rendered 12844/18723, time remaining: 4m 35s
Rendered 12845/18723, time remaining: 4m 34s
Rendered 12846/18723, time remaining: 4m 34s
Rendered 12847/18723, time remaining: 4m 35s
Rendered 12848/18723, time remaining: 4m 37s
Rendered 12849/18723, time remaining: 4m 31s
Rendered 12850/18723, time remaining: 4m 33s
Rendered 12851/18723, time remaining: 4m 34s
Rendered 12852/18723, time remaining: 4m 32s
Rendered 12853/18723, time remaining: 4m 32s
Rendered 12854/18723, time remaining: 4m 32s
Rendered 12855/18723, time remaining: 4m 31s
Rendered 12856/18723, time remaining: 4m 31s
Rendered 12857/18723, time remaining: 4m 29s
Rendered 12858/18723, time remaining: 4m 28s
Rendered 12859/18723, time remaining: 4m 29s
Rendered 12860/18723, time remaining: 4m 28s
Rendered 12861/18723, time remaining: 4m 29s
Rendered 12862/18723, time remaining: 4m 29s
Rendered 12863/18723, time remaining: 4m 23s
Rendered 12864/18723, time remaining: 4m 20s
Rendered 12865/18723, time remaining: 4m 21s
Rendered 12866/18723, time remaining: 4m 22s
Rendered 12867/18723, time remaining: 4m 20s
Rendered 12868/18723, time remaining: 4m 21s
Rendered 12869/18723, time remaining: 4m 24s
Rendered 12870/18723, time remaining: 4m 23s
Rendered 12871/18723, time remaining: 4m 23s
Rendered 12872/18723, time remaining: 4m 16s
Rendered 12873/18723, time remaining: 4m 16s
Rendered 12874/18723, time remaining: 4m 18s
Rendered 12875/18723, time remaining: 4m 10s
Rendered 12876/18723, time remaining: 4m 11s
Rendered 12877/18723, time remaining: 4m 10s
Rendered 12878/18723, time remaining: 4m 13s
Rendered 12879/18723, time remaining: 4m 16s
Rendered 12880/18723, time remaining: 4m 18s
Rendered 12881/18723, time remaining: 4m 18s
Rendered 12882/18723, time remaining: 4m 11s
Rendered 12883/18723, time remaining: 4m 7s
Rendered 12884/18723, time remaining: 4m 8s
Rendered 12885/18723, time remaining: 4m 7s
Rendered 12886/18723, time remaining: 4m 13s
Rendered 12887/18723, time remaining: 4m 13s
Rendered 12888/18723, time remaining: 4m 12s
Rendered 12889/18723, time remaining: 4m 11s
Rendered 12890/18723, time remaining: 4m 11s
Rendered 12891/18723, time remaining: 4m 9s
Rendered 12892/18723, time remaining: 4m 9s
Rendered 12893/18723, time remaining: 4m 8s
Rendered 12894/18723, time remaining: 4m 13s
Rendered 12895/18723, time remaining: 4m 13s
Rendered 12896/18723, time remaining: 4m 11s
Rendered 12897/18723, time remaining: 4m 11s
Rendered 12898/18723, time remaining: 4m 8s
Rendered 12899/18723, time remaining: 4m 8s
Rendered 12900/18723, time remaining: 4m 7s
Rendered 12901/18723, time remaining: 4m 9s
Rendered 12902/18723, time remaining: 4m 13s
Rendered 12903/18723, time remaining: 4m 14s
Rendered 12904/18723, time remaining: 4m 14s
Rendered 12905/18723, time remaining: 4m 12s
Rendered 12906/18723, time remaining: 4m 10s
Rendered 12907/18723, time remaining: 4m 6s
Rendered 12908/18723, time remaining: 4m 4s
Rendered 12909/18723, time remaining: 4m 7s
Rendered 12910/18723, time remaining: 4m 11s
Rendered 12911/18723, time remaining: 4m 13s
Rendered 12912/18723, time remaining: 4m 13s
Rendered 12913/18723, time remaining: 4m 13s
Rendered 12914/18723, time remaining: 4m 11s
Rendered 12915/18723, time remaining: 4m 4s
Rendered 12916/18723, time remaining: 4m 6s
Rendered 12917/18723, time remaining: 4m 11s
Rendered 12918/18723, time remaining: 4m 11s
Rendered 12919/18723, time remaining: 4m 11s
Rendered 12920/18723, time remaining: 4m 12s
Rendered 12921/18723, time remaining: 4m 14s
Rendered 12922/18723, time remaining: 4m 13s
Rendered 12923/18723, time remaining: 4m 5s
Rendered 12924/18723, time remaining: 4m 8s
Rendered 12925/18723, time remaining: 4m 11s
Rendered 12926/18723, time remaining: 4m 10s
Rendered 12927/18723, time remaining: 4m 10s
Rendered 12928/18723, time remaining: 4m 11s
Rendered 12929/18723, time remaining: 4m 11s
Rendered 12930/18723, time remaining: 4m 6s
Rendered 12931/18723, time remaining: 4m 6s
Rendered 12932/18723, time remaining: 4m 6s
Rendered 12933/18723, time remaining: 4m 9s
Rendered 12934/18723, time remaining: 4m 10s
Rendered 12935/18723, time remaining: 4m 10s
Rendered 12936/18723, time remaining: 4m 10s
Rendered 12937/18723, time remaining: 4m 9s
Rendered 12938/18723, time remaining: 4m 7s
Rendered 12939/18723, time remaining: 4m 7s
Rendered 12940/18723, time remaining: 4m 4s
Rendered 12941/18723, time remaining: 4m 9s
Rendered 12942/18723, time remaining: 4m 9s
Rendered 12943/18723, time remaining: 4m 12s
Rendered 12944/18723, time remaining: 4m 12s
Rendered 12945/18723, time remaining: 4m 11s
Rendered 12946/18723, time remaining: 4m 10s
Rendered 12947/18723, time remaining: 4m 8s
Rendered 12948/18723, time remaining: 4m 5s
Rendered 12949/18723, time remaining: 4m 10s
Rendered 12950/18723, time remaining: 4m 10s
Rendered 12951/18723, time remaining: 4m 12s
Rendered 12952/18723, time remaining: 4m 14s
Rendered 12953/18723, time remaining: 4m 10s
Rendered 12954/18723, time remaining: 4m 10s
Rendered 12955/18723, time remaining: 4m 6s
Rendered 12956/18723, time remaining: 4m 6s
Rendered 12957/18723, time remaining: 4m 6s
Rendered 12958/18723, time remaining: 4m 7s
Rendered 12959/18723, time remaining: 4m 11s
Rendered 12960/18723, time remaining: 4m 6s
Rendered 12961/18723, time remaining: 4m 9s
Rendered 12962/18723, time remaining: 4m 8s
Rendered 12963/18723, time remaining: 4m 4s
Rendered 12964/18723, time remaining: 4m 7s
Rendered 12965/18723, time remaining: 4m 8s
Rendered 12966/18723, time remaining: 4m 9s
Rendered 12967/18723, time remaining: 4m 8s
Rendered 12968/18723, time remaining: 4m 9s
Rendered 12969/18723, time remaining: 4m 9s
Rendered 12970/18723, time remaining: 4m 6s
Rendered 12971/18723, time remaining: 4m 4s
Rendered 12972/18723, time remaining: 4m 5s
Rendered 12973/18723, time remaining: 4m 11s
Rendered 12974/18723, time remaining: 4m 8s
Rendered 12975/18723, time remaining: 4m 8s
Rendered 12976/18723, time remaining: 4m 6s
Rendered 12977/18723, time remaining: 4m 6s
Rendered 12978/18723, time remaining: 4m 3s
Rendered 12979/18723, time remaining: 4m 6s
Rendered 12980/18723, time remaining: 4m 4s
Rendered 12981/18723, time remaining: 4m 8s
Rendered 12982/18723, time remaining: 4m 5s
Rendered 12983/18723, time remaining: 4m 3s
Rendered 12984/18723, time remaining: 4m 3s
Rendered 12985/18723, time remaining: 4m 6s
Rendered 12986/18723, time remaining: 4m 7s
Rendered 12987/18723, time remaining: 4m 9s
Rendered 12988/18723, time remaining: 4m 7s
Rendered 12989/18723, time remaining: 4m 3s
Rendered 12990/18723, time remaining: 4m 4s
Rendered 12991/18723, time remaining: 4m 6s
Rendered 12992/18723, time remaining: 4m 8s
Rendered 12993/18723, time remaining: 4m 7s
Rendered 12994/18723, time remaining: 4m 7s
Rendered 12995/18723, time remaining: 4m 7s
Rendered 12996/18723, time remaining: 4m 6s
Rendered 12997/18723, time remaining: 4m 6s
Rendered 12998/18723, time remaining: 4m 7s
Rendered 12999/18723, time remaining: 4m 7s
Rendered 13000/18723, time remaining: 4m 4s
Rendered 13001/18723, time remaining: 4m 2s
Rendered 13002/18723, time remaining: 4m 2s
Rendered 13003/18723, time remaining: 4m 5s
Rendered 13004/18723, time remaining: 4m 8s
Rendered 13005/18723, time remaining: 4m 8s
Rendered 13006/18723, time remaining: 4m 8s
Rendered 13007/18723, time remaining: 4m 8s
Rendered 13008/18723, time remaining: 4m 4s
Rendered 13009/18723, time remaining: 4m 7s
Rendered 13010/18723, time remaining: 4m 7s
Rendered 13011/18723, time remaining: 4m 7s
Rendered 13012/18723, time remaining: 4m 7s
Rendered 13013/18723, time remaining: 4m 7s
Rendered 13014/18723, time remaining: 4m 8s
Rendered 13015/18723, time remaining: 4m 8s
Rendered 13016/18723, time remaining: 4m 6s
Rendered 13017/18723, time remaining: 4m 7s
Rendered 13018/18723, time remaining: 4m 7s
Rendered 13019/18723, time remaining: 4m 4s
Rendered 13020/18723, time remaining: 4m 1s
Rendered 13021/18723, time remaining: 4m 4s
Rendered 13022/18723, time remaining: 4m 5s
Rendered 13023/18723, time remaining: 4m 4s
Rendered 13024/18723, time remaining: 4m 6s
Rendered 13025/18723, time remaining: 4m 8s
Rendered 13026/18723, time remaining: 4m 7s
Rendered 13027/18723, time remaining: 4m 9s
Rendered 13028/18723, time remaining: 4m 6s
Rendered 13029/18723, time remaining: 4m 4s
Rendered 13030/18723, time remaining: 4m 1s
Rendered 13031/18723, time remaining: 4m 4s
Rendered 13032/18723, time remaining: 4m 5s
Rendered 13033/18723, time remaining: 4m 8s
Rendered 13034/18723, time remaining: 4m 7s
Rendered 13035/18723, time remaining: 4m 8s
Rendered 13036/18723, time remaining: 4m 2s
Rendered 13037/18723, time remaining: 4m 2s
Rendered 13038/18723, time remaining: 4m 3s
Rendered 13039/18723, time remaining: 4m 3s
Rendered 13040/18723, time remaining: 4m 3s
Rendered 13041/18723, time remaining: 4m 2s
Rendered 13042/18723, time remaining: 4m 5s
Rendered 13043/18723, time remaining: 4m 7s
Rendered 13044/18723, time remaining: 4m 0s
Rendered 13045/18723, time remaining: 4m 0s
Rendered 13046/18723, time remaining: 4m 1s
Rendered 13047/18723, time remaining: 4m 6s
Rendered 13048/18723, time remaining: 4m 6s
Rendered 13049/18723, time remaining: 4m 6s
Rendered 13050/18723, time remaining: 4m 8s
Rendered 13051/18723, time remaining: 4m 4s
Rendered 13052/18723, time remaining: 3m 57s
Rendered 13053/18723, time remaining: 4m 1s
Rendered 13054/18723, time remaining: 4m 2s
Rendered 13055/18723, time remaining: 4m 2s
Rendered 13056/18723, time remaining: 4m 1s
Rendered 13057/18723, time remaining: 4m 4s
Rendered 13058/18723, time remaining: 4m 5s
Rendered 13059/18723, time remaining: 4m 2s
Rendered 13060/18723, time remaining: 3m 58s
Rendered 13061/18723, time remaining: 3m 57s
Rendered 13062/18723, time remaining: 4m 2s
Rendered 13063/18723, time remaining: 4m 2s
Rendered 13064/18723, time remaining: 4m 1s
Rendered 13065/18723, time remaining: 4m 2s
Rendered 13066/18723, time remaining: 4m 2s
Rendered 13067/18723, time remaining: 3m 57s
Rendered 13068/18723, time remaining: 3m 59s
Rendered 13069/18723, time remaining: 3m 59s
Rendered 13070/18723, time remaining: 3m 57s
Rendered 13071/18723, time remaining: 4m 0s
Rendered 13072/18723, time remaining: 3m 58s
Rendered 13073/18723, time remaining: 4m 2s
Rendered 13074/18723, time remaining: 3m 58s
Rendered 13075/18723, time remaining: 3m 55s
Rendered 13076/18723, time remaining: 3m 58s
Rendered 13077/18723, time remaining: 4m 0s
Rendered 13078/18723, time remaining: 4m 0s
Rendered 13079/18723, time remaining: 4m 0s
Rendered 13080/18723, time remaining: 4m 1s
Rendered 13081/18723, time remaining: 4m 0s
Rendered 13082/18723, time remaining: 3m 59s
Rendered 13083/18723, time remaining: 3m 56s
Rendered 13084/18723, time remaining: 3m 58s
Rendered 13085/18723, time remaining: 3m 57s
Rendered 13086/18723, time remaining: 3m 57s
Rendered 13087/18723, time remaining: 3m 55s
Rendered 13088/18723, time remaining: 3m 57s
Rendered 13089/18723, time remaining: 4m 1s
Rendered 13090/18723, time remaining: 3m 59s
Rendered 13091/18723, time remaining: 3m 56s
Rendered 13092/18723, time remaining: 3m 56s
Rendered 13093/18723, time remaining: 3m 53s
Rendered 13094/18723, time remaining: 3m 56s
Rendered 13095/18723, time remaining: 3m 56s
Rendered 13096/18723, time remaining: 3m 58s
Rendered 13097/18723, time remaining: 3m 59s
Rendered 13098/18723, time remaining: 3m 59s
Rendered 13099/18723, time remaining: 3m 54s
Rendered 13100/18723, time remaining: 3m 54s
Rendered 13101/18723, time remaining: 3m 54s
Rendered 13102/18723, time remaining: 3m 55s
Rendered 13103/18723, time remaining: 3m 55s
Rendered 13104/18723, time remaining: 3m 59s
Rendered 13105/18723, time remaining: 3m 58s
Rendered 13106/18723, time remaining: 3m 59s
Rendered 13107/18723, time remaining: 3m 59s
Rendered 13108/18723, time remaining: 3m 55s
Rendered 13109/18723, time remaining: 3m 54s
Rendered 13110/18723, time remaining: 3m 58s
Rendered 13111/18723, time remaining: 3m 56s
Rendered 13112/18723, time remaining: 3m 59s
Rendered 13113/18723, time remaining: 3m 59s
Rendered 13114/18723, time remaining: 3m 57s
Rendered 13115/18723, time remaining: 3m 56s
Rendered 13116/18723, time remaining: 3m 56s
Rendered 13117/18723, time remaining: 3m 56s
Rendered 13118/18723, time remaining: 3m 57s
Rendered 13119/18723, time remaining: 3m 57s
Rendered 13120/18723, time remaining: 4m 1s
Rendered 13121/18723, time remaining: 3m 59s
Rendered 13122/18723, time remaining: 3m 58s
Rendered 13123/18723, time remaining: 3m 52s
Rendered 13124/18723, time remaining: 3m 56s
Rendered 13125/18723, time remaining: 3m 55s
Rendered 13126/18723, time remaining: 3m 58s
Rendered 13127/18723, time remaining: 3m 59s
Rendered 13128/18723, time remaining: 4m 0s
Rendered 13129/18723, time remaining: 3m 57s
Rendered 13130/18723, time remaining: 3m 57s
Rendered 13131/18723, time remaining: 3m 53s
Rendered 13132/18723, time remaining: 3m 53s
Rendered 13133/18723, time remaining: 3m 56s
Rendered 13134/18723, time remaining: 3m 56s
Rendered 13135/18723, time remaining: 3m 58s
Rendered 13136/18723, time remaining: 3m 56s
Rendered 13137/18723, time remaining: 3m 54s
Rendered 13138/18723, time remaining: 3m 53s
Rendered 13139/18723, time remaining: 3m 56s
Rendered 13140/18723, time remaining: 3m 57s
Rendered 13141/18723, time remaining: 3m 56s
Rendered 13142/18723, time remaining: 3m 54s
Rendered 13143/18723, time remaining: 3m 53s
Rendered 13144/18723, time remaining: 3m 56s
Rendered 13145/18723, time remaining: 3m 57s
Rendered 13146/18723, time remaining: 3m 57s
Rendered 13147/18723, time remaining: 3m 52s
Rendered 13148/18723, time remaining: 3m 51s
Rendered 13149/18723, time remaining: 3m 51s
Rendered 13150/18723, time remaining: 3m 53s
Rendered 13151/18723, time remaining: 3m 53s
Rendered 13152/18723, time remaining: 3m 56s
Rendered 13153/18723, time remaining: 3m 55s
Rendered 13154/18723, time remaining: 3m 54s
Rendered 13155/18723, time remaining: 3m 53s
Rendered 13156/18723, time remaining: 3m 53s
Rendered 13157/18723, time remaining: 3m 54s
Rendered 13158/18723, time remaining: 3m 53s
Rendered 13159/18723, time remaining: 3m 50s
Rendered 13160/18723, time remaining: 3m 53s
Rendered 13161/18723, time remaining: 3m 54s
Rendered 13162/18723, time remaining: 3m 54s
Rendered 13163/18723, time remaining: 3m 54s
Rendered 13164/18723, time remaining: 3m 50s
Rendered 13165/18723, time remaining: 3m 50s
Rendered 13166/18723, time remaining: 3m 48s
Rendered 13167/18723, time remaining: 3m 48s
Rendered 13168/18723, time remaining: 3m 54s
Rendered 13169/18723, time remaining: 3m 54s
Rendered 13170/18723, time remaining: 3m 54s
Rendered 13171/18723, time remaining: 3m 51s
Rendered 13172/18723, time remaining: 3m 50s
Rendered 13173/18723, time remaining: 3m 50s
Rendered 13174/18723, time remaining: 3m 49s
Rendered 13175/18723, time remaining: 3m 48s
Rendered 13176/18723, time remaining: 3m 48s
Rendered 13177/18723, time remaining: 3m 50s
Rendered 13178/18723, time remaining: 3m 50s
Rendered 13179/18723, time remaining: 3m 53s
Rendered 13180/18723, time remaining: 3m 55s
Rendered 13181/18723, time remaining: 3m 52s
Rendered 13182/18723, time remaining: 3m 52s
Rendered 13183/18723, time remaining: 3m 50s
Rendered 13184/18723, time remaining: 3m 50s
Rendered 13185/18723, time remaining: 3m 47s
Rendered 13186/18723, time remaining: 3m 50s
Rendered 13187/18723, time remaining: 3m 51s
Rendered 13188/18723, time remaining: 3m 53s
Rendered 13189/18723, time remaining: 3m 51s
Rendered 13190/18723, time remaining: 3m 51s
Rendered 13191/18723, time remaining: 3m 53s
Rendered 13192/18723, time remaining: 3m 50s
Rendered 13193/18723, time remaining: 3m 50s
Rendered 13194/18723, time remaining: 3m 53s
Rendered 13195/18723, time remaining: 3m 53s
Rendered 13196/18723, time remaining: 3m 53s
Rendered 13197/18723, time remaining: 3m 49s
Rendered 13198/18723, time remaining: 3m 52s
Rendered 13199/18723, time remaining: 3m 52s
Rendered 13200/18723, time remaining: 3m 50s
Rendered 13201/18723, time remaining: 3m 49s
Rendered 13202/18723, time remaining: 3m 54s
Rendered 13203/18723, time remaining: 3m 49s
Rendered 13204/18723, time remaining: 3m 53s
Rendered 13205/18723, time remaining: 3m 53s
Rendered 13206/18723, time remaining: 3m 54s
Rendered 13207/18723, time remaining: 3m 51s
Rendered 13208/18723, time remaining: 3m 49s
Rendered 13209/18723, time remaining: 3m 53s
Rendered 13210/18723, time remaining: 3m 57s
Rendered 13211/18723, time remaining: 3m 56s
Rendered 13212/18723, time remaining: 3m 51s
Rendered 13213/18723, time remaining: 3m 51s
Rendered 13214/18723, time remaining: 3m 55s
Rendered 13215/18723, time remaining: 3m 55s
Rendered 13216/18723, time remaining: 3m 55s
Rendered 13217/18723, time remaining: 3m 58s
Rendered 13218/18723, time remaining: 3m 56s
Rendered 13219/18723, time remaining: 3m 56s
Rendered 13220/18723, time remaining: 3m 56s
Rendered 13221/18723, time remaining: 3m 55s
Rendered 13222/18723, time remaining: 4m 0s
Rendered 13223/18723, time remaining: 3m 56s
Rendered 13224/18723, time remaining: 3m 58s
Rendered 13225/18723, time remaining: 4m 0s
Rendered 13226/18723, time remaining: 3m 56s
Rendered 13227/18723, time remaining: 3m 54s
Rendered 13228/18723, time remaining: 3m 54s
Rendered 13229/18723, time remaining: 3m 56s
Rendered 13230/18723, time remaining: 4m 2s
Rendered 13231/18723, time remaining: 4m 0s
Rendered 13232/18723, time remaining: 3m 58s
Rendered 13233/18723, time remaining: 3m 58s
Rendered 13234/18723, time remaining: 3m 58s
Rendered 13235/18723, time remaining: 3m 58s
Rendered 13236/18723, time remaining: 4m 0s
Rendered 13237/18723, time remaining: 3m 59s
Rendered 13238/18723, time remaining: 4m 0s
Rendered 13239/18723, time remaining: 3m 56s
Rendered 13240/18723, time remaining: 3m 56s
Rendered 13241/18723, time remaining: 3m 55s
Rendered 13242/18723, time remaining: 3m 55s
Rendered 13243/18723, time remaining: 3m 58s
Rendered 13244/18723, time remaining: 4m 2s
Rendered 13245/18723, time remaining: 4m 1s
Rendered 13246/18723, time remaining: 4m 0s
Rendered 13247/18723, time remaining: 3m 55s
Rendered 13248/18723, time remaining: 3m 55s
Rendered 13249/18723, time remaining: 3m 55s
Rendered 13250/18723, time remaining: 3m 56s
Rendered 13251/18723, time remaining: 4m 2s
Rendered 13252/18723, time remaining: 3m 59s
Rendered 13253/18723, time remaining: 3m 59s
Rendered 13254/18723, time remaining: 3m 56s
Rendered 13255/18723, time remaining: 3m 59s
Rendered 13256/18723, time remaining: 4m 1s
Rendered 13257/18723, time remaining: 4m 1s
Rendered 13258/18723, time remaining: 4m 0s
Rendered 13259/18723, time remaining: 4m 1s
Rendered 13260/18723, time remaining: 3m 57s
Rendered 13261/18723, time remaining: 3m 58s
Rendered 13262/18723, time remaining: 3m 58s
Rendered 13263/18723, time remaining: 3m 57s
Rendered 13264/18723, time remaining: 3m 58s
Rendered 13265/18723, time remaining: 3m 58s
Rendered 13266/18723, time remaining: 3m 56s
Rendered 13267/18723, time remaining: 3m 59s
Rendered 13268/18723, time remaining: 3m 56s
Rendered 13269/18723, time remaining: 3m 59s
Rendered 13270/18723, time remaining: 3m 56s
Rendered 13271/18723, time remaining: 3m 56s
Rendered 13272/18723, time remaining: 3m 56s
Rendered 13273/18723, time remaining: 3m 56s
Rendered 13274/18723, time remaining: 3m 54s
Rendered 13275/18723, time remaining: 3m 56s
Rendered 13276/18723, time remaining: 3m 56s
Rendered 13277/18723, time remaining: 3m 55s
Rendered 13278/18723, time remaining: 3m 54s
Rendered 13279/18723, time remaining: 3m 56s
Rendered 13280/18723, time remaining: 3m 56s
Rendered 13281/18723, time remaining: 3m 56s
Rendered 13282/18723, time remaining: 3m 58s
Rendered 13283/18723, time remaining: 3m 56s
Rendered 13284/18723, time remaining: 3m 58s
Rendered 13285/18723, time remaining: 3m 55s
Rendered 13286/18723, time remaining: 3m 56s
Rendered 13287/18723, time remaining: 3m 56s
Rendered 13288/18723, time remaining: 3m 58s
Rendered 13289/18723, time remaining: 3m 56s
Rendered 13290/18723, time remaining: 3m 52s
Rendered 13291/18723, time remaining: 3m 52s
Rendered 13292/18723, time remaining: 3m 56s
Rendered 13293/18723, time remaining: 3m 55s
Rendered 13294/18723, time remaining: 3m 56s
Rendered 13295/18723, time remaining: 3m 56s
Rendered 13296/18723, time remaining: 3m 56s
Rendered 13297/18723, time remaining: 3m 56s
Rendered 13298/18723, time remaining: 3m 57s
Rendered 13299/18723, time remaining: 3m 58s
Rendered 13300/18723, time remaining: 3m 59s
Rendered 13301/18723, time remaining: 3m 59s
Rendered 13302/18723, time remaining: 3m 59s
Rendered 13303/18723, time remaining: 3m 58s
Rendered 13304/18723, time remaining: 3m 55s
Rendered 13305/18723, time remaining: 3m 56s
Rendered 13306/18723, time remaining: 3m 56s
Rendered 13307/18723, time remaining: 3m 57s
Rendered 13308/18723, time remaining: 3m 54s
Rendered 13309/18723, time remaining: 3m 55s
Rendered 13310/18723, time remaining: 3m 56s
Rendered 13311/18723, time remaining: 3m 57s
Rendered 13312/18723, time remaining: 3m 56s
Rendered 13313/18723, time remaining: 3m 58s
Rendered 13314/18723, time remaining: 3m 58s
Rendered 13315/18723, time remaining: 3m 57s
Rendered 13316/18723, time remaining: 3m 56s
Rendered 13317/18723, time remaining: 3m 58s
Rendered 13318/18723, time remaining: 3m 51s
Rendered 13319/18723, time remaining: 3m 52s
Rendered 13320/18723, time remaining: 3m 56s
Rendered 13321/18723, time remaining: 3m 56s
Rendered 13322/18723, time remaining: 3m 56s
Rendered 13323/18723, time remaining: 3m 58s
Rendered 13324/18723, time remaining: 3m 57s
Rendered 13325/18723, time remaining: 3m 57s
Rendered 13326/18723, time remaining: 3m 56s
Rendered 13327/18723, time remaining: 3m 54s
Rendered 13328/18723, time remaining: 3m 56s
Rendered 13329/18723, time remaining: 3m 55s
Rendered 13330/18723, time remaining: 3m 53s
Rendered 13331/18723, time remaining: 3m 52s
Rendered 13332/18723, time remaining: 3m 52s
Rendered 13333/18723, time remaining: 3m 55s
Rendered 13334/18723, time remaining: 3m 56s
Rendered 13335/18723, time remaining: 3m 56s
Rendered 13336/18723, time remaining: 3m 57s
Rendered 13337/18723, time remaining: 3m 56s
Rendered 13338/18723, time remaining: 3m 53s
Rendered 13339/18723, time remaining: 3m 53s
Rendered 13340/18723, time remaining: 3m 53s
Rendered 13341/18723, time remaining: 3m 50s
Rendered 13342/18723, time remaining: 3m 52s
Rendered 13343/18723, time remaining: 3m 52s
Rendered 13344/18723, time remaining: 3m 54s
Rendered 13345/18723, time remaining: 3m 56s
Rendered 13346/18723, time remaining: 3m 54s
Rendered 13347/18723, time remaining: 3m 54s
Rendered 13348/18723, time remaining: 3m 51s
Rendered 13349/18723, time remaining: 3m 51s
Rendered 13350/18723, time remaining: 3m 54s
Rendered 13351/18723, time remaining: 3m 55s
Rendered 13352/18723, time remaining: 3m 54s
Rendered 13353/18723, time remaining: 3m 54s
Rendered 13354/18723, time remaining: 3m 49s
Rendered 13355/18723, time remaining: 3m 49s
Rendered 13356/18723, time remaining: 3m 50s
Rendered 13357/18723, time remaining: 3m 52s
Rendered 13358/18723, time remaining: 3m 52s
Rendered 13359/18723, time remaining: 3m 52s
Rendered 13360/18723, time remaining: 3m 48s
Rendered 13361/18723, time remaining: 3m 49s
Rendered 13362/18723, time remaining: 3m 49s
Rendered 13363/18723, time remaining: 3m 50s
Rendered 13364/18723, time remaining: 3m 46s
Rendered 13365/18723, time remaining: 3m 46s
Rendered 13366/18723, time remaining: 3m 45s
Rendered 13367/18723, time remaining: 3m 44s
Rendered 13368/18723, time remaining: 3m 43s
Rendered 13369/18723, time remaining: 3m 49s
Rendered 13370/18723, time remaining: 3m 49s
Rendered 13371/18723, time remaining: 3m 47s
Rendered 13372/18723, time remaining: 3m 42s
Rendered 13373/18723, time remaining: 3m 44s
Rendered 13374/18723, time remaining: 3m 46s
Rendered 13375/18723, time remaining: 3m 45s
Rendered 13376/18723, time remaining: 3m 45s
Rendered 13377/18723, time remaining: 3m 45s
Rendered 13378/18723, time remaining: 3m 45s
Rendered 13379/18723, time remaining: 3m 43s
Rendered 13380/18723, time remaining: 3m 39s
Rendered 13381/18723, time remaining: 3m 41s
Rendered 13382/18723, time remaining: 3m 43s
Rendered 13383/18723, time remaining: 3m 45s
Rendered 13384/18723, time remaining: 3m 42s
Rendered 13385/18723, time remaining: 3m 43s
Rendered 13386/18723, time remaining: 3m 41s
Rendered 13387/18723, time remaining: 3m 41s
Rendered 13388/18723, time remaining: 3m 41s
Rendered 13389/18723, time remaining: 3m 43s
Rendered 13390/18723, time remaining: 3m 43s
Rendered 13391/18723, time remaining: 3m 43s
Rendered 13392/18723, time remaining: 3m 45s
Rendered 13393/18723, time remaining: 3m 42s
Rendered 13394/18723, time remaining: 3m 35s
Rendered 13395/18723, time remaining: 3m 39s
Rendered 13396/18723, time remaining: 3m 42s
Rendered 13397/18723, time remaining: 3m 42s
Rendered 13398/18723, time remaining: 3m 43s
Rendered 13399/18723, time remaining: 3m 43s
Rendered 13400/18723, time remaining: 3m 42s
Rendered 13401/18723, time remaining: 3m 35s
Rendered 13402/18723, time remaining: 3m 36s
Rendered 13403/18723, time remaining: 3m 40s
Rendered 13404/18723, time remaining: 3m 42s
Rendered 13405/18723, time remaining: 3m 40s
Rendered 13406/18723, time remaining: 3m 38s
Rendered 13407/18723, time remaining: 3m 38s
Rendered 13408/18723, time remaining: 3m 39s
Rendered 13409/18723, time remaining: 3m 35s
Rendered 13410/18723, time remaining: 3m 34s
Rendered 13411/18723, time remaining: 3m 37s
Rendered 13412/18723, time remaining: 3m 39s
Rendered 13413/18723, time remaining: 3m 39s
Rendered 13414/18723, time remaining: 3m 38s
Rendered 13415/18723, time remaining: 3m 41s
Rendered 13416/18723, time remaining: 3m 41s
Rendered 13417/18723, time remaining: 3m 37s
Rendered 13418/18723, time remaining: 3m 37s
Rendered 13419/18723, time remaining: 3m 37s
Rendered 13420/18723, time remaining: 3m 37s
Rendered 13421/18723, time remaining: 3m 37s
Rendered 13422/18723, time remaining: 3m 38s
Rendered 13423/18723, time remaining: 3m 39s
Rendered 13424/18723, time remaining: 3m 43s
Rendered 13425/18723, time remaining: 3m 40s
Rendered 13426/18723, time remaining: 3m 37s
Rendered 13427/18723, time remaining: 3m 38s
Rendered 13428/18723, time remaining: 3m 38s
Rendered 13429/18723, time remaining: 3m 36s
Rendered 13430/18723, time remaining: 3m 37s
Rendered 13431/18723, time remaining: 3m 39s
Rendered 13432/18723, time remaining: 3m 40s
Rendered 13433/18723, time remaining: 3m 40s
Rendered 13434/18723, time remaining: 3m 38s
Rendered 13435/18723, time remaining: 3m 39s
Rendered 13436/18723, time remaining: 3m 39s
Rendered 13437/18723, time remaining: 3m 39s
Rendered 13438/18723, time remaining: 3m 37s
Rendered 13439/18723, time remaining: 3m 37s
Rendered 13440/18723, time remaining: 3m 42s
Rendered 13441/18723, time remaining: 3m 41s
Rendered 13442/18723, time remaining: 3m 38s
Rendered 13443/18723, time remaining: 3m 37s
Rendered 13444/18723, time remaining: 3m 37s
Rendered 13445/18723, time remaining: 3m 37s
Rendered 13446/18723, time remaining: 3m 37s
Rendered 13447/18723, time remaining: 3m 38s
Rendered 13448/18723, time remaining: 3m 35s
Rendered 13449/18723, time remaining: 3m 37s
Rendered 13450/18723, time remaining: 3m 35s
Rendered 13451/18723, time remaining: 3m 36s
Rendered 13452/18723, time remaining: 3m 33s
Rendered 13453/18723, time remaining: 3m 33s
Rendered 13454/18723, time remaining: 3m 35s
Rendered 13455/18723, time remaining: 3m 36s
Rendered 13456/18723, time remaining: 3m 37s
Rendered 13457/18723, time remaining: 3m 35s
Rendered 13458/18723, time remaining: 3m 37s
Rendered 13459/18723, time remaining: 3m 37s
Rendered 13460/18723, time remaining: 3m 32s
Rendered 13461/18723, time remaining: 3m 31s
Rendered 13462/18723, time remaining: 3m 31s
Rendered 13463/18723, time remaining: 3m 33s
Rendered 13464/18723, time remaining: 3m 35s
Rendered 13465/18723, time remaining: 3m 35s
Rendered 13466/18723, time remaining: 3m 37s
Rendered 13467/18723, time remaining: 3m 37s
Rendered 13468/18723, time remaining: 3m 37s
Rendered 13469/18723, time remaining: 3m 36s
Rendered 13470/18723, time remaining: 3m 32s
Rendered 13471/18723, time remaining: 3m 34s
Rendered 13472/18723, time remaining: 3m 37s
Rendered 13473/18723, time remaining: 3m 35s
Rendered 13474/18723, time remaining: 3m 34s
Rendered 13475/18723, time remaining: 3m 33s
Rendered 13476/18723, time remaining: 3m 33s
Rendered 13477/18723, time remaining: 3m 34s
Rendered 13478/18723, time remaining: 3m 33s
Rendered 13479/18723, time remaining: 3m 34s
Rendered 13480/18723, time remaining: 3m 34s
Rendered 13481/18723, time remaining: 3m 34s
Rendered 13482/18723, time remaining: 3m 35s
Rendered 13483/18723, time remaining: 3m 31s
Rendered 13484/18723, time remaining: 3m 30s
Rendered 13485/18723, time remaining: 3m 30s
Rendered 13486/18723, time remaining: 3m 30s
Rendered 13487/18723, time remaining: 3m 33s
Rendered 13488/18723, time remaining: 3m 34s
Rendered 13489/18723, time remaining: 3m 34s
Rendered 13490/18723, time remaining: 3m 36s
Rendered 13491/18723, time remaining: 3m 39s
Rendered 13492/18723, time remaining: 3m 36s
Rendered 13493/18723, time remaining: 3m 34s
Rendered 13494/18723, time remaining: 3m 30s
Rendered 13495/18723, time remaining: 3m 31s
Rendered 13496/18723, time remaining: 3m 31s
Rendered 13497/18723, time remaining: 3m 32s
Rendered 13498/18723, time remaining: 3m 33s
Rendered 13499/18723, time remaining: 3m 35s
Rendered 13500/18723, time remaining: 3m 32s
Rendered 13501/18723, time remaining: 3m 32s
Rendered 13502/18723, time remaining: 3m 30s
Rendered 13503/18723, time remaining: 3m 30s
Rendered 13504/18723, time remaining: 3m 34s
Rendered 13505/18723, time remaining: 3m 34s
Rendered 13506/18723, time remaining: 3m 33s
Rendered 13507/18723, time remaining: 3m 31s
Rendered 13508/18723, time remaining: 3m 31s
Rendered 13509/18723, time remaining: 3m 31s
Rendered 13510/18723, time remaining: 3m 32s
Rendered 13511/18723, time remaining: 3m 34s
Rendered 13512/18723, time remaining: 3m 33s
Rendered 13513/18723, time remaining: 3m 34s
Rendered 13514/18723, time remaining: 3m 36s
Rendered 13515/18723, time remaining: 3m 35s
Rendered 13516/18723, time remaining: 3m 34s
Rendered 13517/18723, time remaining: 3m 33s
Rendered 13518/18723, time remaining: 3m 35s
Rendered 13519/18723, time remaining: 3m 31s
Rendered 13520/18723, time remaining: 3m 31s
Rendered 13521/18723, time remaining: 3m 32s
Rendered 13522/18723, time remaining: 3m 31s
Rendered 13523/18723, time remaining: 3m 30s
Rendered 13524/18723, time remaining: 3m 25s
Rendered 13525/18723, time remaining: 3m 26s
Rendered 13526/18723, time remaining: 3m 26s
Rendered 13527/18723, time remaining: 3m 25s
Rendered 13528/18723, time remaining: 3m 25s
Rendered 13529/18723, time remaining: 3m 26s
Rendered 13530/18723, time remaining: 3m 24s
Rendered 13531/18723, time remaining: 3m 21s
Rendered 13532/18723, time remaining: 3m 19s
Rendered 13533/18723, time remaining: 3m 18s
Rendered 13534/18723, time remaining: 3m 17s
Rendered 13535/18723, time remaining: 3m 16s
Rendered 13536/18723, time remaining: 3m 16s
Rendered 13537/18723, time remaining: 3m 18s
Rendered 13538/18723, time remaining: 3m 15s
Rendered 13539/18723, time remaining: 3m 12s
Rendered 13540/18723, time remaining: 3m 13s
Rendered 13541/18723, time remaining: 3m 18s
Rendered 13542/18723, time remaining: 3m 16s
Rendered 13543/18723, time remaining: 3m 16s
Rendered 13544/18723, time remaining: 3m 16s
Rendered 13545/18723, time remaining: 3m 15s
Rendered 13546/18723, time remaining: 3m 12s
Rendered 13547/18723, time remaining: 3m 12s
Rendered 13548/18723, time remaining: 3m 11s
Rendered 13549/18723, time remaining: 3m 14s
Rendered 13550/18723, time remaining: 3m 14s
Rendered 13551/18723, time remaining: 3m 14s
Rendered 13552/18723, time remaining: 3m 15s
Rendered 13553/18723, time remaining: 3m 14s
Rendered 13554/18723, time remaining: 3m 11s
Rendered 13555/18723, time remaining: 3m 11s
Rendered 13556/18723, time remaining: 3m 11s
Rendered 13557/18723, time remaining: 3m 10s
Rendered 13558/18723, time remaining: 3m 10s
Rendered 13559/18723, time remaining: 3m 10s
Rendered 13560/18723, time remaining: 3m 13s
Rendered 13561/18723, time remaining: 3m 15s
Rendered 13562/18723, time remaining: 3m 10s
Rendered 13563/18723, time remaining: 3m 10s
Rendered 13564/18723, time remaining: 3m 10s
Rendered 13565/18723, time remaining: 3m 9s
Rendered 13566/18723, time remaining: 3m 9s
Rendered 13567/18723, time remaining: 3m 8s
Rendered 13568/18723, time remaining: 3m 12s
Rendered 13569/18723, time remaining: 3m 11s
Rendered 13570/18723, time remaining: 3m 11s
Rendered 13571/18723, time remaining: 3m 10s
Rendered 13572/18723, time remaining: 3m 9s
Rendered 13573/18723, time remaining: 3m 7s
Rendered 13574/18723, time remaining: 3m 6s
Rendered 13575/18723, time remaining: 3m 6s
Rendered 13576/18723, time remaining: 3m 8s
Rendered 13577/18723, time remaining: 3m 9s
Rendered 13578/18723, time remaining: 3m 9s
Rendered 13579/18723, time remaining: 3m 10s
Rendered 13580/18723, time remaining: 3m 9s
Rendered 13581/18723, time remaining: 3m 8s
Rendered 13582/18723, time remaining: 3m 6s
Rendered 13583/18723, time remaining: 3m 7s
Rendered 13584/18723, time remaining: 3m 8s
Rendered 13585/18723, time remaining: 3m 6s
Rendered 13586/18723, time remaining: 3m 5s
Rendered 13587/18723, time remaining: 3m 5s
Rendered 13588/18723, time remaining: 3m 5s
Rendered 13589/18723, time remaining: 3m 6s
Rendered 13590/18723, time remaining: 3m 5s
Rendered 13591/18723, time remaining: 3m 5s
Rendered 13592/18723, time remaining: 3m 5s
Rendered 13593/18723, time remaining: 3m 8s
Rendered 13594/18723, time remaining: 3m 4s
Rendered 13595/18723, time remaining: 3m 4s
Rendered 13596/18723, time remaining: 3m 6s
Rendered 13597/18723, time remaining: 3m 4s
Rendered 13598/18723, time remaining: 3m 8s
Rendered 13599/18723, time remaining: 3m 7s
Rendered 13600/18723, time remaining: 3m 6s
Rendered 13601/18723, time remaining: 3m 4s
Rendered 13602/18723, time remaining: 3m 4s
Rendered 13603/18723, time remaining: 3m 7s
Rendered 13604/18723, time remaining: 3m 5s
Rendered 13605/18723, time remaining: 3m 3s
Rendered 13606/18723, time remaining: 3m 7s
Rendered 13607/18723, time remaining: 3m 7s
Rendered 13608/18723, time remaining: 3m 4s
Rendered 13609/18723, time remaining: 3m 4s
Rendered 13610/18723, time remaining: 3m 4s
Rendered 13611/18723, time remaining: 3m 5s
Rendered 13612/18723, time remaining: 3m 7s
Rendered 13613/18723, time remaining: 3m 3s
Rendered 13614/18723, time remaining: 3m 7s
Rendered 13615/18723, time remaining: 3m 7s
Rendered 13616/18723, time remaining: 3m 4s
Rendered 13617/18723, time remaining: 3m 3s
Rendered 13618/18723, time remaining: 3m 5s
Rendered 13619/18723, time remaining: 3m 5s
Rendered 13620/18723, time remaining: 3m 5s
Rendered 13621/18723, time remaining: 3m 2s
Rendered 13622/18723, time remaining: 3m 7s
Rendered 13623/18723, time remaining: 3m 7s
Rendered 13624/18723, time remaining: 3m 8s
Rendered 13625/18723, time remaining: 3m 6s
Rendered 13626/18723, time remaining: 3m 8s
Rendered 13627/18723, time remaining: 3m 7s
Rendered 13628/18723, time remaining: 3m 8s
Rendered 13629/18723, time remaining: 3m 5s
Rendered 13630/18723, time remaining: 3m 10s
Rendered 13631/18723, time remaining: 3m 10s
Rendered 13632/18723, time remaining: 3m 9s
Rendered 13633/18723, time remaining: 3m 9s
Rendered 13634/18723, time remaining: 3m 9s
Rendered 13635/18723, time remaining: 3m 9s
Rendered 13636/18723, time remaining: 3m 6s
Rendered 13637/18723, time remaining: 3m 6s
Rendered 13638/18723, time remaining: 3m 10s
Rendered 13639/18723, time remaining: 3m 11s
Rendered 13640/18723, time remaining: 3m 8s
Rendered 13641/18723, time remaining: 3m 5s
Rendered 13642/18723, time remaining: 3m 5s
Rendered 13643/18723, time remaining: 3m 6s
Rendered 13644/18723, time remaining: 3m 8s
Rendered 13645/18723, time remaining: 3m 5s
Rendered 13646/18723, time remaining: 3m 11s
Rendered 13647/18723, time remaining: 3m 9s
Rendered 13648/18723, time remaining: 3m 8s
Rendered 13649/18723, time remaining: 3m 7s
Rendered 13650/18723, time remaining: 3m 6s
Rendered 13651/18723, time remaining: 3m 5s
Rendered 13652/18723, time remaining: 3m 6s
Rendered 13653/18723, time remaining: 3m 10s
Rendered 13654/18723, time remaining: 3m 8s
Rendered 13655/18723, time remaining: 3m 8s
Rendered 13656/18723, time remaining: 3m 8s
Rendered 13657/18723, time remaining: 3m 8s
Rendered 13658/18723, time remaining: 3m 8s
Rendered 13659/18723, time remaining: 3m 7s
Rendered 13660/18723, time remaining: 3m 6s
Rendered 13661/18723, time remaining: 3m 5s
Rendered 13662/18723, time remaining: 3m 4s
Rendered 13663/18723, time remaining: 3m 4s
Rendered 13664/18723, time remaining: 3m 4s
Rendered 13665/18723, time remaining: 3m 4s
Rendered 13666/18723, time remaining: 3m 5s
Rendered 13667/18723, time remaining: 3m 10s
Rendered 13668/18723, time remaining: 3m 9s
Rendered 13669/18723, time remaining: 3m 9s
Rendered 13670/18723, time remaining: 3m 8s
Rendered 13671/18723, time remaining: 3m 8s
Rendered 13672/18723, time remaining: 3m 8s
Rendered 13673/18723, time remaining: 3m 8s
Rendered 13674/18723, time remaining: 3m 11s
Rendered 13675/18723, time remaining: 3m 17s
Rendered 13676/18723, time remaining: 3m 17s
Rendered 13677/18723, time remaining: 3m 17s
Rendered 13678/18723, time remaining: 3m 17s
Rendered 13679/18723, time remaining: 3m 18s
Rendered 13680/18723, time remaining: 3m 18s
Rendered 13681/18723, time remaining: 3m 18s
Rendered 13682/18723, time remaining: 3m 18s
Rendered 13683/18723, time remaining: 3m 24s
Rendered 13684/18723, time remaining: 3m 24s
Rendered 13685/18723, time remaining: 3m 24s
Rendered 13686/18723, time remaining: 3m 24s
Rendered 13687/18723, time remaining: 3m 22s
Rendered 13688/18723, time remaining: 3m 25s
Rendered 13689/18723, time remaining: 3m 25s
Rendered 13690/18723, time remaining: 3m 24s
Rendered 13691/18723, time remaining: 3m 24s
Rendered 13692/18723, time remaining: 3m 27s
Rendered 13693/18723, time remaining: 3m 27s
Rendered 13694/18723, time remaining: 3m 27s
Rendered 13695/18723, time remaining: 3m 24s
Rendered 13696/18723, time remaining: 3m 23s
Rendered 13697/18723, time remaining: 3m 23s
Rendered 13698/18723, time remaining: 3m 26s
Rendered 13699/18723, time remaining: 3m 25s
Rendered 13700/18723, time remaining: 3m 29s
Rendered 13701/18723, time remaining: 3m 31s
Rendered 13702/18723, time remaining: 3m 28s
Rendered 13703/18723, time remaining: 3m 25s
Rendered 13704/18723, time remaining: 3m 25s
Rendered 13705/18723, time remaining: 3m 25s
Rendered 13706/18723, time remaining: 3m 26s
Rendered 13707/18723, time remaining: 3m 29s
Rendered 13708/18723, time remaining: 3m 34s
Rendered 13709/18723, time remaining: 3m 36s
Rendered 13710/18723, time remaining: 3m 34s
Rendered 13711/18723, time remaining: 3m 28s
Rendered 13712/18723, time remaining: 3m 28s
Rendered 13713/18723, time remaining: 3m 28s
Rendered 13714/18723, time remaining: 3m 28s
Rendered 13715/18723, time remaining: 3m 30s
Rendered 13716/18723, time remaining: 3m 32s
Rendered 13717/18723, time remaining: 3m 33s
Rendered 13718/18723, time remaining: 3m 30s
Rendered 13719/18723, time remaining: 3m 29s
Rendered 13720/18723, time remaining: 3m 31s
Rendered 13721/18723, time remaining: 3m 32s
Rendered 13722/18723, time remaining: 3m 32s
Rendered 13723/18723, time remaining: 3m 32s
Rendered 13724/18723, time remaining: 3m 31s
Rendered 13725/18723, time remaining: 3m 33s
Rendered 13726/18723, time remaining: 3m 31s
Rendered 13727/18723, time remaining: 3m 32s
Rendered 13728/18723, time remaining: 3m 32s
Rendered 13729/18723, time remaining: 3m 31s
Rendered 13730/18723, time remaining: 3m 31s
Rendered 13731/18723, time remaining: 3m 30s
Rendered 13732/18723, time remaining: 3m 29s
Rendered 13733/18723, time remaining: 3m 30s
Rendered 13734/18723, time remaining: 3m 30s
Rendered 13735/18723, time remaining: 3m 33s
Rendered 13736/18723, time remaining: 3m 32s
Rendered 13737/18723, time remaining: 3m 32s
Rendered 13738/18723, time remaining: 3m 32s
Rendered 13739/18723, time remaining: 3m 31s
Rendered 13740/18723, time remaining: 3m 28s
Rendered 13741/18723, time remaining: 3m 32s
Rendered 13742/18723, time remaining: 3m 34s
Rendered 13743/18723, time remaining: 3m 35s
Rendered 13744/18723, time remaining: 3m 36s
Rendered 13745/18723, time remaining: 3m 36s
Rendered 13746/18723, time remaining: 3m 34s
Rendered 13747/18723, time remaining: 3m 34s
Rendered 13748/18723, time remaining: 3m 33s
Rendered 13749/18723, time remaining: 3m 33s
Rendered 13750/18723, time remaining: 3m 33s
Rendered 13751/18723, time remaining: 3m 37s
Rendered 13752/18723, time remaining: 3m 37s
Rendered 13753/18723, time remaining: 3m 35s
Rendered 13754/18723, time remaining: 3m 35s
Rendered 13755/18723, time remaining: 3m 35s
Rendered 13756/18723, time remaining: 3m 32s
Rendered 13757/18723, time remaining: 3m 35s
Rendered 13758/18723, time remaining: 3m 37s
Rendered 13759/18723, time remaining: 3m 37s
Rendered 13760/18723, time remaining: 3m 37s
Rendered 13761/18723, time remaining: 3m 37s
Rendered 13762/18723, time remaining: 3m 39s
Rendered 13763/18723, time remaining: 3m 40s
Rendered 13764/18723, time remaining: 3m 34s
Rendered 13765/18723, time remaining: 3m 36s
Rendered 13766/18723, time remaining: 3m 36s
Rendered 13767/18723, time remaining: 3m 37s
Rendered 13768/18723, time remaining: 3m 35s
Rendered 13769/18723, time remaining: 3m 35s
Rendered 13770/18723, time remaining: 3m 41s
Rendered 13771/18723, time remaining: 3m 41s
Rendered 13772/18723, time remaining: 3m 33s
Rendered 13773/18723, time remaining: 3m 33s
Rendered 13774/18723, time remaining: 3m 37s
Rendered 13775/18723, time remaining: 3m 37s
Rendered 13776/18723, time remaining: 3m 36s
Rendered 13777/18723, time remaining: 3m 34s
Rendered 13778/18723, time remaining: 3m 36s
Rendered 13779/18723, time remaining: 3m 36s
Rendered 13780/18723, time remaining: 3m 32s
Rendered 13781/18723, time remaining: 3m 32s
Rendered 13782/18723, time remaining: 3m 34s
Rendered 13783/18723, time remaining: 3m 33s
Rendered 13784/18723, time remaining: 3m 33s
Rendered 13785/18723, time remaining: 3m 33s
Rendered 13786/18723, time remaining: 3m 37s
Rendered 13787/18723, time remaining: 3m 36s
Rendered 13788/18723, time remaining: 3m 31s
Rendered 13789/18723, time remaining: 3m 31s
Rendered 13790/18723, time remaining: 3m 33s
Rendered 13791/18723, time remaining: 3m 33s
Rendered 13792/18723, time remaining: 3m 33s
Rendered 13793/18723, time remaining: 3m 34s
Rendered 13794/18723, time remaining: 3m 33s
Rendered 13795/18723, time remaining: 3m 36s
Rendered 13796/18723, time remaining: 3m 31s
Rendered 13797/18723, time remaining: 3m 32s
Rendered 13798/18723, time remaining: 3m 32s
Rendered 13799/18723, time remaining: 3m 33s
Rendered 13800/18723, time remaining: 3m 33s
Rendered 13801/18723, time remaining: 3m 34s
Rendered 13802/18723, time remaining: 3m 31s
Rendered 13803/18723, time remaining: 3m 31s
Rendered 13804/18723, time remaining: 3m 32s
Rendered 13805/18723, time remaining: 3m 32s
Rendered 13806/18723, time remaining: 3m 34s
Rendered 13807/18723, time remaining: 3m 34s
Rendered 13808/18723, time remaining: 3m 34s
Rendered 13809/18723, time remaining: 3m 31s
Rendered 13810/18723, time remaining: 3m 30s
Rendered 13811/18723, time remaining: 3m 29s
Rendered 13812/18723, time remaining: 3m 31s
Rendered 13813/18723, time remaining: 3m 31s
Rendered 13814/18723, time remaining: 3m 35s
Rendered 13815/18723, time remaining: 3m 35s
Rendered 13816/18723, time remaining: 3m 33s
Rendered 13817/18723, time remaining: 3m 29s
Rendered 13818/18723, time remaining: 3m 26s
Rendered 13819/18723, time remaining: 3m 29s
Rendered 13820/18723, time remaining: 3m 29s
Rendered 13821/18723, time remaining: 3m 29s
Rendered 13822/18723, time remaining: 3m 32s
Rendered 13823/18723, time remaining: 3m 35s
Rendered 13824/18723, time remaining: 3m 33s
Rendered 13825/18723, time remaining: 3m 27s
Rendered 13826/18723, time remaining: 3m 26s
Rendered 13827/18723, time remaining: 3m 26s
Rendered 13828/18723, time remaining: 3m 27s
Rendered 13829/18723, time remaining: 3m 25s
Rendered 13830/18723, time remaining: 3m 26s
Rendered 13831/18723, time remaining: 3m 31s
Rendered 13832/18723, time remaining: 3m 32s
Rendered 13833/18723, time remaining: 3m 26s
Rendered 13834/18723, time remaining: 3m 26s
Rendered 13835/18723, time remaining: 3m 26s
Rendered 13836/18723, time remaining: 3m 26s
Rendered 13837/18723, time remaining: 3m 29s
Rendered 13838/18723, time remaining: 3m 26s
Rendered 13839/18723, time remaining: 3m 29s
Rendered 13840/18723, time remaining: 3m 30s
Rendered 13841/18723, time remaining: 3m 26s
Rendered 13842/18723, time remaining: 3m 23s
Rendered 13843/18723, time remaining: 3m 23s
Rendered 13844/18723, time remaining: 3m 27s
Rendered 13845/18723, time remaining: 3m 27s
Rendered 13846/18723, time remaining: 3m 27s
Rendered 13847/18723, time remaining: 3m 31s
Rendered 13848/18723, time remaining: 3m 29s
Rendered 13849/18723, time remaining: 3m 27s
Rendered 13850/18723, time remaining: 3m 23s
Rendered 13851/18723, time remaining: 3m 22s
Rendered 13852/18723, time remaining: 3m 23s
Rendered 13853/18723, time remaining: 3m 23s
Rendered 13854/18723, time remaining: 3m 22s
Rendered 13855/18723, time remaining: 3m 26s
Rendered 13856/18723, time remaining: 3m 27s
Rendered 13857/18723, time remaining: 3m 25s
Rendered 13858/18723, time remaining: 3m 20s
Rendered 13859/18723, time remaining: 3m 19s
Rendered 13860/18723, time remaining: 3m 19s
Rendered 13861/18723, time remaining: 3m 19s
Rendered 13862/18723, time remaining: 3m 19s
Rendered 13863/18723, time remaining: 3m 22s
Rendered 13864/18723, time remaining: 3m 26s
Rendered 13865/18723, time remaining: 3m 23s
Rendered 13866/18723, time remaining: 3m 21s
Rendered 13867/18723, time remaining: 3m 20s
Rendered 13868/18723, time remaining: 3m 20s
Rendered 13869/18723, time remaining: 3m 20s
Rendered 13870/18723, time remaining: 3m 16s
Rendered 13871/18723, time remaining: 3m 19s
Rendered 13872/18723, time remaining: 3m 22s
Rendered 13873/18723, time remaining: 3m 22s
Rendered 13874/18723, time remaining: 3m 21s
Rendered 13875/18723, time remaining: 3m 20s
Rendered 13876/18723, time remaining: 3m 20s
Rendered 13877/18723, time remaining: 3m 17s
Rendered 13878/18723, time remaining: 3m 19s
Rendered 13879/18723, time remaining: 3m 19s
Rendered 13880/18723, time remaining: 3m 20s
Rendered 13881/18723, time remaining: 3m 21s
Rendered 13882/18723, time remaining: 3m 22s
Rendered 13883/18723, time remaining: 3m 22s
Rendered 13884/18723, time remaining: 3m 20s
Rendered 13885/18723, time remaining: 3m 18s
Rendered 13886/18723, time remaining: 3m 18s
Rendered 13887/18723, time remaining: 3m 20s
Rendered 13888/18723, time remaining: 3m 20s
Rendered 13889/18723, time remaining: 3m 20s
Rendered 13890/18723, time remaining: 3m 20s
Rendered 13891/18723, time remaining: 3m 16s
Rendered 13892/18723, time remaining: 3m 18s
Rendered 13893/18723, time remaining: 3m 18s
Rendered 13894/18723, time remaining: 3m 17s
Rendered 13895/18723, time remaining: 3m 19s
Rendered 13896/18723, time remaining: 3m 19s
Rendered 13897/18723, time remaining: 3m 19s
Rendered 13898/18723, time remaining: 3m 16s
Rendered 13899/18723, time remaining: 3m 17s
Rendered 13900/18723, time remaining: 3m 18s
Rendered 13901/18723, time remaining: 3m 15s
Rendered 13902/18723, time remaining: 3m 18s
Rendered 13903/18723, time remaining: 3m 19s
Rendered 13904/18723, time remaining: 3m 18s
Rendered 13905/18723, time remaining: 3m 18s
Rendered 13906/18723, time remaining: 3m 16s
Rendered 13907/18723, time remaining: 3m 15s
Rendered 13908/18723, time remaining: 3m 15s
Rendered 13909/18723, time remaining: 3m 18s
Rendered 13910/18723, time remaining: 3m 20s
Rendered 13911/18723, time remaining: 3m 19s
Rendered 13912/18723, time remaining: 3m 16s
Rendered 13913/18723, time remaining: 3m 15s
Rendered 13914/18723, time remaining: 3m 15s
Rendered 13915/18723, time remaining: 3m 12s
Rendered 13916/18723, time remaining: 3m 15s
Rendered 13917/18723, time remaining: 3m 18s
Rendered 13918/18723, time remaining: 3m 18s
Rendered 13919/18723, time remaining: 3m 18s
Rendered 13920/18723, time remaining: 3m 14s
Rendered 13921/18723, time remaining: 3m 14s
Rendered 13922/18723, time remaining: 3m 14s
Rendered 13923/18723, time remaining: 3m 16s
Rendered 13924/18723, time remaining: 3m 11s
Rendered 13925/18723, time remaining: 3m 15s
Rendered 13926/18723, time remaining: 3m 15s
Rendered 13927/18723, time remaining: 3m 15s
Rendered 13928/18723, time remaining: 3m 12s
Rendered 13929/18723, time remaining: 3m 13s
Rendered 13930/18723, time remaining: 3m 16s
Rendered 13931/18723, time remaining: 3m 16s
Rendered 13932/18723, time remaining: 3m 15s
Rendered 13933/18723, time remaining: 3m 15s
Rendered 13934/18723, time remaining: 3m 16s
Rendered 13935/18723, time remaining: 3m 16s
Rendered 13936/18723, time remaining: 3m 15s
Rendered 13937/18723, time remaining: 3m 13s
Rendered 13938/18723, time remaining: 3m 12s
Rendered 13939/18723, time remaining: 3m 15s
Rendered 13940/18723, time remaining: 3m 15s
Rendered 13941/18723, time remaining: 3m 16s
Rendered 13942/18723, time remaining: 3m 16s
Rendered 13943/18723, time remaining: 3m 14s
Rendered 13944/18723, time remaining: 3m 14s
Rendered 13945/18723, time remaining: 3m 11s
Rendered 13946/18723, time remaining: 3m 11s
Rendered 13947/18723, time remaining: 3m 11s
Rendered 13948/18723, time remaining: 3m 16s
Rendered 13949/18723, time remaining: 3m 15s
Rendered 13950/18723, time remaining: 3m 15s
Rendered 13951/18723, time remaining: 3m 14s
Rendered 13952/18723, time remaining: 3m 14s
Rendered 13953/18723, time remaining: 3m 14s
Rendered 13954/18723, time remaining: 3m 12s
Rendered 13955/18723, time remaining: 3m 12s
Rendered 13956/18723, time remaining: 3m 12s
Rendered 13957/18723, time remaining: 3m 12s
Rendered 13958/18723, time remaining: 3m 11s
Rendered 13959/18723, time remaining: 3m 15s
Rendered 13960/18723, time remaining: 3m 15s
Rendered 13961/18723, time remaining: 3m 18s
Rendered 13962/18723, time remaining: 3m 16s
Rendered 13963/18723, time remaining: 3m 16s
Rendered 13964/18723, time remaining: 3m 10s
Rendered 13965/18723, time remaining: 3m 10s
Rendered 13966/18723, time remaining: 3m 11s
Rendered 13967/18723, time remaining: 3m 11s
Rendered 13968/18723, time remaining: 3m 13s
Rendered 13969/18723, time remaining: 3m 16s
Rendered 13970/18723, time remaining: 3m 16s
Rendered 13971/18723, time remaining: 3m 15s
Rendered 13972/18723, time remaining: 3m 12s
Rendered 13973/18723, time remaining: 3m 12s
Rendered 13974/18723, time remaining: 3m 11s
Rendered 13975/18723, time remaining: 3m 11s
Rendered 13976/18723, time remaining: 3m 11s
Rendered 13977/18723, time remaining: 3m 15s
Rendered 13978/18723, time remaining: 3m 14s
Rendered 13979/18723, time remaining: 3m 15s
Rendered 13980/18723, time remaining: 3m 15s
Rendered 13981/18723, time remaining: 3m 13s
Rendered 13982/18723, time remaining: 3m 11s
Rendered 13983/18723, time remaining: 3m 11s
Rendered 13984/18723, time remaining: 3m 14s
Rendered 13985/18723, time remaining: 3m 14s
Rendered 13986/18723, time remaining: 3m 14s
Rendered 13987/18723, time remaining: 3m 12s
Rendered 13988/18723, time remaining: 3m 16s
Rendered 13989/18723, time remaining: 3m 12s
Rendered 13990/18723, time remaining: 3m 12s
Rendered 13991/18723, time remaining: 3m 12s
Rendered 13992/18723, time remaining: 3m 15s
Rendered 13993/18723, time remaining: 3m 15s
Rendered 13994/18723, time remaining: 3m 11s
Rendered 13995/18723, time remaining: 3m 14s
Rendered 13996/18723, time remaining: 3m 14s
Rendered 13997/18723, time remaining: 3m 12s
Rendered 13998/18723, time remaining: 3m 12s
Rendered 13999/18723, time remaining: 3m 12s
Rendered 14000/18723, time remaining: 3m 14s
Rendered 14001/18723, time remaining: 3m 13s
Rendered 14002/18723, time remaining: 3m 12s
Rendered 14003/18723, time remaining: 3m 14s
Rendered 14004/18723, time remaining: 3m 15s
Rendered 14005/18723, time remaining: 3m 11s
Rendered 14006/18723, time remaining: 3m 9s
Rendered 14007/18723, time remaining: 3m 11s
Rendered 14008/18723, time remaining: 3m 15s
Rendered 14009/18723, time remaining: 3m 14s
Rendered 14010/18723, time remaining: 3m 14s
Rendered 14011/18723, time remaining: 3m 15s
Rendered 14012/18723, time remaining: 3m 16s
Rendered 14013/18723, time remaining: 3m 15s
Rendered 14014/18723, time remaining: 3m 11s
Rendered 14015/18723, time remaining: 3m 13s
Rendered 14016/18723, time remaining: 3m 11s
Rendered 14017/18723, time remaining: 3m 13s
Rendered 14018/18723, time remaining: 3m 13s
Rendered 14019/18723, time remaining: 3m 15s
Rendered 14020/18723, time remaining: 3m 15s
Rendered 14021/18723, time remaining: 3m 11s
Rendered 14022/18723, time remaining: 3m 12s
Rendered 14023/18723, time remaining: 3m 13s
Rendered 14024/18723, time remaining: 3m 13s
Rendered 14025/18723, time remaining: 3m 13s
Rendered 14026/18723, time remaining: 3m 14s
Rendered 14027/18723, time remaining: 3m 14s
Rendered 14028/18723, time remaining: 3m 12s
Rendered 14029/18723, time remaining: 3m 14s
Rendered 14030/18723, time remaining: 3m 13s
Rendered 14031/18723, time remaining: 3m 13s
Rendered 14032/18723, time remaining: 3m 14s
Rendered 14033/18723, time remaining: 3m 13s
Rendered 14034/18723, time remaining: 3m 13s
Rendered 14035/18723, time remaining: 3m 11s
Rendered 14036/18723, time remaining: 3m 11s
Rendered 14037/18723, time remaining: 3m 8s
Rendered 14038/18723, time remaining: 3m 14s
Rendered 14039/18723, time remaining: 3m 15s
Rendered 14040/18723, time remaining: 3m 16s
Rendered 14041/18723, time remaining: 3m 16s
Rendered 14042/18723, time remaining: 3m 12s
Rendered 14043/18723, time remaining: 3m 8s
Rendered 14044/18723, time remaining: 3m 8s
Rendered 14045/18723, time remaining: 3m 6s
Rendered 14046/18723, time remaining: 3m 9s
Rendered 14047/18723, time remaining: 3m 13s
Rendered 14048/18723, time remaining: 3m 13s
Rendered 14049/18723, time remaining: 3m 11s
Rendered 14050/18723, time remaining: 3m 11s
Rendered 14051/18723, time remaining: 3m 9s
Rendered 14052/18723, time remaining: 3m 11s
Rendered 14053/18723, time remaining: 3m 9s
Rendered 14054/18723, time remaining: 3m 9s
Rendered 14055/18723, time remaining: 3m 12s
Rendered 14056/18723, time remaining: 3m 12s
Rendered 14057/18723, time remaining: 3m 9s
Rendered 14058/18723, time remaining: 3m 12s
Rendered 14059/18723, time remaining: 3m 10s
Rendered 14060/18723, time remaining: 3m 8s
Rendered 14061/18723, time remaining: 3m 8s
Rendered 14062/18723, time remaining: 3m 7s
Rendered 14063/18723, time remaining: 3m 8s
Rendered 14064/18723, time remaining: 3m 8s
Rendered 14065/18723, time remaining: 3m 14s
Rendered 14066/18723, time remaining: 3m 16s
Rendered 14067/18723, time remaining: 3m 14s
Rendered 14068/18723, time remaining: 3m 14s
Rendered 14069/18723, time remaining: 3m 14s
Rendered 14070/18723, time remaining: 3m 12s
Rendered 14071/18723, time remaining: 3m 13s
Rendered 14072/18723, time remaining: 3m 14s
Rendered 14073/18723, time remaining: 3m 13s
Rendered 14074/18723, time remaining: 3m 18s
Rendered 14075/18723, time remaining: 3m 15s
Rendered 14076/18723, time remaining: 3m 15s
Rendered 14077/18723, time remaining: 3m 15s
Rendered 14078/18723, time remaining: 3m 14s
Rendered 14079/18723, time remaining: 3m 16s
Rendered 14080/18723, time remaining: 3m 13s
Rendered 14081/18723, time remaining: 3m 16s
Rendered 14082/18723, time remaining: 3m 15s
Rendered 14083/18723, time remaining: 3m 16s
Rendered 14084/18723, time remaining: 3m 15s
Rendered 14085/18723, time remaining: 3m 15s
Rendered 14086/18723, time remaining: 3m 15s
Rendered 14087/18723, time remaining: 3m 15s
Rendered 14088/18723, time remaining: 3m 17s
Rendered 14089/18723, time remaining: 3m 17s
Rendered 14090/18723, time remaining: 3m 15s
Rendered 14091/18723, time remaining: 3m 15s
Rendered 14092/18723, time remaining: 3m 16s
Rendered 14093/18723, time remaining: 3m 16s
Rendered 14094/18723, time remaining: 3m 18s
Rendered 14095/18723, time remaining: 3m 18s
Rendered 14096/18723, time remaining: 3m 16s
Rendered 14097/18723, time remaining: 3m 21s
Rendered 14098/18723, time remaining: 3m 15s
Rendered 14099/18723, time remaining: 3m 16s
Rendered 14100/18723, time remaining: 3m 16s
Rendered 14101/18723, time remaining: 3m 16s
Rendered 14102/18723, time remaining: 3m 16s
Rendered 14103/18723, time remaining: 3m 13s
Rendered 14104/18723, time remaining: 3m 15s
Rendered 14105/18723, time remaining: 3m 19s
Rendered 14106/18723, time remaining: 3m 17s
Rendered 14107/18723, time remaining: 3m 18s
Rendered 14108/18723, time remaining: 3m 19s
Rendered 14109/18723, time remaining: 3m 16s
Rendered 14110/18723, time remaining: 3m 16s
Rendered 14111/18723, time remaining: 3m 15s
Rendered 14112/18723, time remaining: 3m 15s
Rendered 14113/18723, time remaining: 3m 15s
Rendered 14114/18723, time remaining: 3m 19s
Rendered 14115/18723, time remaining: 3m 20s
Rendered 14116/18723, time remaining: 3m 22s
Rendered 14117/18723, time remaining: 3m 22s
Rendered 14118/18723, time remaining: 3m 20s
Rendered 14119/18723, time remaining: 3m 15s
Rendered 14120/18723, time remaining: 3m 17s
Rendered 14121/18723, time remaining: 3m 17s
Rendered 14122/18723, time remaining: 3m 20s
Rendered 14123/18723, time remaining: 3m 19s
Rendered 14124/18723, time remaining: 3m 18s
Rendered 14125/18723, time remaining: 3m 20s
Rendered 14126/18723, time remaining: 3m 20s
Rendered 14127/18723, time remaining: 3m 17s
Rendered 14128/18723, time remaining: 3m 16s
Rendered 14129/18723, time remaining: 3m 18s
Rendered 14130/18723, time remaining: 3m 21s
Rendered 14131/18723, time remaining: 3m 20s
Rendered 14132/18723, time remaining: 3m 20s
Rendered 14133/18723, time remaining: 3m 20s
Rendered 14134/18723, time remaining: 3m 18s
Rendered 14135/18723, time remaining: 3m 17s
Rendered 14136/18723, time remaining: 3m 19s
Rendered 14137/18723, time remaining: 3m 19s
Rendered 14138/18723, time remaining: 3m 18s
Rendered 14139/18723, time remaining: 3m 20s
Rendered 14140/18723, time remaining: 3m 20s
Rendered 14141/18723, time remaining: 3m 20s
Rendered 14142/18723, time remaining: 3m 17s
Rendered 14143/18723, time remaining: 3m 20s
Rendered 14144/18723, time remaining: 3m 20s
Rendered 14145/18723, time remaining: 3m 18s
Rendered 14146/18723, time remaining: 3m 20s
Rendered 14147/18723, time remaining: 3m 18s
Rendered 14148/18723, time remaining: 3m 19s
Rendered 14149/18723, time remaining: 3m 19s
Rendered 14150/18723, time remaining: 3m 16s
Rendered 14151/18723, time remaining: 3m 18s
Rendered 14152/18723, time remaining: 3m 22s
Rendered 14153/18723, time remaining: 3m 20s
Rendered 14154/18723, time remaining: 3m 19s
Rendered 14155/18723, time remaining: 3m 20s
Rendered 14156/18723, time remaining: 3m 21s
Rendered 14157/18723, time remaining: 3m 18s
Rendered 14158/18723, time remaining: 3m 15s
Rendered 14159/18723, time remaining: 3m 18s
Rendered 14160/18723, time remaining: 3m 20s
Rendered 14161/18723, time remaining: 3m 19s
Rendered 14162/18723, time remaining: 3m 18s
Rendered 14163/18723, time remaining: 3m 17s
Rendered 14164/18723, time remaining: 3m 18s
Rendered 14165/18723, time remaining: 3m 18s
Rendered 14166/18723, time remaining: 3m 18s
Rendered 14167/18723, time remaining: 3m 16s
Rendered 14168/18723, time remaining: 3m 19s
Rendered 14169/18723, time remaining: 3m 20s
Rendered 14170/18723, time remaining: 3m 20s
Rendered 14171/18723, time remaining: 3m 21s
Rendered 14172/18723, time remaining: 3m 19s
Rendered 14173/18723, time remaining: 3m 18s
Rendered 14174/18723, time remaining: 3m 18s
Rendered 14175/18723, time remaining: 3m 19s
Rendered 14176/18723, time remaining: 3m 18s
Rendered 14177/18723, time remaining: 3m 19s
Rendered 14178/18723, time remaining: 3m 21s
Rendered 14179/18723, time remaining: 3m 20s
Rendered 14180/18723, time remaining: 3m 20s
Rendered 14181/18723, time remaining: 3m 19s
Rendered 14182/18723, time remaining: 3m 18s
Rendered 14183/18723, time remaining: 3m 19s
Rendered 14184/18723, time remaining: 3m 21s
Rendered 14185/18723, time remaining: 3m 21s
Rendered 14186/18723, time remaining: 3m 21s
Rendered 14187/18723, time remaining: 3m 23s
Rendered 14188/18723, time remaining: 3m 18s
Rendered 14189/18723, time remaining: 3m 17s
Rendered 14190/18723, time remaining: 3m 16s
Rendered 14191/18723, time remaining: 3m 18s
Rendered 14192/18723, time remaining: 3m 20s
Rendered 14193/18723, time remaining: 3m 22s
Rendered 14194/18723, time remaining: 3m 23s
Rendered 14195/18723, time remaining: 3m 22s
Rendered 14196/18723, time remaining: 3m 20s
Rendered 14197/18723, time remaining: 3m 18s
Rendered 14198/18723, time remaining: 3m 19s
Rendered 14199/18723, time remaining: 3m 22s
Rendered 14200/18723, time remaining: 3m 21s
Rendered 14201/18723, time remaining: 3m 21s
Rendered 14202/18723, time remaining: 3m 20s
Rendered 14203/18723, time remaining: 3m 20s
Rendered 14204/18723, time remaining: 3m 23s
Rendered 14205/18723, time remaining: 3m 20s
Rendered 14206/18723, time remaining: 3m 21s
Rendered 14207/18723, time remaining: 3m 22s
Rendered 14208/18723, time remaining: 3m 17s
Rendered 14209/18723, time remaining: 3m 17s
Rendered 14210/18723, time remaining: 3m 21s
Rendered 14211/18723, time remaining: 3m 21s
Rendered 14212/18723, time remaining: 3m 20s
Rendered 14213/18723, time remaining: 3m 20s
Rendered 14214/18723, time remaining: 3m 21s
Rendered 14215/18723, time remaining: 3m 16s
Rendered 14216/18723, time remaining: 3m 13s
Rendered 14217/18723, time remaining: 3m 13s
Rendered 14218/18723, time remaining: 3m 15s
Rendered 14219/18723, time remaining: 3m 15s
Rendered 14220/18723, time remaining: 3m 15s
Rendered 14221/18723, time remaining: 3m 14s
Rendered 14222/18723, time remaining: 3m 13s
Rendered 14223/18723, time remaining: 3m 14s
Rendered 14224/18723, time remaining: 3m 11s
Rendered 14225/18723, time remaining: 3m 13s
Rendered 14226/18723, time remaining: 3m 13s
Rendered 14227/18723, time remaining: 3m 13s
Rendered 14228/18723, time remaining: 3m 12s
Rendered 14229/18723, time remaining: 3m 11s
Rendered 14230/18723, time remaining: 3m 14s
Rendered 14231/18723, time remaining: 3m 11s
Rendered 14232/18723, time remaining: 3m 11s
Rendered 14233/18723, time remaining: 3m 11s
Rendered 14234/18723, time remaining: 3m 10s
Rendered 14235/18723, time remaining: 3m 10s
Rendered 14236/18723, time remaining: 3m 8s
Rendered 14237/18723, time remaining: 3m 10s
Rendered 14238/18723, time remaining: 3m 13s
Rendered 14239/18723, time remaining: 3m 11s
Rendered 14240/18723, time remaining: 3m 9s
Rendered 14241/18723, time remaining: 3m 9s
Rendered 14242/18723, time remaining: 3m 10s
Rendered 14243/18723, time remaining: 3m 10s
Rendered 14244/18723, time remaining: 3m 9s
Rendered 14245/18723, time remaining: 3m 10s
Rendered 14246/18723, time remaining: 3m 13s
Rendered 14247/18723, time remaining: 3m 8s
Rendered 14248/18723, time remaining: 3m 8s
Rendered 14249/18723, time remaining: 3m 11s
Rendered 14250/18723, time remaining: 3m 10s
Rendered 14251/18723, time remaining: 3m 10s
Rendered 14252/18723, time remaining: 3m 12s
Rendered 14253/18723, time remaining: 3m 12s
Rendered 14254/18723, time remaining: 3m 12s
Rendered 14255/18723, time remaining: 3m 8s
Rendered 14256/18723, time remaining: 3m 9s
Rendered 14257/18723, time remaining: 3m 9s
Rendered 14258/18723, time remaining: 3m 8s
Rendered 14259/18723, time remaining: 3m 10s
Rendered 14260/18723, time remaining: 3m 11s
Rendered 14261/18723, time remaining: 3m 8s
Rendered 14262/18723, time remaining: 3m 9s
Rendered 14263/18723, time remaining: 3m 10s
Rendered 14264/18723, time remaining: 3m 7s
Rendered 14265/18723, time remaining: 3m 8s
Rendered 14266/18723, time remaining: 3m 6s
Rendered 14267/18723, time remaining: 3m 6s
Rendered 14268/18723, time remaining: 3m 6s
Rendered 14269/18723, time remaining: 3m 4s
Rendered 14270/18723, time remaining: 3m 6s
Rendered 14271/18723, time remaining: 3m 6s
Rendered 14272/18723, time remaining: 3m 7s
Rendered 14273/18723, time remaining: 3m 6s
Rendered 14274/18723, time remaining: 3m 6s
Rendered 14275/18723, time remaining: 3m 4s
Rendered 14276/18723, time remaining: 3m 4s
Rendered 14277/18723, time remaining: 3m 7s
Rendered 14278/18723, time remaining: 3m 9s
Rendered 14279/18723, time remaining: 3m 7s
Rendered 14280/18723, time remaining: 3m 3s
Rendered 14281/18723, time remaining: 3m 2s
Rendered 14282/18723, time remaining: 3m 2s
Rendered 14283/18723, time remaining: 3m 4s
Rendered 14284/18723, time remaining: 3m 6s
Rendered 14285/18723, time remaining: 3m 7s
Rendered 14286/18723, time remaining: 3m 6s
Rendered 14287/18723, time remaining: 3m 6s
Rendered 14288/18723, time remaining: 3m 3s
Rendered 14289/18723, time remaining: 3m 1s
Rendered 14290/18723, time remaining: 3m 2s
Rendered 14291/18723, time remaining: 3m 4s
Rendered 14292/18723, time remaining: 3m 7s
Rendered 14293/18723, time remaining: 3m 5s
Rendered 14294/18723, time remaining: 3m 5s
Rendered 14295/18723, time remaining: 3m 4s
Rendered 14296/18723, time remaining: 3m 2s
Rendered 14297/18723, time remaining: 3m 3s
Rendered 14298/18723, time remaining: 3m 3s
Rendered 14299/18723, time remaining: 3m 8s
Rendered 14300/18723, time remaining: 3m 8s
Rendered 14301/18723, time remaining: 3m 6s
Rendered 14302/18723, time remaining: 3m 2s
Rendered 14303/18723, time remaining: 3m 2s
Rendered 14304/18723, time remaining: 3m 2s
Rendered 14305/18723, time remaining: 3m 4s
Rendered 14306/18723, time remaining: 3m 6s
Rendered 14307/18723, time remaining: 3m 7s
Rendered 14308/18723, time remaining: 3m 7s
Rendered 14309/18723, time remaining: 3m 4s
Rendered 14310/18723, time remaining: 3m 1s
Rendered 14311/18723, time remaining: 3m 4s
Rendered 14312/18723, time remaining: 3m 4s
Rendered 14313/18723, time remaining: 3m 4s
Rendered 14314/18723, time remaining: 3m 4s
Rendered 14315/18723, time remaining: 3m 5s
Rendered 14316/18723, time remaining: 3m 6s
Rendered 14317/18723, time remaining: 3m 6s
Rendered 14318/18723, time remaining: 3m 4s
Rendered 14319/18723, time remaining: 3m 1s
Rendered 14320/18723, time remaining: 3m 1s
Rendered 14321/18723, time remaining: 3m 2s
Rendered 14322/18723, time remaining: 3m 0s
Rendered 14323/18723, time remaining: 3m 5s
Rendered 14324/18723, time remaining: 3m 4s
Rendered 14325/18723, time remaining: 3m 3s
Rendered 14326/18723, time remaining: 3m 5s
Rendered 14327/18723, time remaining: 3m 3s
Rendered 14328/18723, time remaining: 3m 1s
Rendered 14329/18723, time remaining: 3m 0s
Rendered 14330/18723, time remaining: 3m 0s
Rendered 14331/18723, time remaining: 2m 59s
Rendered 14332/18723, time remaining: 3m 1s
Rendered 14333/18723, time remaining: 3m 1s
Rendered 14334/18723, time remaining: 3m 2s
Rendered 14335/18723, time remaining: 3m 2s
Rendered 14336/18723, time remaining: 3m 2s
Rendered 14337/18723, time remaining: 2m 59s
Rendered 14338/18723, time remaining: 2m 59s
Rendered 14339/18723, time remaining: 3m 3s
Rendered 14340/18723, time remaining: 3m 2s
Rendered 14341/18723, time remaining: 3m 1s
Rendered 14342/18723, time remaining: 3m 3s
Rendered 14343/18723, time remaining: 3m 1s
Rendered 14344/18723, time remaining: 3m 1s
Rendered 14345/18723, time remaining: 3m 1s
Rendered 14346/18723, time remaining: 3m 3s
Rendered 14347/18723, time remaining: 3m 6s
Rendered 14348/18723, time remaining: 3m 6s
Rendered 14349/18723, time remaining: 3m 3s
Rendered 14350/18723, time remaining: 3m 3s
Rendered 14351/18723, time remaining: 3m 3s
Rendered 14352/18723, time remaining: 3m 0s
Rendered 14353/18723, time remaining: 3m 3s
Rendered 14354/18723, time remaining: 3m 5s
Rendered 14355/18723, time remaining: 3m 5s
Rendered 14356/18723, time remaining: 3m 5s
Rendered 14357/18723, time remaining: 3m 5s
Rendered 14358/18723, time remaining: 3m 6s
Rendered 14359/18723, time remaining: 3m 5s
Rendered 14360/18723, time remaining: 3m 1s
Rendered 14361/18723, time remaining: 3m 2s
Rendered 14362/18723, time remaining: 3m 6s
Rendered 14363/18723, time remaining: 3m 7s
Rendered 14364/18723, time remaining: 3m 6s
Rendered 14365/18723, time remaining: 3m 5s
Rendered 14366/18723, time remaining: 3m 3s
Rendered 14367/18723, time remaining: 3m 3s
Rendered 14368/18723, time remaining: 3m 3s
Rendered 14369/18723, time remaining: 3m 3s
Rendered 14370/18723, time remaining: 3m 6s
Rendered 14371/18723, time remaining: 3m 6s
Rendered 14372/18723, time remaining: 3m 6s
Rendered 14373/18723, time remaining: 3m 6s
Rendered 14374/18723, time remaining: 3m 6s
Rendered 14375/18723, time remaining: 3m 7s
Rendered 14376/18723, time remaining: 3m 8s
Rendered 14377/18723, time remaining: 3m 8s
Rendered 14378/18723, time remaining: 3m 8s
Rendered 14379/18723, time remaining: 3m 6s
Rendered 14380/18723, time remaining: 3m 6s
Rendered 14381/18723, time remaining: 3m 6s
Rendered 14382/18723, time remaining: 3m 5s
Rendered 14383/18723, time remaining: 3m 9s
Rendered 14384/18723, time remaining: 3m 9s
Rendered 14385/18723, time remaining: 3m 11s
Rendered 14386/18723, time remaining: 3m 11s
Rendered 14387/18723, time remaining: 3m 8s
Rendered 14388/18723, time remaining: 3m 4s
Rendered 14389/18723, time remaining: 3m 3s
Rendered 14390/18723, time remaining: 3m 5s
Rendered 14391/18723, time remaining: 3m 9s
Rendered 14392/18723, time remaining: 3m 7s
Rendered 14393/18723, time remaining: 3m 8s
Rendered 14394/18723, time remaining: 3m 7s
Rendered 14395/18723, time remaining: 3m 7s
Rendered 14396/18723, time remaining: 3m 4s
Rendered 14397/18723, time remaining: 3m 6s
Rendered 14398/18723, time remaining: 3m 6s
Rendered 14399/18723, time remaining: 3m 5s
Rendered 14400/18723, time remaining: 3m 5s
Rendered 14401/18723, time remaining: 3m 5s
Rendered 14402/18723, time remaining: 3m 5s
Rendered 14403/18723, time remaining: 3m 5s
Rendered 14404/18723, time remaining: 3m 4s
Rendered 14405/18723, time remaining: 3m 6s
Rendered 14406/18723, time remaining: 3m 5s
Rendered 14407/18723, time remaining: 3m 5s
Rendered 14408/18723, time remaining: 3m 8s
Rendered 14409/18723, time remaining: 3m 6s
Rendered 14410/18723, time remaining: 3m 5s
Rendered 14411/18723, time remaining: 3m 6s
Rendered 14412/18723, time remaining: 3m 5s
Rendered 14413/18723, time remaining: 3m 4s
Rendered 14414/18723, time remaining: 3m 3s
Rendered 14415/18723, time remaining: 3m 5s
Rendered 14416/18723, time remaining: 3m 5s
Rendered 14417/18723, time remaining: 3m 5s
Rendered 14418/18723, time remaining: 3m 5s
Rendered 14419/18723, time remaining: 3m 6s
Rendered 14420/18723, time remaining: 3m 7s
Rendered 14421/18723, time remaining: 3m 6s
Rendered 14422/18723, time remaining: 3m 2s
Rendered 14423/18723, time remaining: 3m 4s
Rendered 14424/18723, time remaining: 3m 4s
Rendered 14425/18723, time remaining: 3m 3s
Rendered 14426/18723, time remaining: 3m 6s
Rendered 14427/18723, time remaining: 3m 3s
Rendered 14428/18723, time remaining: 3m 1s
Rendered 14429/18723, time remaining: 3m 4s
Rendered 14430/18723, time remaining: 3m 4s
Rendered 14431/18723, time remaining: 3m 5s
Rendered 14432/18723, time remaining: 3m 4s
Rendered 14433/18723, time remaining: 3m 2s
Rendered 14434/18723, time remaining: 3m 1s
Rendered 14435/18723, time remaining: 3m 3s
Rendered 14436/18723, time remaining: 3m 2s
Rendered 14437/18723, time remaining: 3m 3s
Rendered 14438/18723, time remaining: 3m 3s
Rendered 14439/18723, time remaining: 3m 3s
Rendered 14440/18723, time remaining: 3m 1s
Rendered 14441/18723, time remaining: 3m 1s
Rendered 14442/18723, time remaining: 3m 0s
Rendered 14443/18723, time remaining: 3m 3s
Rendered 14444/18723, time remaining: 3m 3s
Rendered 14445/18723, time remaining: 3m 4s
Rendered 14446/18723, time remaining: 3m 3s
Rendered 14447/18723, time remaining: 3m 2s
Rendered 14448/18723, time remaining: 3m 2s
Rendered 14449/18723, time remaining: 2m 57s
Rendered 14450/18723, time remaining: 3m 1s
Rendered 14451/18723, time remaining: 3m 2s
Rendered 14452/18723, time remaining: 3m 2s
Rendered 14453/18723, time remaining: 3m 2s
Rendered 14454/18723, time remaining: 3m 2s
Rendered 14455/18723, time remaining: 3m 0s
Rendered 14456/18723, time remaining: 2m 58s
Rendered 14457/18723, time remaining: 2m 59s
Rendered 14458/18723, time remaining: 3m 0s
Rendered 14459/18723, time remaining: 3m 2s
Rendered 14460/18723, time remaining: 3m 2s
Rendered 14461/18723, time remaining: 3m 0s
Rendered 14462/18723, time remaining: 2m 59s
Rendered 14463/18723, time remaining: 2m 59s
Rendered 14464/18723, time remaining: 3m 0s
Rendered 14465/18723, time remaining: 2m 58s
Rendered 14466/18723, time remaining: 2m 59s
Rendered 14467/18723, time remaining: 3m 0s
Rendered 14468/18723, time remaining: 3m 0s
Rendered 14469/18723, time remaining: 3m 0s
Rendered 14470/18723, time remaining: 3m 0s
Rendered 14471/18723, time remaining: 3m 0s
Rendered 14472/18723, time remaining: 3m 0s
Rendered 14473/18723, time remaining: 2m 55s
Rendered 14474/18723, time remaining: 3m 0s
Rendered 14475/18723, time remaining: 3m 0s
Rendered 14476/18723, time remaining: 2m 58s
Rendered 14477/18723, time remaining: 2m 58s
Rendered 14478/18723, time remaining: 2m 57s
Rendered 14479/18723, time remaining: 2m 58s
Rendered 14480/18723, time remaining: 3m 1s
Rendered 14481/18723, time remaining: 3m 0s
Rendered 14482/18723, time remaining: 3m 1s
Rendered 14483/18723, time remaining: 3m 2s
Rendered 14484/18723, time remaining: 2m 58s
Rendered 14485/18723, time remaining: 2m 58s
Rendered 14486/18723, time remaining: 2m 58s
Rendered 14487/18723, time remaining: 2m 58s
Rendered 14488/18723, time remaining: 2m 58s
Rendered 14489/18723, time remaining: 2m 57s
Rendered 14490/18723, time remaining: 3m 1s
Rendered 14491/18723, time remaining: 3m 0s
Rendered 14492/18723, time remaining: 2m 56s
Rendered 14493/18723, time remaining: 2m 58s
Rendered 14494/18723, time remaining: 2m 58s
Rendered 14495/18723, time remaining: 2m 58s
Rendered 14496/18723, time remaining: 2m 55s
Rendered 14497/18723, time remaining: 2m 51s
Rendered 14498/18723, time remaining: 2m 55s
Rendered 14499/18723, time remaining: 2m 55s
Rendered 14500/18723, time remaining: 2m 57s
Rendered 14501/18723, time remaining: 2m 57s
Rendered 14502/18723, time remaining: 2m 57s
Rendered 14503/18723, time remaining: 2m 54s
Rendered 14504/18723, time remaining: 2m 50s
Rendered 14505/18723, time remaining: 2m 53s
Rendered 14506/18723, time remaining: 2m 56s
Rendered 14507/18723, time remaining: 2m 55s
Rendered 14508/18723, time remaining: 2m 54s
Rendered 14509/18723, time remaining: 2m 54s
Rendered 14510/18723, time remaining: 2m 56s
Rendered 14511/18723, time remaining: 2m 57s
Rendered 14512/18723, time remaining: 2m 54s
Rendered 14513/18723, time remaining: 2m 53s
Rendered 14514/18723, time remaining: 2m 55s
Rendered 14515/18723, time remaining: 2m 56s
Rendered 14516/18723, time remaining: 2m 56s
Rendered 14517/18723, time remaining: 2m 56s
Rendered 14518/18723, time remaining: 2m 55s
Rendered 14519/18723, time remaining: 2m 58s
Rendered 14520/18723, time remaining: 2m 55s
Rendered 14521/18723, time remaining: 2m 55s
Rendered 14522/18723, time remaining: 2m 55s
Rendered 14523/18723, time remaining: 2m 54s
Rendered 14524/18723, time remaining: 2m 54s
Rendered 14525/18723, time remaining: 2m 51s
Rendered 14526/18723, time remaining: 2m 52s
Rendered 14527/18723, time remaining: 2m 53s
Rendered 14528/18723, time remaining: 2m 52s
Rendered 14529/18723, time remaining: 2m 52s
Rendered 14530/18723, time remaining: 2m 53s
Rendered 14531/18723, time remaining: 2m 55s
Rendered 14532/18723, time remaining: 2m 55s
Rendered 14533/18723, time remaining: 2m 51s
Rendered 14534/18723, time remaining: 2m 51s
Rendered 14535/18723, time remaining: 2m 52s
Rendered 14536/18723, time remaining: 2m 52s
Rendered 14537/18723, time remaining: 2m 52s
Rendered 14538/18723, time remaining: 2m 56s
Rendered 14539/18723, time remaining: 2m 56s
Rendered 14540/18723, time remaining: 2m 54s
Rendered 14541/18723, time remaining: 2m 54s
Rendered 14542/18723, time remaining: 2m 55s
Rendered 14543/18723, time remaining: 2m 54s
Rendered 14544/18723, time remaining: 2m 53s
Rendered 14545/18723, time remaining: 2m 53s
Rendered 14546/18723, time remaining: 2m 54s
Rendered 14547/18723, time remaining: 2m 53s
Rendered 14548/18723, time remaining: 2m 53s
Rendered 14549/18723, time remaining: 2m 54s
Rendered 14550/18723, time remaining: 2m 54s
Rendered 14551/18723, time remaining: 2m 57s
Rendered 14552/18723, time remaining: 2m 55s
Rendered 14553/18723, time remaining: 2m 55s
Rendered 14554/18723, time remaining: 2m 54s
Rendered 14555/18723, time remaining: 2m 52s
Rendered 14556/18723, time remaining: 2m 54s
Rendered 14557/18723, time remaining: 2m 58s
Rendered 14558/18723, time remaining: 2m 54s
Rendered 14559/18723, time remaining: 2m 54s
Rendered 14560/18723, time remaining: 2m 54s
Rendered 14561/18723, time remaining: 2m 54s
Rendered 14562/18723, time remaining: 2m 56s
Rendered 14563/18723, time remaining: 2m 57s
Rendered 14564/18723, time remaining: 2m 57s
Rendered 14565/18723, time remaining: 2m 54s
Rendered 14566/18723, time remaining: 2m 58s
Rendered 14567/18723, time remaining: 2m 57s
Rendered 14568/18723, time remaining: 2m 57s
Rendered 14569/18723, time remaining: 2m 59s
Rendered 14570/18723, time remaining: 2m 56s
Rendered 14571/18723, time remaining: 2m 58s
Rendered 14572/18723, time remaining: 2m 58s
Rendered 14573/18723, time remaining: 2m 57s
Rendered 14574/18723, time remaining: 2m 57s
Rendered 14575/18723, time remaining: 2m 57s
Rendered 14576/18723, time remaining: 2m 54s
Rendered 14577/18723, time remaining: 2m 56s
Rendered 14578/18723, time remaining: 3m 1s
Rendered 14579/18723, time remaining: 2m 58s
Rendered 14580/18723, time remaining: 2m 57s
Rendered 14581/18723, time remaining: 2m 57s
Rendered 14582/18723, time remaining: 2m 57s
Rendered 14583/18723, time remaining: 2m 58s
Rendered 14584/18723, time remaining: 3m 0s
Rendered 14585/18723, time remaining: 2m 57s
Rendered 14586/18723, time remaining: 2m 58s
Rendered 14587/18723, time remaining: 2m 57s
Rendered 14588/18723, time remaining: 2m 59s
Rendered 14589/18723, time remaining: 2m 59s
Rendered 14590/18723, time remaining: 2m 59s
Rendered 14591/18723, time remaining: 2m 58s
Rendered 14592/18723, time remaining: 2m 56s
Rendered 14593/18723, time remaining: 2m 53s
Rendered 14594/18723, time remaining: 3m 2s
Rendered 14595/18723, time remaining: 3m 1s
Rendered 14596/18723, time remaining: 3m 2s
Rendered 14597/18723, time remaining: 3m 3s
Rendered 14598/18723, time remaining: 3m 3s
Rendered 14599/18723, time remaining: 3m 2s
Rendered 14600/18723, time remaining: 2m 58s
Rendered 14601/18723, time remaining: 2m 59s
Rendered 14602/18723, time remaining: 3m 1s
Rendered 14603/18723, time remaining: 3m 3s
Rendered 14604/18723, time remaining: 3m 3s
Rendered 14605/18723, time remaining: 3m 3s
Rendered 14606/18723, time remaining: 3m 1s
Rendered 14607/18723, time remaining: 3m 0s
Rendered 14608/18723, time remaining: 2m 59s
Rendered 14609/18723, time remaining: 2m 58s
Rendered 14610/18723, time remaining: 3m 3s
Rendered 14611/18723, time remaining: 3m 3s
Rendered 14612/18723, time remaining: 3m 3s
Rendered 14613/18723, time remaining: 3m 3s
Rendered 14614/18723, time remaining: 3m 1s
Rendered 14615/18723, time remaining: 3m 1s
Rendered 14616/18723, time remaining: 3m 0s
Rendered 14617/18723, time remaining: 3m 1s
Rendered 14618/18723, time remaining: 3m 1s
Rendered 14619/18723, time remaining: 3m 2s
Rendered 14620/18723, time remaining: 3m 4s
Rendered 14621/18723, time remaining: 3m 4s
Rendered 14622/18723, time remaining: 3m 3s
Rendered 14623/18723, time remaining: 3m 3s
Rendered 14624/18723, time remaining: 3m 1s
Rendered 14625/18723, time remaining: 3m 1s
Rendered 14626/18723, time remaining: 3m 2s
Rendered 14627/18723, time remaining: 3m 2s
Rendered 14628/18723, time remaining: 3m 3s
Rendered 14629/18723, time remaining: 3m 4s
Rendered 14630/18723, time remaining: 3m 2s
Rendered 14631/18723, time remaining: 3m 2s
Rendered 14632/18723, time remaining: 2m 59s
Rendered 14633/18723, time remaining: 2m 59s
Rendered 14634/18723, time remaining: 2m 59s
Rendered 14635/18723, time remaining: 2m 59s
Rendered 14636/18723, time remaining: 3m 0s
Rendered 14637/18723, time remaining: 3m 2s
Rendered 14638/18723, time remaining: 3m 4s
Rendered 14639/18723, time remaining: 3m 2s
Rendered 14640/18723, time remaining: 2m 59s
Rendered 14641/18723, time remaining: 3m 0s
Rendered 14642/18723, time remaining: 3m 1s
Rendered 14643/18723, time remaining: 2m 59s
Rendered 14644/18723, time remaining: 3m 1s
Rendered 14645/18723, time remaining: 3m 1s
Rendered 14646/18723, time remaining: 3m 1s
Rendered 14647/18723, time remaining: 3m 0s
Rendered 14648/18723, time remaining: 2m 59s
Rendered 14649/18723, time remaining: 3m 2s
Rendered 14650/18723, time remaining: 3m 0s
Rendered 14651/18723, time remaining: 3m 0s
Rendered 14652/18723, time remaining: 3m 0s
Rendered 14653/18723, time remaining: 3m 0s
Rendered 14654/18723, time remaining: 3m 0s
Rendered 14655/18723, time remaining: 2m 58s
Rendered 14656/18723, time remaining: 2m 57s
Rendered 14657/18723, time remaining: 3m 1s
Rendered 14658/18723, time remaining: 3m 1s
Rendered 14659/18723, time remaining: 3m 1s
Rendered 14660/18723, time remaining: 3m 0s
Rendered 14661/18723, time remaining: 3m 0s
Rendered 14662/18723, time remaining: 3m 0s
Rendered 14663/18723, time remaining: 3m 1s
Rendered 14664/18723, time remaining: 2m 58s
Rendered 14665/18723, time remaining: 3m 0s
Rendered 14666/18723, time remaining: 3m 0s
Rendered 14667/18723, time remaining: 3m 1s
Rendered 14668/18723, time remaining: 3m 0s
Rendered 14669/18723, time remaining: 2m 57s
Rendered 14670/18723, time remaining: 2m 59s
Rendered 14671/18723, time remaining: 2m 59s
Rendered 14672/18723, time remaining: 3m 0s
Rendered 14673/18723, time remaining: 2m 57s
Rendered 14674/18723, time remaining: 2m 57s
Rendered 14675/18723, time remaining: 2m 59s
Rendered 14676/18723, time remaining: 3m 0s
Rendered 14677/18723, time remaining: 2m 59s
Rendered 14678/18723, time remaining: 2m 59s
Rendered 14679/18723, time remaining: 2m 59s
Rendered 14680/18723, time remaining: 2m 59s
Rendered 14681/18723, time remaining: 2m 58s
Rendered 14682/18723, time remaining: 2m 58s
Rendered 14683/18723, time remaining: 2m 59s
Rendered 14684/18723, time remaining: 3m 1s
Rendered 14685/18723, time remaining: 3m 0s
Rendered 14686/18723, time remaining: 3m 0s
Rendered 14687/18723, time remaining: 3m 0s
Rendered 14688/18723, time remaining: 2m 57s
Rendered 14689/18723, time remaining: 2m 57s
Rendered 14690/18723, time remaining: 2m 59s
Rendered 14691/18723, time remaining: 2m 57s
Rendered 14692/18723, time remaining: 2m 57s
Rendered 14693/18723, time remaining: 2m 57s
Rendered 14694/18723, time remaining: 2m 58s
Rendered 14695/18723, time remaining: 2m 58s
Rendered 14696/18723, time remaining: 2m 57s
Rendered 14697/18723, time remaining: 2m 59s
Rendered 14698/18723, time remaining: 2m 59s
Rendered 14699/18723, time remaining: 3m 0s
Rendered 14700/18723, time remaining: 3m 1s
Rendered 14701/18723, time remaining: 2m 58s
Rendered 14702/18723, time remaining: 2m 58s
Rendered 14703/18723, time remaining: 2m 58s
Rendered 14704/18723, time remaining: 2m 58s
Rendered 14705/18723, time remaining: 3m 0s
Rendered 14706/18723, time remaining: 3m 0s
Rendered 14707/18723, time remaining: 2m 58s
Rendered 14708/18723, time remaining: 2m 58s
Rendered 14709/18723, time remaining: 2m 58s
Rendered 14710/18723, time remaining: 2m 58s
Rendered 14711/18723, time remaining: 3m 0s
Rendered 14712/18723, time remaining: 2m 58s
Rendered 14713/18723, time remaining: 2m 57s
Rendered 14714/18723, time remaining: 2m 59s
Rendered 14715/18723, time remaining: 3m 1s
Rendered 14716/18723, time remaining: 2m 58s
Rendered 14717/18723, time remaining: 2m 59s
Rendered 14718/18723, time remaining: 2m 59s
Rendered 14719/18723, time remaining: 2m 58s
Rendered 14720/18723, time remaining: 2m 57s
Rendered 14721/18723, time remaining: 2m 55s
Rendered 14722/18723, time remaining: 2m 59s
Rendered 14723/18723, time remaining: 2m 59s
Rendered 14724/18723, time remaining: 3m 2s
Rendered 14725/18723, time remaining: 3m 2s
Rendered 14726/18723, time remaining: 3m 2s
Rendered 14727/18723, time remaining: 3m 2s
Rendered 14728/18723, time remaining: 2m 56s
Rendered 14729/18723, time remaining: 2m 56s
Rendered 14730/18723, time remaining: 2m 56s
Rendered 14731/18723, time remaining: 2m 58s
Rendered 14732/18723, time remaining: 3m 1s
Rendered 14733/18723, time remaining: 3m 2s
Rendered 14734/18723, time remaining: 2m 59s
Rendered 14735/18723, time remaining: 2m 59s
Rendered 14736/18723, time remaining: 2m 58s
Rendered 14737/18723, time remaining: 2m 57s
Rendered 14738/18723, time remaining: 2m 55s
Rendered 14739/18723, time remaining: 2m 58s
Rendered 14740/18723, time remaining: 2m 58s
Rendered 14741/18723, time remaining: 3m 3s
Rendered 14742/18723, time remaining: 3m 3s
Rendered 14743/18723, time remaining: 3m 2s
Rendered 14744/18723, time remaining: 2m 54s
Rendered 14745/18723, time remaining: 2m 53s
Rendered 14746/18723, time remaining: 2m 52s
Rendered 14747/18723, time remaining: 2m 54s
Rendered 14748/18723, time remaining: 2m 59s
Rendered 14749/18723, time remaining: 2m 59s
Rendered 14750/18723, time remaining: 3m 0s
Rendered 14751/18723, time remaining: 2m 58s
Rendered 14752/18723, time remaining: 2m 56s
Rendered 14753/18723, time remaining: 2m 54s
Rendered 14754/18723, time remaining: 2m 54s
Rendered 14755/18723, time remaining: 2m 56s
Rendered 14756/18723, time remaining: 3m 1s
Rendered 14757/18723, time remaining: 3m 2s
Rendered 14758/18723, time remaining: 3m 0s
Rendered 14759/18723, time remaining: 2m 59s
Rendered 14760/18723, time remaining: 2m 55s
Rendered 14761/18723, time remaining: 2m 55s
Rendered 14762/18723, time remaining: 2m 56s
Rendered 14763/18723, time remaining: 2m 57s
Rendered 14764/18723, time remaining: 3m 0s
Rendered 14765/18723, time remaining: 3m 2s
Rendered 14766/18723, time remaining: 3m 0s
Rendered 14767/18723, time remaining: 2m 58s
Rendered 14768/18723, time remaining: 2m 58s
Rendered 14769/18723, time remaining: 2m 58s
Rendered 14770/18723, time remaining: 2m 56s
Rendered 14771/18723, time remaining: 2m 55s
Rendered 14772/18723, time remaining: 2m 58s
Rendered 14773/18723, time remaining: 2m 59s
Rendered 14774/18723, time remaining: 2m 57s
Rendered 14775/18723, time remaining: 2m 57s
Rendered 14776/18723, time remaining: 2m 56s
Rendered 14777/18723, time remaining: 2m 57s
Rendered 14778/18723, time remaining: 2m 58s
Rendered 14779/18723, time remaining: 2m 57s
Rendered 14780/18723, time remaining: 2m 57s
Rendered 14781/18723, time remaining: 2m 58s
Rendered 14782/18723, time remaining: 3m 0s
Rendered 14783/18723, time remaining: 2m 57s
Rendered 14784/18723, time remaining: 2m 59s
Rendered 14785/18723, time remaining: 2m 59s
Rendered 14786/18723, time remaining: 2m 59s
Rendered 14787/18723, time remaining: 2m 56s
Rendered 14788/18723, time remaining: 2m 55s
Rendered 14789/18723, time remaining: 2m 56s
Rendered 14790/18723, time remaining: 2m 58s
Rendered 14791/18723, time remaining: 2m 57s
Rendered 14792/18723, time remaining: 2m 58s
Rendered 14793/18723, time remaining: 2m 58s
Rendered 14794/18723, time remaining: 2m 56s
Rendered 14795/18723, time remaining: 2m 56s
Rendered 14796/18723, time remaining: 2m 57s
Rendered 14797/18723, time remaining: 2m 58s
Rendered 14798/18723, time remaining: 2m 58s
Rendered 14799/18723, time remaining: 2m 56s
Rendered 14800/18723, time remaining: 2m 56s
Rendered 14801/18723, time remaining: 2m 56s
Rendered 14802/18723, time remaining: 2m 55s
Rendered 14803/18723, time remaining: 2m 56s
Rendered 14804/18723, time remaining: 3m 0s
Rendered 14805/18723, time remaining: 2m 59s
Rendered 14806/18723, time remaining: 2m 56s
Rendered 14807/18723, time remaining: 2m 52s
Rendered 14808/18723, time remaining: 2m 54s
Rendered 14809/18723, time remaining: 2m 55s
Rendered 14810/18723, time remaining: 2m 55s
Rendered 14811/18723, time remaining: 2m 54s
Rendered 14812/18723, time remaining: 2m 54s
Rendered 14813/18723, time remaining: 2m 55s
Rendered 14814/18723, time remaining: 2m 55s
Rendered 14815/18723, time remaining: 2m 56s
Rendered 14816/18723, time remaining: 2m 55s
Rendered 14817/18723, time remaining: 2m 57s
Rendered 14818/18723, time remaining: 2m 56s
Rendered 14819/18723, time remaining: 2m 55s
Rendered 14820/18723, time remaining: 2m 54s
Rendered 14821/18723, time remaining: 2m 53s
Rendered 14822/18723, time remaining: 2m 56s
Rendered 14823/18723, time remaining: 2m 59s
Rendered 14824/18723, time remaining: 2m 59s
Rendered 14825/18723, time remaining: 2m 57s
Rendered 14826/18723, time remaining: 2m 55s
Rendered 14827/18723, time remaining: 2m 55s
Rendered 14828/18723, time remaining: 2m 55s
Rendered 14829/18723, time remaining: 2m 54s
Rendered 14830/18723, time remaining: 2m 54s
Rendered 14831/18723, time remaining: 2m 56s
Rendered 14832/18723, time remaining: 2m 55s
Rendered 14833/18723, time remaining: 2m 57s
Rendered 14834/18723, time remaining: 2m 55s
Rendered 14835/18723, time remaining: 2m 54s
Rendered 14836/18723, time remaining: 2m 54s
Rendered 14837/18723, time remaining: 2m 54s
Rendered 14838/18723, time remaining: 2m 55s
Rendered 14839/18723, time remaining: 2m 56s
Rendered 14840/18723, time remaining: 2m 55s
Rendered 14841/18723, time remaining: 2m 53s
Rendered 14842/18723, time remaining: 2m 54s
Rendered 14843/18723, time remaining: 2m 53s
Rendered 14844/18723, time remaining: 2m 52s
Rendered 14845/18723, time remaining: 2m 52s
Rendered 14846/18723, time remaining: 2m 58s
Rendered 14847/18723, time remaining: 2m 55s
Rendered 14848/18723, time remaining: 2m 56s
Rendered 14849/18723, time remaining: 2m 51s
Rendered 14850/18723, time remaining: 2m 50s
Rendered 14851/18723, time remaining: 2m 53s
Rendered 14852/18723, time remaining: 2m 53s
Rendered 14853/18723, time remaining: 2m 54s
Rendered 14854/18723, time remaining: 2m 59s
Rendered 14855/18723, time remaining: 2m 58s
Rendered 14856/18723, time remaining: 2m 54s
Rendered 14857/18723, time remaining: 2m 53s
Rendered 14858/18723, time remaining: 2m 55s
Rendered 14859/18723, time remaining: 2m 55s
Rendered 14860/18723, time remaining: 2m 58s
Rendered 14861/18723, time remaining: 2m 56s
Rendered 14862/18723, time remaining: 2m 57s
Rendered 14863/18723, time remaining: 3m 0s
Rendered 14864/18723, time remaining: 2m 59s
Rendered 14865/18723, time remaining: 2m 55s
Rendered 14866/18723, time remaining: 2m 57s
Rendered 14867/18723, time remaining: 2m 56s
Rendered 14868/18723, time remaining: 2m 56s
Rendered 14869/18723, time remaining: 2m 58s
Rendered 14870/18723, time remaining: 2m 58s
Rendered 14871/18723, time remaining: 2m 58s
Rendered 14872/18723, time remaining: 2m 55s
Rendered 14873/18723, time remaining: 2m 55s
Rendered 14874/18723, time remaining: 2m 55s
Rendered 14875/18723, time remaining: 2m 55s
Rendered 14876/18723, time remaining: 2m 54s
Rendered 14877/18723, time remaining: 2m 53s
Rendered 14878/18723, time remaining: 2m 53s
Rendered 14879/18723, time remaining: 2m 57s
Rendered 14880/18723, time remaining: 3m 0s
Rendered 14881/18723, time remaining: 3m 1s
Rendered 14882/18723, time remaining: 2m 58s
Rendered 14883/18723, time remaining: 2m 55s
Rendered 14884/18723, time remaining: 2m 58s
Rendered 14885/18723, time remaining: 2m 58s
Rendered 14886/18723, time remaining: 2m 58s
Rendered 14887/18723, time remaining: 3m 2s
Rendered 14888/18723, time remaining: 3m 2s
Rendered 14889/18723, time remaining: 3m 1s
Rendered 14890/18723, time remaining: 3m 1s
Rendered 14891/18723, time remaining: 2m 57s
Rendered 14892/18723, time remaining: 3m 1s
Rendered 14893/18723, time remaining: 3m 1s
Rendered 14894/18723, time remaining: 3m 2s
Rendered 14895/18723, time remaining: 3m 3s
Rendered 14896/18723, time remaining: 3m 3s
Rendered 14897/18723, time remaining: 3m 3s
Rendered 14898/18723, time remaining: 3m 1s
Rendered 14899/18723, time remaining: 3m 2s
Rendered 14900/18723, time remaining: 3m 1s
Rendered 14901/18723, time remaining: 3m 1s
Rendered 14902/18723, time remaining: 3m 1s
Rendered 14903/18723, time remaining: 3m 2s
Rendered 14904/18723, time remaining: 3m 3s
Rendered 14905/18723, time remaining: 3m 3s
Rendered 14906/18723, time remaining: 2m 57s
Rendered 14907/18723, time remaining: 2m 59s
Rendered 14908/18723, time remaining: 3m 0s
Rendered 14909/18723, time remaining: 3m 0s
Rendered 14910/18723, time remaining: 3m 0s
Rendered 14911/18723, time remaining: 2m 59s
Rendered 14912/18723, time remaining: 2m 58s
Rendered 14913/18723, time remaining: 2m 59s
Rendered 14914/18723, time remaining: 2m 57s
Rendered 14915/18723, time remaining: 2m 57s
Rendered 14916/18723, time remaining: 2m 57s
Rendered 14917/18723, time remaining: 2m 57s
Rendered 14918/18723, time remaining: 2m 59s
Rendered 14919/18723, time remaining: 2m 59s
Rendered 14920/18723, time remaining: 2m 59s
Rendered 14921/18723, time remaining: 2m 58s
Rendered 14922/18723, time remaining: 2m 55s
Rendered 14923/18723, time remaining: 2m 55s
Rendered 14924/18723, time remaining: 2m 57s
Rendered 14925/18723, time remaining: 2m 58s
Rendered 14926/18723, time remaining: 2m 59s
Rendered 14927/18723, time remaining: 2m 59s
Rendered 14928/18723, time remaining: 2m 56s
Rendered 14929/18723, time remaining: 2m 57s
Rendered 14930/18723, time remaining: 2m 57s
Rendered 14931/18723, time remaining: 2m 56s
Rendered 14932/18723, time remaining: 2m 57s
Rendered 14933/18723, time remaining: 2m 59s
Rendered 14934/18723, time remaining: 2m 59s
Rendered 14935/18723, time remaining: 2m 59s
Rendered 14936/18723, time remaining: 2m 59s
Rendered 14937/18723, time remaining: 2m 59s
Rendered 14938/18723, time remaining: 2m 57s
Rendered 14939/18723, time remaining: 2m 58s
Rendered 14940/18723, time remaining: 3m 1s
Rendered 14941/18723, time remaining: 3m 1s
Rendered 14942/18723, time remaining: 2m 58s
Rendered 14943/18723, time remaining: 2m 58s
Rendered 14944/18723, time remaining: 3m 0s
Rendered 14945/18723, time remaining: 3m 0s
Rendered 14946/18723, time remaining: 2m 58s
Rendered 14947/18723, time remaining: 3m 0s
Rendered 14948/18723, time remaining: 2m 59s
Rendered 14949/18723, time remaining: 3m 2s
Rendered 14950/18723, time remaining: 3m 2s
Rendered 14951/18723, time remaining: 3m 5s
Rendered 14952/18723, time remaining: 3m 7s
Rendered 14953/18723, time remaining: 3m 5s
Rendered 14954/18723, time remaining: 3m 4s
Rendered 14955/18723, time remaining: 3m 3s
Rendered 14956/18723, time remaining: 3m 3s
Rendered 14957/18723, time remaining: 3m 5s
Rendered 14958/18723, time remaining: 3m 3s
Rendered 14959/18723, time remaining: 3m 4s
Rendered 14960/18723, time remaining: 3m 4s
Rendered 14961/18723, time remaining: 3m 6s
Rendered 14962/18723, time remaining: 3m 6s
Rendered 14963/18723, time remaining: 3m 7s
Rendered 14964/18723, time remaining: 3m 7s
Rendered 14965/18723, time remaining: 3m 5s
Rendered 14966/18723, time remaining: 3m 5s
Rendered 14967/18723, time remaining: 3m 5s
Rendered 14968/18723, time remaining: 3m 5s
Rendered 14969/18723, time remaining: 3m 5s
Rendered 14970/18723, time remaining: 3m 7s
Rendered 14971/18723, time remaining: 3m 6s
Rendered 14972/18723, time remaining: 3m 4s
Rendered 14973/18723, time remaining: 3m 2s
Rendered 14974/18723, time remaining: 3m 3s
Rendered 14975/18723, time remaining: 3m 3s
Rendered 14976/18723, time remaining: 3m 2s
Rendered 14977/18723, time remaining: 3m 3s
Rendered 14978/18723, time remaining: 3m 6s
Rendered 14979/18723, time remaining: 3m 7s
Rendered 14980/18723, time remaining: 3m 8s
Rendered 14981/18723, time remaining: 3m 4s
Rendered 14982/18723, time remaining: 3m 5s
Rendered 14983/18723, time remaining: 3m 3s
Rendered 14984/18723, time remaining: 3m 2s
Rendered 14985/18723, time remaining: 3m 4s
Rendered 14986/18723, time remaining: 3m 5s
Rendered 14987/18723, time remaining: 3m 5s
Rendered 14988/18723, time remaining: 3m 6s
Rendered 14989/18723, time remaining: 3m 5s
Rendered 14990/18723, time remaining: 3m 6s
Rendered 14991/18723, time remaining: 3m 4s
Rendered 14992/18723, time remaining: 3m 4s
Rendered 14993/18723, time remaining: 3m 4s
Rendered 14994/18723, time remaining: 3m 4s
Rendered 14995/18723, time remaining: 3m 5s
Rendered 14996/18723, time remaining: 3m 4s
Rendered 14997/18723, time remaining: 3m 4s
Rendered 14998/18723, time remaining: 3m 4s
Rendered 14999/18723, time remaining: 3m 4s
Rendered 15000/18723, time remaining: 3m 4s
Rendered 15001/18723, time remaining: 3m 1s
Rendered 15002/18723, time remaining: 3m 1s
Rendered 15003/18723, time remaining: 3m 2s
Rendered 15004/18723, time remaining: 2m 58s
Rendered 15005/18723, time remaining: 3m 0s
Rendered 15006/18723, time remaining: 3m 1s
Rendered 15007/18723, time remaining: 3m 2s
Rendered 15008/18723, time remaining: 2m 59s
Rendered 15009/18723, time remaining: 2m 59s
Rendered 15010/18723, time remaining: 2m 56s
Rendered 15011/18723, time remaining: 2m 55s
Rendered 15012/18723, time remaining: 2m 55s
Rendered 15013/18723, time remaining: 2m 52s
Rendered 15014/18723, time remaining: 2m 56s
Rendered 15015/18723, time remaining: 2m 56s
Rendered 15016/18723, time remaining: 2m 56s
Rendered 15017/18723, time remaining: 2m 56s
Rendered 15018/18723, time remaining: 2m 56s
Rendered 15019/18723, time remaining: 2m 54s
Rendered 15020/18723, time remaining: 2m 53s
Rendered 15021/18723, time remaining: 2m 53s
Rendered 15022/18723, time remaining: 2m 56s
Rendered 15023/18723, time remaining: 2m 55s
Rendered 15024/18723, time remaining: 2m 54s
Rendered 15025/18723, time remaining: 2m 55s
Rendered 15026/18723, time remaining: 2m 55s
Rendered 15027/18723, time remaining: 2m 55s
Rendered 15028/18723, time remaining: 2m 56s
Rendered 15029/18723, time remaining: 2m 52s
Rendered 15030/18723, time remaining: 2m 50s
Rendered 15031/18723, time remaining: 2m 47s
Rendered 15032/18723, time remaining: 2m 52s
Rendered 15033/18723, time remaining: 2m 52s
Rendered 15034/18723, time remaining: 2m 49s
Rendered 15035/18723, time remaining: 2m 49s
Rendered 15036/18723, time remaining: 2m 51s
Rendered 15037/18723, time remaining: 2m 48s
Rendered 15038/18723, time remaining: 2m 48s
Rendered 15039/18723, time remaining: 2m 47s
Rendered 15040/18723, time remaining: 2m 49s
Rendered 15041/18723, time remaining: 2m 49s
Rendered 15042/18723, time remaining: 2m 44s
Rendered 15043/18723, time remaining: 2m 44s
Rendered 15044/18723, time remaining: 2m 44s
Rendered 15045/18723, time remaining: 2m 48s
Rendered 15046/18723, time remaining: 2m 47s
Rendered 15047/18723, time remaining: 2m 46s
Rendered 15048/18723, time remaining: 2m 45s
Rendered 15049/18723, time remaining: 2m 43s
Rendered 15050/18723, time remaining: 2m 43s
Rendered 15051/18723, time remaining: 2m 45s
Rendered 15052/18723, time remaining: 2m 45s
Rendered 15053/18723, time remaining: 2m 46s
Rendered 15054/18723, time remaining: 2m 45s
Rendered 15055/18723, time remaining: 2m 44s
Rendered 15056/18723, time remaining: 2m 44s
Rendered 15057/18723, time remaining: 2m 42s
Rendered 15058/18723, time remaining: 2m 43s
Rendered 15059/18723, time remaining: 2m 46s
Rendered 15060/18723, time remaining: 2m 46s
Rendered 15061/18723, time remaining: 2m 48s
Rendered 15062/18723, time remaining: 2m 49s
Rendered 15063/18723, time remaining: 2m 47s
Rendered 15064/18723, time remaining: 2m 46s
Rendered 15065/18723, time remaining: 2m 44s
Rendered 15066/18723, time remaining: 2m 46s
Rendered 15067/18723, time remaining: 2m 47s
Rendered 15068/18723, time remaining: 2m 47s
Rendered 15069/18723, time remaining: 2m 47s
Rendered 15070/18723, time remaining: 2m 47s
Rendered 15071/18723, time remaining: 2m 47s
Rendered 15072/18723, time remaining: 2m 47s
Rendered 15073/18723, time remaining: 2m 48s
Rendered 15074/18723, time remaining: 2m 46s
Rendered 15075/18723, time remaining: 2m 47s
Rendered 15076/18723, time remaining: 2m 44s
Rendered 15077/18723, time remaining: 2m 47s
Rendered 15078/18723, time remaining: 2m 47s
Rendered 15079/18723, time remaining: 2m 46s
Rendered 15080/18723, time remaining: 2m 46s
Rendered 15081/18723, time remaining: 2m 46s
Rendered 15082/18723, time remaining: 2m 42s
Rendered 15083/18723, time remaining: 2m 41s
Rendered 15084/18723, time remaining: 2m 40s
Rendered 15085/18723, time remaining: 2m 39s
Rendered 15086/18723, time remaining: 2m 39s
Rendered 15087/18723, time remaining: 2m 40s
Rendered 15088/18723, time remaining: 2m 40s
Rendered 15089/18723, time remaining: 2m 39s
Rendered 15090/18723, time remaining: 2m 34s
Rendered 15091/18723, time remaining: 2m 34s
Rendered 15092/18723, time remaining: 2m 35s
Rendered 15093/18723, time remaining: 2m 35s
Rendered 15094/18723, time remaining: 2m 33s
Rendered 15095/18723, time remaining: 2m 33s
Rendered 15096/18723, time remaining: 2m 33s
Rendered 15097/18723, time remaining: 2m 34s
Rendered 15098/18723, time remaining: 2m 34s
Rendered 15099/18723, time remaining: 2m 31s
Rendered 15100/18723, time remaining: 2m 31s
Rendered 15101/18723, time remaining: 2m 30s
Rendered 15102/18723, time remaining: 2m 28s
Rendered 15103/18723, time remaining: 2m 29s
Rendered 15104/18723, time remaining: 2m 27s
Rendered 15105/18723, time remaining: 2m 29s
Rendered 15106/18723, time remaining: 2m 29s
Rendered 15107/18723, time remaining: 2m 30s
Rendered 15108/18723, time remaining: 2m 29s
Rendered 15109/18723, time remaining: 2m 28s
Rendered 15110/18723, time remaining: 2m 28s
Rendered 15111/18723, time remaining: 2m 26s
Rendered 15112/18723, time remaining: 2m 25s
Rendered 15113/18723, time remaining: 2m 24s
Rendered 15114/18723, time remaining: 2m 24s
Rendered 15115/18723, time remaining: 2m 25s
Rendered 15116/18723, time remaining: 2m 27s
Rendered 15117/18723, time remaining: 2m 24s
Rendered 15118/18723, time remaining: 2m 25s
Rendered 15119/18723, time remaining: 2m 25s
Rendered 15120/18723, time remaining: 2m 23s
Rendered 15121/18723, time remaining: 2m 23s
Rendered 15122/18723, time remaining: 2m 23s
Rendered 15123/18723, time remaining: 2m 25s
Rendered 15124/18723, time remaining: 2m 23s
Rendered 15125/18723, time remaining: 2m 23s
Rendered 15126/18723, time remaining: 2m 25s
Rendered 15127/18723, time remaining: 2m 24s
Rendered 15128/18723, time remaining: 2m 24s
Rendered 15129/18723, time remaining: 2m 23s
Rendered 15130/18723, time remaining: 2m 21s
Rendered 15131/18723, time remaining: 2m 20s
Rendered 15132/18723, time remaining: 2m 19s
Rendered 15133/18723, time remaining: 2m 19s
Rendered 15134/18723, time remaining: 2m 20s
Rendered 15135/18723, time remaining: 2m 19s
Rendered 15136/18723, time remaining: 2m 22s
Rendered 15137/18723, time remaining: 2m 23s
Rendered 15138/18723, time remaining: 2m 20s
Rendered 15139/18723, time remaining: 2m 20s
Rendered 15140/18723, time remaining: 2m 19s
Rendered 15141/18723, time remaining: 2m 21s
Rendered 15142/18723, time remaining: 2m 21s
Rendered 15143/18723, time remaining: 2m 23s
Rendered 15144/18723, time remaining: 2m 24s
Rendered 15145/18723, time remaining: 2m 24s
Rendered 15146/18723, time remaining: 2m 21s
Rendered 15147/18723, time remaining: 2m 21s
Rendered 15148/18723, time remaining: 2m 20s
Rendered 15149/18723, time remaining: 2m 20s
Rendered 15150/18723, time remaining: 2m 20s
Rendered 15151/18723, time remaining: 2m 21s
Rendered 15152/18723, time remaining: 2m 24s
Rendered 15153/18723, time remaining: 2m 23s
Rendered 15154/18723, time remaining: 2m 23s
Rendered 15155/18723, time remaining: 2m 20s
Rendered 15156/18723, time remaining: 2m 19s
Rendered 15157/18723, time remaining: 2m 18s
Rendered 15158/18723, time remaining: 2m 19s
Rendered 15159/18723, time remaining: 2m 21s
Rendered 15160/18723, time remaining: 2m 22s
Rendered 15161/18723, time remaining: 2m 22s
Rendered 15162/18723, time remaining: 2m 21s
Rendered 15163/18723, time remaining: 2m 23s
Rendered 15164/18723, time remaining: 2m 22s
Rendered 15165/18723, time remaining: 2m 22s
Rendered 15166/18723, time remaining: 2m 20s
Rendered 15167/18723, time remaining: 2m 20s
Rendered 15168/18723, time remaining: 2m 20s
Rendered 15169/18723, time remaining: 2m 18s
Rendered 15170/18723, time remaining: 2m 21s
Rendered 15171/18723, time remaining: 2m 21s
Rendered 15172/18723, time remaining: 2m 22s
Rendered 15173/18723, time remaining: 2m 23s
Rendered 15174/18723, time remaining: 2m 21s
Rendered 15175/18723, time remaining: 2m 20s
Rendered 15176/18723, time remaining: 2m 20s
Rendered 15177/18723, time remaining: 2m 19s
Rendered 15178/18723, time remaining: 2m 19s
Rendered 15179/18723, time remaining: 2m 22s
Rendered 15180/18723, time remaining: 2m 23s
Rendered 15181/18723, time remaining: 2m 24s
Rendered 15182/18723, time remaining: 2m 19s
Rendered 15183/18723, time remaining: 2m 19s
Rendered 15184/18723, time remaining: 2m 19s
Rendered 15185/18723, time remaining: 2m 19s
Rendered 15186/18723, time remaining: 2m 18s
Rendered 15187/18723, time remaining: 2m 19s
Rendered 15188/18723, time remaining: 2m 20s
Rendered 15189/18723, time remaining: 2m 21s
Rendered 15190/18723, time remaining: 2m 19s
Rendered 15191/18723, time remaining: 2m 19s
Rendered 15192/18723, time remaining: 2m 19s
Rendered 15193/18723, time remaining: 2m 19s
Rendered 15194/18723, time remaining: 2m 19s
Rendered 15195/18723, time remaining: 2m 14s
Rendered 15196/18723, time remaining: 2m 14s
Rendered 15197/18723, time remaining: 2m 19s
Rendered 15198/18723, time remaining: 2m 19s
Rendered 15199/18723, time remaining: 2m 19s
Rendered 15200/18723, time remaining: 2m 19s
Rendered 15201/18723, time remaining: 2m 17s
Rendered 15202/18723, time remaining: 2m 16s
Rendered 15203/18723, time remaining: 2m 14s
Rendered 15204/18723, time remaining: 2m 16s
Rendered 15205/18723, time remaining: 2m 18s
Rendered 15206/18723, time remaining: 2m 19s
Rendered 15207/18723, time remaining: 2m 19s
Rendered 15208/18723, time remaining: 2m 17s
Rendered 15209/18723, time remaining: 2m 14s
Rendered 15210/18723, time remaining: 2m 16s
Rendered 15211/18723, time remaining: 2m 14s
Rendered 15212/18723, time remaining: 2m 14s
Rendered 15213/18723, time remaining: 2m 14s
Rendered 15214/18723, time remaining: 2m 15s
Rendered 15215/18723, time remaining: 2m 15s
Rendered 15216/18723, time remaining: 2m 15s
Rendered 15217/18723, time remaining: 2m 14s
Rendered 15218/18723, time remaining: 2m 13s
Rendered 15219/18723, time remaining: 2m 13s
Rendered 15220/18723, time remaining: 2m 14s
Rendered 15221/18723, time remaining: 2m 14s
Rendered 15222/18723, time remaining: 2m 13s
Rendered 15223/18723, time remaining: 2m 13s
Rendered 15224/18723, time remaining: 2m 12s
Rendered 15225/18723, time remaining: 2m 13s
Rendered 15226/18723, time remaining: 2m 13s
Rendered 15227/18723, time remaining: 2m 12s
Rendered 15228/18723, time remaining: 2m 14s
Rendered 15229/18723, time remaining: 2m 14s
Rendered 15230/18723, time remaining: 2m 13s
Rendered 15231/18723, time remaining: 2m 15s
Rendered 15232/18723, time remaining: 2m 15s
Rendered 15233/18723, time remaining: 2m 15s
Rendered 15234/18723, time remaining: 2m 14s
Rendered 15235/18723, time remaining: 2m 16s
Rendered 15236/18723, time remaining: 2m 18s
Rendered 15237/18723, time remaining: 2m 18s
Rendered 15238/18723, time remaining: 2m 18s
Rendered 15239/18723, time remaining: 2m 18s
Rendered 15240/18723, time remaining: 2m 17s
Rendered 15241/18723, time remaining: 2m 17s
Rendered 15242/18723, time remaining: 2m 19s
Rendered 15243/18723, time remaining: 2m 19s
Rendered 15244/18723, time remaining: 2m 20s
Rendered 15245/18723, time remaining: 2m 20s
Rendered 15246/18723, time remaining: 2m 22s
Rendered 15247/18723, time remaining: 2m 18s
Rendered 15248/18723, time remaining: 2m 19s
Rendered 15249/18723, time remaining: 2m 16s
Rendered 15250/18723, time remaining: 2m 16s
Rendered 15251/18723, time remaining: 2m 15s
Rendered 15252/18723, time remaining: 2m 19s
Rendered 15253/18723, time remaining: 2m 19s
Rendered 15254/18723, time remaining: 2m 19s
Rendered 15255/18723, time remaining: 2m 17s
Rendered 15256/18723, time remaining: 2m 20s
Rendered 15257/18723, time remaining: 2m 18s
Rendered 15258/18723, time remaining: 2m 18s
Rendered 15259/18723, time remaining: 2m 18s
Rendered 15260/18723, time remaining: 2m 17s
Rendered 15261/18723, time remaining: 2m 19s
Rendered 15262/18723, time remaining: 2m 19s
Rendered 15263/18723, time remaining: 2m 19s
Rendered 15264/18723, time remaining: 2m 22s
Rendered 15265/18723, time remaining: 2m 20s
Rendered 15266/18723, time remaining: 2m 18s
Rendered 15267/18723, time remaining: 2m 18s
Rendered 15268/18723, time remaining: 2m 18s
Rendered 15269/18723, time remaining: 2m 18s
Rendered 15270/18723, time remaining: 2m 17s
Rendered 15271/18723, time remaining: 2m 20s
Rendered 15272/18723, time remaining: 2m 23s
Rendered 15273/18723, time remaining: 2m 20s
Rendered 15274/18723, time remaining: 2m 20s
Rendered 15275/18723, time remaining: 2m 20s
Rendered 15276/18723, time remaining: 2m 19s
Rendered 15277/18723, time remaining: 2m 18s
Rendered 15278/18723, time remaining: 2m 17s
Rendered 15279/18723, time remaining: 2m 18s
Rendered 15280/18723, time remaining: 2m 22s
Rendered 15281/18723, time remaining: 2m 22s
Rendered 15282/18723, time remaining: 2m 22s
Rendered 15283/18723, time remaining: 2m 22s
Rendered 15284/18723, time remaining: 2m 22s
Rendered 15285/18723, time remaining: 2m 21s
Rendered 15286/18723, time remaining: 2m 18s
Rendered 15287/18723, time remaining: 2m 20s
Rendered 15288/18723, time remaining: 2m 22s
Rendered 15289/18723, time remaining: 2m 22s
Rendered 15290/18723, time remaining: 2m 22s
Rendered 15291/18723, time remaining: 2m 20s
Rendered 15292/18723, time remaining: 2m 19s
Rendered 15293/18723, time remaining: 2m 18s
Rendered 15294/18723, time remaining: 2m 17s
Rendered 15295/18723, time remaining: 2m 17s
Rendered 15296/18723, time remaining: 2m 21s
Rendered 15297/18723, time remaining: 2m 21s
Rendered 15298/18723, time remaining: 2m 21s
Rendered 15299/18723, time remaining: 2m 21s
Rendered 15300/18723, time remaining: 2m 21s
Rendered 15301/18723, time remaining: 2m 21s
Rendered 15302/18723, time remaining: 2m 19s
Rendered 15303/18723, time remaining: 2m 18s
Rendered 15304/18723, time remaining: 2m 21s
Rendered 15305/18723, time remaining: 2m 20s
Rendered 15306/18723, time remaining: 2m 20s
Rendered 15307/18723, time remaining: 2m 23s
Rendered 15308/18723, time remaining: 2m 21s
Rendered 15309/18723, time remaining: 2m 21s
Rendered 15310/18723, time remaining: 2m 22s
Rendered 15311/18723, time remaining: 2m 21s
Rendered 15312/18723, time remaining: 2m 21s
Rendered 15313/18723, time remaining: 2m 20s
Rendered 15314/18723, time remaining: 2m 18s
Rendered 15315/18723, time remaining: 2m 20s
Rendered 15316/18723, time remaining: 2m 20s
Rendered 15317/18723, time remaining: 2m 21s
Rendered 15318/18723, time remaining: 2m 21s
Rendered 15319/18723, time remaining: 2m 21s
Rendered 15320/18723, time remaining: 2m 18s
Rendered 15321/18723, time remaining: 2m 19s
Rendered 15322/18723, time remaining: 2m 19s
Rendered 15323/18723, time remaining: 2m 18s
Rendered 15324/18723, time remaining: 2m 20s
Rendered 15325/18723, time remaining: 2m 21s
Rendered 15326/18723, time remaining: 2m 21s
Rendered 15327/18723, time remaining: 2m 22s
Rendered 15328/18723, time remaining: 2m 22s
Rendered 15329/18723, time remaining: 2m 19s
Rendered 15330/18723, time remaining: 2m 20s
Rendered 15331/18723, time remaining: 2m 20s
Rendered 15332/18723, time remaining: 2m 21s
Rendered 15333/18723, time remaining: 2m 22s
Rendered 15334/18723, time remaining: 2m 22s
Rendered 15335/18723, time remaining: 2m 24s
Rendered 15336/18723, time remaining: 2m 23s
Rendered 15337/18723, time remaining: 2m 22s
Rendered 15338/18723, time remaining: 2m 21s
Rendered 15339/18723, time remaining: 2m 20s
Rendered 15340/18723, time remaining: 2m 20s
Rendered 15341/18723, time remaining: 2m 23s
Rendered 15342/18723, time remaining: 2m 23s
Rendered 15343/18723, time remaining: 2m 23s
Rendered 15344/18723, time remaining: 2m 24s
Rendered 15345/18723, time remaining: 2m 23s
Rendered 15346/18723, time remaining: 2m 23s
Rendered 15347/18723, time remaining: 2m 19s
Rendered 15348/18723, time remaining: 2m 20s
Rendered 15349/18723, time remaining: 2m 23s
Rendered 15350/18723, time remaining: 2m 23s
Rendered 15351/18723, time remaining: 2m 23s
Rendered 15352/18723, time remaining: 2m 23s
Rendered 15353/18723, time remaining: 2m 23s
Rendered 15354/18723, time remaining: 2m 23s
Rendered 15355/18723, time remaining: 2m 20s
Rendered 15356/18723, time remaining: 2m 19s
Rendered 15357/18723, time remaining: 2m 20s
Rendered 15358/18723, time remaining: 2m 21s
Rendered 15359/18723, time remaining: 2m 23s
Rendered 15360/18723, time remaining: 2m 21s
Rendered 15361/18723, time remaining: 2m 23s
Rendered 15362/18723, time remaining: 2m 23s
Rendered 15363/18723, time remaining: 2m 23s
Rendered 15364/18723, time remaining: 2m 21s
Rendered 15365/18723, time remaining: 2m 23s
Rendered 15366/18723, time remaining: 2m 22s
Rendered 15367/18723, time remaining: 2m 22s
Rendered 15368/18723, time remaining: 2m 22s
Rendered 15369/18723, time remaining: 2m 21s
Rendered 15370/18723, time remaining: 2m 21s
Rendered 15371/18723, time remaining: 2m 21s
Rendered 15372/18723, time remaining: 2m 21s
Rendered 15373/18723, time remaining: 2m 22s
Rendered 15374/18723, time remaining: 2m 22s
Rendered 15375/18723, time remaining: 2m 21s
Rendered 15376/18723, time remaining: 2m 24s
Rendered 15377/18723, time remaining: 2m 22s
Rendered 15378/18723, time remaining: 2m 21s
Rendered 15379/18723, time remaining: 2m 21s
Rendered 15380/18723, time remaining: 2m 21s
Rendered 15381/18723, time remaining: 2m 20s
Rendered 15382/18723, time remaining: 2m 19s
Rendered 15383/18723, time remaining: 2m 21s
Rendered 15384/18723, time remaining: 2m 24s
Rendered 15385/18723, time remaining: 2m 22s
Rendered 15386/18723, time remaining: 2m 21s
Rendered 15387/18723, time remaining: 2m 21s
Rendered 15388/18723, time remaining: 2m 21s
Rendered 15389/18723, time remaining: 2m 21s
Rendered 15390/18723, time remaining: 2m 21s
Rendered 15391/18723, time remaining: 2m 21s
Rendered 15392/18723, time remaining: 2m 23s
Rendered 15393/18723, time remaining: 2m 22s
Rendered 15394/18723, time remaining: 2m 21s
Rendered 15395/18723, time remaining: 2m 22s
Rendered 15396/18723, time remaining: 2m 21s
Rendered 15397/18723, time remaining: 2m 21s
Rendered 15398/18723, time remaining: 2m 20s
Rendered 15399/18723, time remaining: 2m 22s
Rendered 15400/18723, time remaining: 2m 24s
Rendered 15401/18723, time remaining: 2m 24s
Rendered 15402/18723, time remaining: 2m 20s
Rendered 15403/18723, time remaining: 2m 21s
Rendered 15404/18723, time remaining: 2m 22s
Rendered 15405/18723, time remaining: 2m 22s
Rendered 15406/18723, time remaining: 2m 19s
Rendered 15407/18723, time remaining: 2m 19s
Rendered 15408/18723, time remaining: 2m 19s
Rendered 15409/18723, time remaining: 2m 19s
Rendered 15410/18723, time remaining: 2m 21s
Rendered 15411/18723, time remaining: 2m 20s
Rendered 15412/18723, time remaining: 2m 21s
Rendered 15413/18723, time remaining: 2m 21s
Rendered 15414/18723, time remaining: 2m 17s
Rendered 15415/18723, time remaining: 2m 17s
Rendered 15416/18723, time remaining: 2m 20s
Rendered 15417/18723, time remaining: 2m 20s
Rendered 15418/18723, time remaining: 2m 20s
Rendered 15419/18723, time remaining: 2m 21s
Rendered 15420/18723, time remaining: 2m 23s
Rendered 15421/18723, time remaining: 2m 20s
Rendered 15422/18723, time remaining: 2m 19s
Rendered 15423/18723, time remaining: 2m 19s
Rendered 15424/18723, time remaining: 2m 19s
Rendered 15425/18723, time remaining: 2m 19s
Rendered 15426/18723, time remaining: 2m 19s
Rendered 15427/18723, time remaining: 2m 21s
Rendered 15428/18723, time remaining: 2m 22s
Rendered 15429/18723, time remaining: 2m 21s
Rendered 15430/18723, time remaining: 2m 17s
Rendered 15431/18723, time remaining: 2m 17s
Rendered 15432/18723, time remaining: 2m 18s
Rendered 15433/18723, time remaining: 2m 18s
Rendered 15434/18723, time remaining: 2m 19s
Rendered 15435/18723, time remaining: 2m 18s
Rendered 15436/18723, time remaining: 2m 20s
Rendered 15437/18723, time remaining: 2m 17s
Rendered 15438/18723, time remaining: 2m 15s
Rendered 15439/18723, time remaining: 2m 18s
Rendered 15440/18723, time remaining: 2m 17s
Rendered 15441/18723, time remaining: 2m 18s
Rendered 15442/18723, time remaining: 2m 17s
Rendered 15443/18723, time remaining: 2m 17s
Rendered 15444/18723, time remaining: 2m 16s
Rendered 15445/18723, time remaining: 2m 17s
Rendered 15446/18723, time remaining: 2m 13s
Rendered 15447/18723, time remaining: 2m 16s
Rendered 15448/18723, time remaining: 2m 16s
Rendered 15449/18723, time remaining: 2m 16s
Rendered 15450/18723, time remaining: 2m 17s
Rendered 15451/18723, time remaining: 2m 15s
Rendered 15452/18723, time remaining: 2m 15s
Rendered 15453/18723, time remaining: 2m 15s
Rendered 15454/18723, time remaining: 2m 13s
Rendered 15455/18723, time remaining: 2m 17s
Rendered 15456/18723, time remaining: 2m 16s
Rendered 15457/18723, time remaining: 2m 14s
Rendered 15458/18723, time remaining: 2m 16s
Rendered 15459/18723, time remaining: 2m 13s
Rendered 15460/18723, time remaining: 2m 13s
Rendered 15461/18723, time remaining: 2m 14s
Rendered 15462/18723, time remaining: 2m 14s
Rendered 15463/18723, time remaining: 2m 14s
Rendered 15464/18723, time remaining: 2m 14s
Rendered 15465/18723, time remaining: 2m 12s
Rendered 15466/18723, time remaining: 2m 14s
Rendered 15467/18723, time remaining: 2m 14s
Rendered 15468/18723, time remaining: 2m 15s
Rendered 15469/18723, time remaining: 2m 15s
Rendered 15470/18723, time remaining: 2m 15s
Rendered 15471/18723, time remaining: 2m 15s
Rendered 15472/18723, time remaining: 2m 12s
Rendered 15473/18723, time remaining: 2m 12s
Rendered 15474/18723, time remaining: 2m 14s
Rendered 15475/18723, time remaining: 2m 14s
Rendered 15476/18723, time remaining: 2m 14s
Rendered 15477/18723, time remaining: 2m 12s
Rendered 15478/18723, time remaining: 2m 14s
Rendered 15479/18723, time remaining: 2m 16s
Rendered 15480/18723, time remaining: 2m 16s
Rendered 15481/18723, time remaining: 2m 15s
Rendered 15482/18723, time remaining: 2m 15s
Rendered 15483/18723, time remaining: 2m 14s
Rendered 15484/18723, time remaining: 2m 14s
Rendered 15485/18723, time remaining: 2m 12s
Rendered 15486/18723, time remaining: 2m 13s
Rendered 15487/18723, time remaining: 2m 15s
Rendered 15488/18723, time remaining: 2m 14s
Rendered 15489/18723, time remaining: 2m 15s
Rendered 15490/18723, time remaining: 2m 15s
Rendered 15491/18723, time remaining: 2m 12s
Rendered 15492/18723, time remaining: 2m 12s
Rendered 15493/18723, time remaining: 2m 12s
Rendered 15494/18723, time remaining: 2m 13s
Rendered 15495/18723, time remaining: 2m 16s
Rendered 15496/18723, time remaining: 2m 16s
Rendered 15497/18723, time remaining: 2m 15s
Rendered 15498/18723, time remaining: 2m 14s
Rendered 15499/18723, time remaining: 2m 11s
Rendered 15500/18723, time remaining: 2m 11s
Rendered 15501/18723, time remaining: 2m 11s
Rendered 15502/18723, time remaining: 2m 12s
Rendered 15503/18723, time remaining: 2m 15s
Rendered 15504/18723, time remaining: 2m 14s
Rendered 15505/18723, time remaining: 2m 14s
Rendered 15506/18723, time remaining: 2m 14s
Rendered 15507/18723, time remaining: 2m 13s
Rendered 15508/18723, time remaining: 2m 12s
Rendered 15509/18723, time remaining: 2m 10s
Rendered 15510/18723, time remaining: 2m 10s
Rendered 15511/18723, time remaining: 2m 13s
Rendered 15512/18723, time remaining: 2m 12s
Rendered 15513/18723, time remaining: 2m 12s
Rendered 15514/18723, time remaining: 2m 13s
Rendered 15515/18723, time remaining: 2m 12s
Rendered 15516/18723, time remaining: 2m 11s
Rendered 15517/18723, time remaining: 2m 11s
Rendered 15518/18723, time remaining: 2m 11s
Rendered 15519/18723, time remaining: 2m 13s
Rendered 15520/18723, time remaining: 2m 12s
Rendered 15521/18723, time remaining: 2m 13s
Rendered 15522/18723, time remaining: 2m 13s
Rendered 15523/18723, time remaining: 2m 11s
Rendered 15524/18723, time remaining: 2m 12s
Rendered 15525/18723, time remaining: 2m 12s
Rendered 15526/18723, time remaining: 2m 10s
Rendered 15527/18723, time remaining: 2m 12s
Rendered 15528/18723, time remaining: 2m 12s
Rendered 15529/18723, time remaining: 2m 11s
Rendered 15530/18723, time remaining: 2m 11s
Rendered 15531/18723, time remaining: 2m 11s
Rendered 15532/18723, time remaining: 2m 13s
Rendered 15533/18723, time remaining: 2m 13s
Rendered 15534/18723, time remaining: 2m 11s
Rendered 15535/18723, time remaining: 2m 12s
Rendered 15536/18723, time remaining: 2m 11s
Rendered 15537/18723, time remaining: 2m 11s
Rendered 15538/18723, time remaining: 2m 11s
Rendered 15539/18723, time remaining: 2m 11s
Rendered 15540/18723, time remaining: 2m 11s
Rendered 15541/18723, time remaining: 2m 13s
Rendered 15542/18723, time remaining: 2m 11s
Rendered 15543/18723, time remaining: 2m 11s
Rendered 15544/18723, time remaining: 2m 11s
Rendered 15545/18723, time remaining: 2m 10s
Rendered 15546/18723, time remaining: 2m 11s
Rendered 15547/18723, time remaining: 2m 11s
Rendered 15548/18723, time remaining: 2m 12s
Rendered 15549/18723, time remaining: 2m 12s
Rendered 15550/18723, time remaining: 2m 10s
Rendered 15551/18723, time remaining: 2m 10s
Rendered 15552/18723, time remaining: 2m 10s
Rendered 15553/18723, time remaining: 2m 10s
Rendered 15554/18723, time remaining: 2m 9s
Rendered 15555/18723, time remaining: 2m 10s
Rendered 15556/18723, time remaining: 2m 11s
Rendered 15557/18723, time remaining: 2m 11s
Rendered 15558/18723, time remaining: 2m 12s
Rendered 15559/18723, time remaining: 2m 12s
Rendered 15560/18723, time remaining: 2m 10s
Rendered 15561/18723, time remaining: 2m 8s
Rendered 15562/18723, time remaining: 2m 9s
Rendered 15563/18723, time remaining: 2m 9s
Rendered 15564/18723, time remaining: 2m 11s
Rendered 15565/18723, time remaining: 2m 11s
Rendered 15566/18723, time remaining: 2m 9s
Rendered 15567/18723, time remaining: 2m 9s
Rendered 15568/18723, time remaining: 2m 9s
Rendered 15569/18723, time remaining: 2m 8s
Rendered 15570/18723, time remaining: 2m 7s
Rendered 15571/18723, time remaining: 2m 8s
Rendered 15572/18723, time remaining: 2m 8s
Rendered 15573/18723, time remaining: 2m 9s
Rendered 15574/18723, time remaining: 2m 9s
Rendered 15575/18723, time remaining: 2m 9s
Rendered 15576/18723, time remaining: 2m 9s
Rendered 15577/18723, time remaining: 2m 7s
Rendered 15578/18723, time remaining: 2m 5s
Rendered 15579/18723, time remaining: 2m 6s
Rendered 15580/18723, time remaining: 2m 9s
Rendered 15581/18723, time remaining: 2m 9s
Rendered 15582/18723, time remaining: 2m 8s
Rendered 15583/18723, time remaining: 2m 8s
Rendered 15584/18723, time remaining: 2m 7s
Rendered 15585/18723, time remaining: 2m 8s
Rendered 15586/18723, time remaining: 2m 7s
Rendered 15587/18723, time remaining: 2m 8s
Rendered 15588/18723, time remaining: 2m 8s
Rendered 15589/18723, time remaining: 2m 5s
Rendered 15590/18723, time remaining: 2m 7s
Rendered 15591/18723, time remaining: 2m 7s
Rendered 15592/18723, time remaining: 2m 7s
Rendered 15593/18723, time remaining: 2m 9s
Rendered 15594/18723, time remaining: 2m 9s
Rendered 15595/18723, time remaining: 2m 8s
Rendered 15596/18723, time remaining: 2m 7s
Rendered 15597/18723, time remaining: 2m 5s
Rendered 15598/18723, time remaining: 2m 8s
Rendered 15599/18723, time remaining: 2m 8s
Rendered 15600/18723, time remaining: 2m 8s
Rendered 15601/18723, time remaining: 2m 8s
Rendered 15602/18723, time remaining: 2m 7s
Rendered 15603/18723, time remaining: 2m 7s
Rendered 15604/18723, time remaining: 2m 7s
Rendered 15605/18723, time remaining: 2m 4s
Rendered 15606/18723, time remaining: 2m 7s
Rendered 15607/18723, time remaining: 2m 8s
Rendered 15608/18723, time remaining: 2m 7s
Rendered 15609/18723, time remaining: 2m 7s
Rendered 15610/18723, time remaining: 2m 7s
Rendered 15611/18723, time remaining: 2m 6s
Rendered 15612/18723, time remaining: 2m 5s
Rendered 15613/18723, time remaining: 2m 6s
Rendered 15614/18723, time remaining: 2m 9s
Rendered 15615/18723, time remaining: 2m 8s
Rendered 15616/18723, time remaining: 2m 7s
Rendered 15617/18723, time remaining: 2m 6s
Rendered 15618/18723, time remaining: 2m 5s
Rendered 15619/18723, time remaining: 2m 5s
Rendered 15620/18723, time remaining: 2m 5s
Rendered 15621/18723, time remaining: 2m 8s
Rendered 15622/18723, time remaining: 2m 10s
Rendered 15623/18723, time remaining: 2m 10s
Rendered 15624/18723, time remaining: 2m 6s
Rendered 15625/18723, time remaining: 2m 5s
Rendered 15626/18723, time remaining: 2m 7s
Rendered 15627/18723, time remaining: 2m 9s
Rendered 15628/18723, time remaining: 2m 7s
Rendered 15629/18723, time remaining: 2m 5s
Rendered 15630/18723, time remaining: 2m 5s
Rendered 15631/18723, time remaining: 2m 5s
Rendered 15632/18723, time remaining: 2m 4s
Rendered 15633/18723, time remaining: 2m 4s
Rendered 15634/18723, time remaining: 2m 5s
Rendered 15635/18723, time remaining: 2m 6s
Rendered 15636/18723, time remaining: 2m 5s
Rendered 15637/18723, time remaining: 2m 4s
Rendered 15638/18723, time remaining: 2m 4s
Rendered 15639/18723, time remaining: 2m 3s
Rendered 15640/18723, time remaining: 2m 3s
Rendered 15641/18723, time remaining: 2m 5s
Rendered 15642/18723, time remaining: 2m 4s
Rendered 15643/18723, time remaining: 2m 5s
Rendered 15644/18723, time remaining: 2m 4s
Rendered 15645/18723, time remaining: 2m 2s
Rendered 15646/18723, time remaining: 2m 2s
Rendered 15647/18723, time remaining: 2m 3s
Rendered 15648/18723, time remaining: 2m 3s
Rendered 15649/18723, time remaining: 2m 3s
Rendered 15650/18723, time remaining: 2m 4s
Rendered 15651/18723, time remaining: 2m 4s
Rendered 15652/18723, time remaining: 2m 3s
Rendered 15653/18723, time remaining: 2m 1s
Rendered 15654/18723, time remaining: 2m 2s
Rendered 15655/18723, time remaining: 2m 2s
Rendered 15656/18723, time remaining: 2m 2s
Rendered 15657/18723, time remaining: 2m 3s
Rendered 15658/18723, time remaining: 2m 4s
Rendered 15659/18723, time remaining: 2m 5s
Rendered 15660/18723, time remaining: 2m 5s
Rendered 15661/18723, time remaining: 2m 0s
Rendered 15662/18723, time remaining: 2m 1s
Rendered 15663/18723, time remaining: 2m 1s
Rendered 15664/18723, time remaining: 2m 2s
Rendered 15665/18723, time remaining: 2m 3s
Rendered 15666/18723, time remaining: 2m 4s
Rendered 15667/18723, time remaining: 2m 3s
Rendered 15668/18723, time remaining: 2m 3s
Rendered 15669/18723, time remaining: 2m 1s
Rendered 15670/18723, time remaining: 2m 1s
Rendered 15671/18723, time remaining: 2m 0s
Rendered 15672/18723, time remaining: 2m 2s
Rendered 15673/18723, time remaining: 2m 4s
Rendered 15674/18723, time remaining: 2m 3s
Rendered 15675/18723, time remaining: 2m 2s
Rendered 15676/18723, time remaining: 2m 2s
Rendered 15677/18723, time remaining: 2m 1s
Rendered 15678/18723, time remaining: 2m 2s
Rendered 15679/18723, time remaining: 2m 2s
Rendered 15680/18723, time remaining: 2m 3s
Rendered 15681/18723, time remaining: 2m 3s
Rendered 15682/18723, time remaining: 2m 2s
Rendered 15683/18723, time remaining: 2m 0s
Rendered 15684/18723, time remaining: 2m 1s
Rendered 15685/18723, time remaining: 2m 0s
Rendered 15686/18723, time remaining: 2m 0s
Rendered 15687/18723, time remaining: 2m 0s
Rendered 15688/18723, time remaining: 2m 3s
Rendered 15689/18723, time remaining: 2m 4s
Rendered 15690/18723, time remaining: 2m 3s
Rendered 15691/18723, time remaining: 2m 2s
Rendered 15692/18723, time remaining: 2m 1s
Rendered 15693/18723, time remaining: 2m 1s
Rendered 15694/18723, time remaining: 2m 2s
Rendered 15695/18723, time remaining: 2m 2s
Rendered 15696/18723, time remaining: 2m 1s
Rendered 15697/18723, time remaining: 2m 1s
Rendered 15698/18723, time remaining: 2m 0s
Rendered 15699/18723, time remaining: 2m 0s
Rendered 15700/18723, time remaining: 2m 1s
Rendered 15701/18723, time remaining: 2m 1s
Rendered 15702/18723, time remaining: 2m 2s
Rendered 15703/18723, time remaining: 2m 1s
Rendered 15704/18723, time remaining: 2m 0s
Rendered 15705/18723, time remaining: 1m 59s
Rendered 15706/18723, time remaining: 1m 59s
Rendered 15707/18723, time remaining: 2m 0s
Rendered 15708/18723, time remaining: 2m 1s
Rendered 15709/18723, time remaining: 2m 1s
Rendered 15710/18723, time remaining: 2m 1s
Rendered 15711/18723, time remaining: 2m 1s
Rendered 15712/18723, time remaining: 2m 0s
Rendered 15713/18723, time remaining: 2m 1s
Rendered 15714/18723, time remaining: 1m 59s
Rendered 15715/18723, time remaining: 1m 59s
Rendered 15716/18723, time remaining: 2m 1s
Rendered 15717/18723, time remaining: 2m 1s
Rendered 15718/18723, time remaining: 2m 1s
Rendered 15719/18723, time remaining: 2m 1s
Rendered 15720/18723, time remaining: 2m 1s
Rendered 15721/18723, time remaining: 1m 59s
Rendered 15722/18723, time remaining: 1m 59s
Rendered 15723/18723, time remaining: 1m 59s
Rendered 15724/18723, time remaining: 2m 1s
Rendered 15725/18723, time remaining: 2m 0s
Rendered 15726/18723, time remaining: 2m 1s
Rendered 15727/18723, time remaining: 2m 1s
Rendered 15728/18723, time remaining: 2m 1s
Rendered 15729/18723, time remaining: 2m 1s
Rendered 15730/18723, time remaining: 1m 59s
Rendered 15731/18723, time remaining: 1m 58s
Rendered 15732/18723, time remaining: 1m 58s
Rendered 15733/18723, time remaining: 1m 59s
Rendered 15734/18723, time remaining: 2m 1s
Rendered 15735/18723, time remaining: 2m 0s
Rendered 15736/18723, time remaining: 2m 0s
Rendered 15737/18723, time remaining: 2m 0s
Rendered 15738/18723, time remaining: 2m 0s
Rendered 15739/18723, time remaining: 2m 0s
Rendered 15740/18723, time remaining: 1m 58s
Rendered 15741/18723, time remaining: 1m 58s
Rendered 15742/18723, time remaining: 1m 59s
Rendered 15743/18723, time remaining: 2m 1s
Rendered 15744/18723, time remaining: 2m 1s
Rendered 15745/18723, time remaining: 2m 1s
Rendered 15746/18723, time remaining: 2m 1s
Rendered 15747/18723, time remaining: 2m 0s
Rendered 15748/18723, time remaining: 1m 57s
Rendered 15749/18723, time remaining: 1m 56s
Rendered 15750/18723, time remaining: 1m 59s
Rendered 15751/18723, time remaining: 2m 0s
Rendered 15752/18723, time remaining: 2m 1s
Rendered 15753/18723, time remaining: 2m 1s
Rendered 15754/18723, time remaining: 2m 0s
Rendered 15755/18723, time remaining: 2m 0s
Rendered 15756/18723, time remaining: 1m 58s
Rendered 15757/18723, time remaining: 1m 58s
Rendered 15758/18723, time remaining: 1m 58s
Rendered 15759/18723, time remaining: 1m 59s
Rendered 15760/18723, time remaining: 2m 0s
Rendered 15761/18723, time remaining: 2m 0s
Rendered 15762/18723, time remaining: 2m 1s
Rendered 15763/18723, time remaining: 2m 0s
Rendered 15764/18723, time remaining: 1m 57s
Rendered 15765/18723, time remaining: 1m 56s
Rendered 15766/18723, time remaining: 1m 57s
Rendered 15767/18723, time remaining: 1m 59s
Rendered 15768/18723, time remaining: 1m 58s
Rendered 15769/18723, time remaining: 1m 58s
Rendered 15770/18723, time remaining: 1m 58s
Rendered 15771/18723, time remaining: 1m 55s
Rendered 15772/18723, time remaining: 1m 53s
Rendered 15773/18723, time remaining: 1m 54s
Rendered 15774/18723, time remaining: 1m 57s
Rendered 15775/18723, time remaining: 1m 58s
Rendered 15776/18723, time remaining: 1m 56s
Rendered 15777/18723, time remaining: 1m 55s
Rendered 15778/18723, time remaining: 1m 55s
Rendered 15779/18723, time remaining: 1m 54s
Rendered 15780/18723, time remaining: 1m 55s
Rendered 15781/18723, time remaining: 1m 55s
Rendered 15782/18723, time remaining: 1m 56s
Rendered 15783/18723, time remaining: 1m 56s
Rendered 15784/18723, time remaining: 1m 56s
Rendered 15785/18723, time remaining: 1m 54s
Rendered 15786/18723, time remaining: 1m 55s
Rendered 15787/18723, time remaining: 1m 54s
Rendered 15788/18723, time remaining: 1m 55s
Rendered 15789/18723, time remaining: 1m 56s
Rendered 15790/18723, time remaining: 1m 56s
Rendered 15791/18723, time remaining: 1m 55s
Rendered 15792/18723, time remaining: 1m 55s
Rendered 15793/18723, time remaining: 1m 55s
Rendered 15794/18723, time remaining: 1m 55s
Rendered 15795/18723, time remaining: 1m 55s
Rendered 15796/18723, time remaining: 1m 55s
Rendered 15797/18723, time remaining: 1m 56s
Rendered 15798/18723, time remaining: 1m 56s
Rendered 15799/18723, time remaining: 1m 56s
Rendered 15800/18723, time remaining: 1m 55s
Rendered 15801/18723, time remaining: 1m 55s
Rendered 15802/18723, time remaining: 1m 56s
Rendered 15803/18723, time remaining: 1m 55s
Rendered 15804/18723, time remaining: 1m 54s
Rendered 15805/18723, time remaining: 1m 58s
Rendered 15806/18723, time remaining: 1m 57s
Rendered 15807/18723, time remaining: 1m 56s
Rendered 15808/18723, time remaining: 1m 54s
Rendered 15809/18723, time remaining: 1m 54s
Rendered 15810/18723, time remaining: 1m 54s
Rendered 15811/18723, time remaining: 1m 55s
Rendered 15812/18723, time remaining: 1m 57s
Rendered 15813/18723, time remaining: 1m 59s
Rendered 15814/18723, time remaining: 1m 57s
Rendered 15815/18723, time remaining: 1m 55s
Rendered 15816/18723, time remaining: 1m 55s
Rendered 15817/18723, time remaining: 1m 56s
Rendered 15818/18723, time remaining: 1m 56s
Rendered 15819/18723, time remaining: 1m 55s
Rendered 15820/18723, time remaining: 1m 58s
Rendered 15821/18723, time remaining: 1m 58s
Rendered 15822/18723, time remaining: 1m 56s
Rendered 15823/18723, time remaining: 1m 54s
Rendered 15824/18723, time remaining: 1m 55s
Rendered 15825/18723, time remaining: 1m 56s
Rendered 15826/18723, time remaining: 1m 56s
Rendered 15827/18723, time remaining: 1m 56s
Rendered 15828/18723, time remaining: 1m 56s
Rendered 15829/18723, time remaining: 1m 56s
Rendered 15830/18723, time remaining: 1m 55s
Rendered 15831/18723, time remaining: 1m 55s
Rendered 15832/18723, time remaining: 1m 55s
Rendered 15833/18723, time remaining: 1m 55s
Rendered 15834/18723, time remaining: 1m 56s
Rendered 15835/18723, time remaining: 1m 56s
Rendered 15836/18723, time remaining: 1m 56s
Rendered 15837/18723, time remaining: 1m 56s
Rendered 15838/18723, time remaining: 1m 55s
Rendered 15839/18723, time remaining: 1m 53s
Rendered 15840/18723, time remaining: 1m 53s
Rendered 15841/18723, time remaining: 1m 55s
Rendered 15842/18723, time remaining: 1m 55s
Rendered 15843/18723, time remaining: 1m 54s
Rendered 15844/18723, time remaining: 1m 54s
Rendered 15845/18723, time remaining: 1m 54s
Rendered 15846/18723, time remaining: 1m 56s
Rendered 15847/18723, time remaining: 1m 56s
Rendered 15848/18723, time remaining: 1m 56s
Rendered 15849/18723, time remaining: 1m 55s
Rendered 15850/18723, time remaining: 1m 53s
Rendered 15851/18723, time remaining: 1m 55s
Rendered 15852/18723, time remaining: 1m 54s
Rendered 15853/18723, time remaining: 1m 53s
Rendered 15854/18723, time remaining: 1m 56s
Rendered 15855/18723, time remaining: 1m 56s
Rendered 15856/18723, time remaining: 1m 56s
Rendered 15857/18723, time remaining: 1m 56s
Rendered 15858/18723, time remaining: 1m 54s
Rendered 15859/18723, time remaining: 1m 55s
Rendered 15860/18723, time remaining: 1m 55s
Rendered 15861/18723, time remaining: 1m 55s
Rendered 15862/18723, time remaining: 1m 54s
Rendered 15863/18723, time remaining: 1m 53s
Rendered 15864/18723, time remaining: 1m 54s
Rendered 15865/18723, time remaining: 1m 54s
Rendered 15866/18723, time remaining: 1m 51s
Rendered 15867/18723, time remaining: 1m 54s
Rendered 15868/18723, time remaining: 1m 54s
Rendered 15869/18723, time remaining: 1m 54s
Rendered 15870/18723, time remaining: 1m 54s
Rendered 15871/18723, time remaining: 1m 54s
Rendered 15872/18723, time remaining: 1m 54s
Rendered 15873/18723, time remaining: 1m 54s
Rendered 15874/18723, time remaining: 1m 53s
Rendered 15875/18723, time remaining: 1m 54s
Rendered 15876/18723, time remaining: 1m 52s
Rendered 15877/18723, time remaining: 1m 52s
Rendered 15878/18723, time remaining: 1m 54s
Rendered 15879/18723, time remaining: 1m 53s
Rendered 15880/18723, time remaining: 1m 53s
Rendered 15881/18723, time remaining: 1m 54s
Rendered 15882/18723, time remaining: 1m 55s
Rendered 15883/18723, time remaining: 1m 54s
Rendered 15884/18723, time remaining: 1m 52s
Rendered 15885/18723, time remaining: 1m 52s
Rendered 15886/18723, time remaining: 1m 52s
Rendered 15887/18723, time remaining: 1m 52s
Rendered 15888/18723, time remaining: 1m 53s
Rendered 15889/18723, time remaining: 1m 53s
Rendered 15890/18723, time remaining: 1m 53s
Rendered 15891/18723, time remaining: 1m 53s
Rendered 15892/18723, time remaining: 1m 53s
Rendered 15893/18723, time remaining: 1m 49s
Rendered 15894/18723, time remaining: 1m 51s
Rendered 15895/18723, time remaining: 1m 51s
Rendered 15896/18723, time remaining: 1m 51s
Rendered 15897/18723, time remaining: 1m 52s
Rendered 15898/18723, time remaining: 1m 53s
Rendered 15899/18723, time remaining: 1m 53s
Rendered 15900/18723, time remaining: 1m 51s
Rendered 15901/18723, time remaining: 1m 50s
Rendered 15902/18723, time remaining: 1m 49s
Rendered 15903/18723, time remaining: 1m 49s
Rendered 15904/18723, time remaining: 1m 51s
Rendered 15905/18723, time remaining: 1m 51s
Rendered 15906/18723, time remaining: 1m 51s
Rendered 15907/18723, time remaining: 1m 51s
Rendered 15908/18723, time remaining: 1m 51s
Rendered 15909/18723, time remaining: 1m 50s
Rendered 15910/18723, time remaining: 1m 49s
Rendered 15911/18723, time remaining: 1m 49s
Rendered 15912/18723, time remaining: 1m 50s
Rendered 15913/18723, time remaining: 1m 50s
Rendered 15914/18723, time remaining: 1m 51s
Rendered 15915/18723, time remaining: 1m 51s
Rendered 15916/18723, time remaining: 1m 51s
Rendered 15917/18723, time remaining: 1m 49s
Rendered 15918/18723, time remaining: 1m 49s
Rendered 15919/18723, time remaining: 1m 50s
Rendered 15920/18723, time remaining: 1m 50s
Rendered 15921/18723, time remaining: 1m 50s
Rendered 15922/18723, time remaining: 1m 53s
Rendered 15923/18723, time remaining: 1m 53s
Rendered 15924/18723, time remaining: 1m 50s
Rendered 15925/18723, time remaining: 1m 49s
Rendered 15926/18723, time remaining: 1m 49s
Rendered 15927/18723, time remaining: 1m 49s
Rendered 15928/18723, time remaining: 1m 49s
Rendered 15929/18723, time remaining: 1m 49s
Rendered 15930/18723, time remaining: 1m 50s
Rendered 15931/18723, time remaining: 1m 51s
Rendered 15932/18723, time remaining: 1m 50s
Rendered 15933/18723, time remaining: 1m 50s
Rendered 15934/18723, time remaining: 1m 50s
Rendered 15935/18723, time remaining: 1m 50s
Rendered 15936/18723, time remaining: 1m 49s
Rendered 15937/18723, time remaining: 1m 50s
Rendered 15938/18723, time remaining: 1m 51s
Rendered 15939/18723, time remaining: 1m 51s
Rendered 15940/18723, time remaining: 1m 51s
Rendered 15941/18723, time remaining: 1m 50s
Rendered 15942/18723, time remaining: 1m 50s
Rendered 15943/18723, time remaining: 1m 50s
Rendered 15944/18723, time remaining: 1m 49s
Rendered 15945/18723, time remaining: 1m 50s
Rendered 15946/18723, time remaining: 1m 53s
Rendered 15947/18723, time remaining: 1m 50s
Rendered 15948/18723, time remaining: 1m 49s
Rendered 15949/18723, time remaining: 1m 49s
Rendered 15950/18723, time remaining: 1m 51s
Rendered 15951/18723, time remaining: 1m 50s
Rendered 15952/18723, time remaining: 1m 49s
Rendered 15953/18723, time remaining: 1m 49s
Rendered 15954/18723, time remaining: 1m 50s
Rendered 15955/18723, time remaining: 1m 48s
Rendered 15956/18723, time remaining: 1m 48s
Rendered 15957/18723, time remaining: 1m 48s
Rendered 15958/18723, time remaining: 1m 49s
Rendered 15959/18723, time remaining: 1m 49s
Rendered 15960/18723, time remaining: 1m 49s
Rendered 15961/18723, time remaining: 1m 51s
Rendered 15962/18723, time remaining: 1m 50s
Rendered 15963/18723, time remaining: 1m 48s
Rendered 15964/18723, time remaining: 1m 48s
Rendered 15965/18723, time remaining: 1m 48s
Rendered 15966/18723, time remaining: 1m 48s
Rendered 15967/18723, time remaining: 1m 47s
Rendered 15968/18723, time remaining: 1m 48s
Rendered 15969/18723, time remaining: 1m 48s
Rendered 15970/18723, time remaining: 1m 48s
Rendered 15971/18723, time remaining: 1m 48s
Rendered 15972/18723, time remaining: 1m 48s
Rendered 15973/18723, time remaining: 1m 48s
Rendered 15974/18723, time remaining: 1m 47s
Rendered 15975/18723, time remaining: 1m 47s
Rendered 15976/18723, time remaining: 1m 48s
Rendered 15977/18723, time remaining: 1m 47s
Rendered 15978/18723, time remaining: 1m 47s
Rendered 15979/18723, time remaining: 1m 48s
Rendered 15980/18723, time remaining: 1m 49s
Rendered 15981/18723, time remaining: 1m 48s
Rendered 15982/18723, time remaining: 1m 48s
Rendered 15983/18723, time remaining: 1m 47s
Rendered 15984/18723, time remaining: 1m 47s
Rendered 15985/18723, time remaining: 1m 47s
Rendered 15986/18723, time remaining: 1m 47s
Rendered 15987/18723, time remaining: 1m 47s
Rendered 15988/18723, time remaining: 1m 46s
Rendered 15989/18723, time remaining: 1m 46s
Rendered 15990/18723, time remaining: 1m 48s
Rendered 15991/18723, time remaining: 1m 47s
Rendered 15992/18723, time remaining: 1m 46s
Rendered 15993/18723, time remaining: 1m 46s
Rendered 15994/18723, time remaining: 1m 47s
Rendered 15995/18723, time remaining: 1m 47s
Rendered 15996/18723, time remaining: 1m 44s
Rendered 15997/18723, time remaining: 1m 46s
Rendered 15998/18723, time remaining: 1m 47s
Rendered 15999/18723, time remaining: 1m 47s
Rendered 16000/18723, time remaining: 1m 47s
Rendered 16001/18723, time remaining: 1m 45s
Rendered 16002/18723, time remaining: 1m 47s
Rendered 16003/18723, time remaining: 1m 47s
Rendered 16004/18723, time remaining: 1m 45s
Rendered 16005/18723, time remaining: 1m 45s
Rendered 16006/18723, time remaining: 1m 47s
Rendered 16007/18723, time remaining: 1m 46s
Rendered 16008/18723, time remaining: 1m 46s
Rendered 16009/18723, time remaining: 1m 46s
Rendered 16010/18723, time remaining: 1m 46s
Rendered 16011/18723, time remaining: 1m 46s
Rendered 16012/18723, time remaining: 1m 46s
Rendered 16013/18723, time remaining: 1m 46s
Rendered 16014/18723, time remaining: 1m 45s
Rendered 16015/18723, time remaining: 1m 45s
Rendered 16016/18723, time remaining: 1m 47s
Rendered 16017/18723, time remaining: 1m 46s
Rendered 16018/18723, time remaining: 1m 45s
Rendered 16019/18723, time remaining: 1m 46s
Rendered 16020/18723, time remaining: 1m 46s
Rendered 16021/18723, time remaining: 1m 45s
Rendered 16022/18723, time remaining: 1m 45s
Rendered 16023/18723, time remaining: 1m 45s
Rendered 16024/18723, time remaining: 1m 45s
Rendered 16025/18723, time remaining: 1m 46s
Rendered 16026/18723, time remaining: 1m 46s
Rendered 16027/18723, time remaining: 1m 46s
Rendered 16028/18723, time remaining: 1m 44s
Rendered 16029/18723, time remaining: 1m 44s
Rendered 16030/18723, time remaining: 1m 45s
Rendered 16031/18723, time remaining: 1m 44s
Rendered 16032/18723, time remaining: 1m 43s
Rendered 16033/18723, time remaining: 1m 46s
Rendered 16034/18723, time remaining: 1m 46s
Rendered 16035/18723, time remaining: 1m 46s
Rendered 16036/18723, time remaining: 1m 46s
Rendered 16037/18723, time remaining: 1m 46s
Rendered 16038/18723, time remaining: 1m 43s
Rendered 16039/18723, time remaining: 1m 43s
Rendered 16040/18723, time remaining: 1m 45s
Rendered 16041/18723, time remaining: 1m 45s
Rendered 16042/18723, time remaining: 1m 45s
Rendered 16043/18723, time remaining: 1m 46s
Rendered 16044/18723, time remaining: 1m 44s
Rendered 16045/18723, time remaining: 1m 45s
Rendered 16046/18723, time remaining: 1m 45s
Rendered 16047/18723, time remaining: 1m 43s
Rendered 16048/18723, time remaining: 1m 43s
Rendered 16049/18723, time remaining: 1m 44s
Rendered 16050/18723, time remaining: 1m 44s
Rendered 16051/18723, time remaining: 1m 44s
Rendered 16052/18723, time remaining: 1m 45s
Rendered 16053/18723, time remaining: 1m 45s
Rendered 16054/18723, time remaining: 1m 44s
Rendered 16055/18723, time remaining: 1m 44s
Rendered 16056/18723, time remaining: 1m 43s
Rendered 16057/18723, time remaining: 1m 43s
Rendered 16058/18723, time remaining: 1m 42s
Rendered 16059/18723, time remaining: 1m 44s
Rendered 16060/18723, time remaining: 1m 45s
Rendered 16061/18723, time remaining: 1m 45s
Rendered 16062/18723, time remaining: 1m 43s
Rendered 16063/18723, time remaining: 1m 42s
Rendered 16064/18723, time remaining: 1m 42s
Rendered 16065/18723, time remaining: 1m 43s
Rendered 16066/18723, time remaining: 1m 43s
Rendered 16067/18723, time remaining: 1m 42s
Rendered 16068/18723, time remaining: 1m 43s
Rendered 16069/18723, time remaining: 1m 43s
Rendered 16070/18723, time remaining: 1m 42s
Rendered 16071/18723, time remaining: 1m 43s
Rendered 16072/18723, time remaining: 1m 40s
Rendered 16073/18723, time remaining: 1m 42s
Rendered 16074/18723, time remaining: 1m 42s
Rendered 16075/18723, time remaining: 1m 41s
Rendered 16076/18723, time remaining: 1m 41s
Rendered 16077/18723, time remaining: 1m 41s
Rendered 16078/18723, time remaining: 1m 42s
Rendered 16079/18723, time remaining: 1m 41s
Rendered 16080/18723, time remaining: 1m 41s
Rendered 16081/18723, time remaining: 1m 41s
Rendered 16082/18723, time remaining: 1m 40s
Rendered 16083/18723, time remaining: 1m 41s
Rendered 16084/18723, time remaining: 1m 41s
Rendered 16085/18723, time remaining: 1m 41s
Rendered 16086/18723, time remaining: 1m 41s
Rendered 16087/18723, time remaining: 1m 41s
Rendered 16088/18723, time remaining: 1m 41s
Rendered 16089/18723, time remaining: 1m 39s
Rendered 16090/18723, time remaining: 1m 39s
Rendered 16091/18723, time remaining: 1m 40s
Rendered 16092/18723, time remaining: 1m 40s
Rendered 16093/18723, time remaining: 1m 40s
Rendered 16094/18723, time remaining: 1m 41s
Rendered 16095/18723, time remaining: 1m 40s
Rendered 16096/18723, time remaining: 1m 39s
Rendered 16097/18723, time remaining: 1m 39s
Rendered 16098/18723, time remaining: 1m 39s
Rendered 16099/18723, time remaining: 1m 39s
Rendered 16100/18723, time remaining: 1m 38s
Rendered 16101/18723, time remaining: 1m 40s
Rendered 16102/18723, time remaining: 1m 40s
Rendered 16103/18723, time remaining: 1m 40s
Rendered 16104/18723, time remaining: 1m 40s
Rendered 16105/18723, time remaining: 1m 38s
Rendered 16106/18723, time remaining: 1m 39s
Rendered 16107/18723, time remaining: 1m 38s
Rendered 16108/18723, time remaining: 1m 38s
Rendered 16109/18723, time remaining: 1m 39s
Rendered 16110/18723, time remaining: 1m 40s
Rendered 16111/18723, time remaining: 1m 38s
Rendered 16112/18723, time remaining: 1m 37s
Rendered 16113/18723, time remaining: 1m 36s
Rendered 16114/18723, time remaining: 1m 36s
Rendered 16115/18723, time remaining: 1m 37s
Rendered 16116/18723, time remaining: 1m 37s
Rendered 16117/18723, time remaining: 1m 40s
Rendered 16118/18723, time remaining: 1m 39s
Rendered 16119/18723, time remaining: 1m 38s
Rendered 16120/18723, time remaining: 1m 36s
Rendered 16121/18723, time remaining: 1m 36s
Rendered 16122/18723, time remaining: 1m 36s
Rendered 16123/18723, time remaining: 1m 36s
Rendered 16124/18723, time remaining: 1m 37s
Rendered 16125/18723, time remaining: 1m 39s
Rendered 16126/18723, time remaining: 1m 37s
Rendered 16127/18723, time remaining: 1m 36s
Rendered 16128/18723, time remaining: 1m 37s
Rendered 16129/18723, time remaining: 1m 36s
Rendered 16130/18723, time remaining: 1m 35s
Rendered 16131/18723, time remaining: 1m 35s
Rendered 16132/18723, time remaining: 1m 36s
Rendered 16133/18723, time remaining: 1m 38s
Rendered 16134/18723, time remaining: 1m 36s
Rendered 16135/18723, time remaining: 1m 36s
Rendered 16136/18723, time remaining: 1m 37s
Rendered 16137/18723, time remaining: 1m 36s
Rendered 16138/18723, time remaining: 1m 35s
Rendered 16139/18723, time remaining: 1m 36s
Rendered 16140/18723, time remaining: 1m 36s
Rendered 16141/18723, time remaining: 1m 37s
Rendered 16142/18723, time remaining: 1m 37s
Rendered 16143/18723, time remaining: 1m 37s
Rendered 16144/18723, time remaining: 1m 36s
Rendered 16145/18723, time remaining: 1m 36s
Rendered 16146/18723, time remaining: 1m 35s
Rendered 16147/18723, time remaining: 1m 35s
Rendered 16148/18723, time remaining: 1m 34s
Rendered 16149/18723, time remaining: 1m 36s
Rendered 16150/18723, time remaining: 1m 36s
Rendered 16151/18723, time remaining: 1m 36s
Rendered 16152/18723, time remaining: 1m 35s
Rendered 16153/18723, time remaining: 1m 35s
Rendered 16154/18723, time remaining: 1m 34s
Rendered 16155/18723, time remaining: 1m 35s
Rendered 16156/18723, time remaining: 1m 35s
Rendered 16157/18723, time remaining: 1m 35s
Rendered 16158/18723, time remaining: 1m 36s
Rendered 16159/18723, time remaining: 1m 34s
Rendered 16160/18723, time remaining: 1m 34s
Rendered 16161/18723, time remaining: 1m 34s
Rendered 16162/18723, time remaining: 1m 34s
Rendered 16163/18723, time remaining: 1m 34s
Rendered 16164/18723, time remaining: 1m 35s
Rendered 16165/18723, time remaining: 1m 37s
Rendered 16166/18723, time remaining: 1m 35s
Rendered 16167/18723, time remaining: 1m 34s
Rendered 16168/18723, time remaining: 1m 34s
Rendered 16169/18723, time remaining: 1m 33s
Rendered 16170/18723, time remaining: 1m 34s
Rendered 16171/18723, time remaining: 1m 35s
Rendered 16172/18723, time remaining: 1m 35s
Rendered 16173/18723, time remaining: 1m 36s
Rendered 16174/18723, time remaining: 1m 36s
Rendered 16175/18723, time remaining: 1m 34s
Rendered 16176/18723, time remaining: 1m 34s
Rendered 16177/18723, time remaining: 1m 33s
Rendered 16178/18723, time remaining: 1m 34s
Rendered 16179/18723, time remaining: 1m 35s
Rendered 16180/18723, time remaining: 1m 35s
Rendered 16181/18723, time remaining: 1m 36s
Rendered 16182/18723, time remaining: 1m 36s
Rendered 16183/18723, time remaining: 1m 33s
Rendered 16184/18723, time remaining: 1m 33s
Rendered 16185/18723, time remaining: 1m 32s
Rendered 16186/18723, time remaining: 1m 33s
Rendered 16187/18723, time remaining: 1m 33s
Rendered 16188/18723, time remaining: 1m 34s
Rendered 16189/18723, time remaining: 1m 37s
Rendered 16190/18723, time remaining: 1m 35s
Rendered 16191/18723, time remaining: 1m 35s
Rendered 16192/18723, time remaining: 1m 35s
Rendered 16193/18723, time remaining: 1m 33s
Rendered 16194/18723, time remaining: 1m 33s
Rendered 16195/18723, time remaining: 1m 33s
Rendered 16196/18723, time remaining: 1m 34s
Rendered 16197/18723, time remaining: 1m 35s
Rendered 16198/18723, time remaining: 1m 35s
Rendered 16199/18723, time remaining: 1m 35s
Rendered 16200/18723, time remaining: 1m 34s
Rendered 16201/18723, time remaining: 1m 33s
Rendered 16202/18723, time remaining: 1m 33s
Rendered 16203/18723, time remaining: 1m 33s
Rendered 16204/18723, time remaining: 1m 34s
Rendered 16205/18723, time remaining: 1m 35s
Rendered 16206/18723, time remaining: 1m 35s
Rendered 16207/18723, time remaining: 1m 35s
Rendered 16208/18723, time remaining: 1m 35s
Rendered 16209/18723, time remaining: 1m 33s
Rendered 16210/18723, time remaining: 1m 32s
Rendered 16211/18723, time remaining: 1m 33s
Rendered 16212/18723, time remaining: 1m 35s
Rendered 16213/18723, time remaining: 1m 35s
Rendered 16214/18723, time remaining: 1m 34s
Rendered 16215/18723, time remaining: 1m 33s
Rendered 16216/18723, time remaining: 1m 33s
Rendered 16217/18723, time remaining: 1m 34s
Rendered 16218/18723, time remaining: 1m 33s
Rendered 16219/18723, time remaining: 1m 34s
Rendered 16220/18723, time remaining: 1m 35s
Rendered 16221/18723, time remaining: 1m 34s
Rendered 16222/18723, time remaining: 1m 34s
Rendered 16223/18723, time remaining: 1m 33s
Rendered 16224/18723, time remaining: 1m 33s
Rendered 16225/18723, time remaining: 1m 33s
Rendered 16226/18723, time remaining: 1m 34s
Rendered 16227/18723, time remaining: 1m 34s
Rendered 16228/18723, time remaining: 1m 34s
Rendered 16229/18723, time remaining: 1m 35s
Rendered 16230/18723, time remaining: 1m 32s
Rendered 16231/18723, time remaining: 1m 33s
Rendered 16232/18723, time remaining: 1m 33s
Rendered 16233/18723, time remaining: 1m 33s
Rendered 16234/18723, time remaining: 1m 33s
Rendered 16235/18723, time remaining: 1m 33s
Rendered 16236/18723, time remaining: 1m 33s
Rendered 16237/18723, time remaining: 1m 33s
Rendered 16238/18723, time remaining: 1m 32s
Rendered 16239/18723, time remaining: 1m 33s
Rendered 16240/18723, time remaining: 1m 33s
Rendered 16241/18723, time remaining: 1m 34s
Rendered 16242/18723, time remaining: 1m 33s
Rendered 16243/18723, time remaining: 1m 33s
Rendered 16244/18723, time remaining: 1m 32s
Rendered 16245/18723, time remaining: 1m 32s
Rendered 16246/18723, time remaining: 1m 31s
Rendered 16247/18723, time remaining: 1m 31s
Rendered 16248/18723, time remaining: 1m 32s
Rendered 16249/18723, time remaining: 1m 33s
Rendered 16250/18723, time remaining: 1m 34s
Rendered 16251/18723, time remaining: 1m 32s
Rendered 16252/18723, time remaining: 1m 32s
Rendered 16253/18723, time remaining: 1m 32s
Rendered 16254/18723, time remaining: 1m 31s
Rendered 16255/18723, time remaining: 1m 31s
Rendered 16256/18723, time remaining: 1m 31s
Rendered 16257/18723, time remaining: 1m 31s
Rendered 16258/18723, time remaining: 1m 34s
Rendered 16259/18723, time remaining: 1m 33s
Rendered 16260/18723, time remaining: 1m 32s
Rendered 16261/18723, time remaining: 1m 31s
Rendered 16262/18723, time remaining: 1m 31s
Rendered 16263/18723, time remaining: 1m 32s
Rendered 16264/18723, time remaining: 1m 32s
Rendered 16265/18723, time remaining: 1m 32s
Rendered 16266/18723, time remaining: 1m 33s
Rendered 16267/18723, time remaining: 1m 31s
Rendered 16268/18723, time remaining: 1m 31s
Rendered 16269/18723, time remaining: 1m 31s
Rendered 16270/18723, time remaining: 1m 31s
Rendered 16271/18723, time remaining: 1m 32s
Rendered 16272/18723, time remaining: 1m 33s
Rendered 16273/18723, time remaining: 1m 33s
Rendered 16274/18723, time remaining: 1m 32s
Rendered 16275/18723, time remaining: 1m 30s
Rendered 16276/18723, time remaining: 1m 30s
Rendered 16277/18723, time remaining: 1m 33s
Rendered 16278/18723, time remaining: 1m 32s
Rendered 16279/18723, time remaining: 1m 33s
Rendered 16280/18723, time remaining: 1m 33s
Rendered 16281/18723, time remaining: 1m 33s
Rendered 16282/18723, time remaining: 1m 32s
Rendered 16283/18723, time remaining: 1m 30s
Rendered 16284/18723, time remaining: 1m 31s
Rendered 16285/18723, time remaining: 1m 32s
Rendered 16286/18723, time remaining: 1m 32s
Rendered 16287/18723, time remaining: 1m 32s
Rendered 16288/18723, time remaining: 1m 33s
Rendered 16289/18723, time remaining: 1m 33s
Rendered 16290/18723, time remaining: 1m 33s
Rendered 16291/18723, time remaining: 1m 32s
Rendered 16292/18723, time remaining: 1m 32s
Rendered 16293/18723, time remaining: 1m 31s
Rendered 16294/18723, time remaining: 1m 32s
Rendered 16295/18723, time remaining: 1m 32s
Rendered 16296/18723, time remaining: 1m 33s
Rendered 16297/18723, time remaining: 1m 33s
Rendered 16298/18723, time remaining: 1m 34s
Rendered 16299/18723, time remaining: 1m 33s
Rendered 16300/18723, time remaining: 1m 33s
Rendered 16301/18723, time remaining: 1m 32s
Rendered 16302/18723, time remaining: 1m 32s
Rendered 16303/18723, time remaining: 1m 33s
Rendered 16304/18723, time remaining: 1m 33s
Rendered 16305/18723, time remaining: 1m 34s
Rendered 16306/18723, time remaining: 1m 34s
Rendered 16307/18723, time remaining: 1m 33s
Rendered 16308/18723, time remaining: 1m 32s
Rendered 16309/18723, time remaining: 1m 32s
Rendered 16310/18723, time remaining: 1m 32s
Rendered 16311/18723, time remaining: 1m 33s
Rendered 16312/18723, time remaining: 1m 34s
Rendered 16313/18723, time remaining: 1m 35s
Rendered 16314/18723, time remaining: 1m 34s
Rendered 16315/18723, time remaining: 1m 32s
Rendered 16316/18723, time remaining: 1m 32s
Rendered 16317/18723, time remaining: 1m 32s
Rendered 16318/18723, time remaining: 1m 33s
Rendered 16319/18723, time remaining: 1m 33s
Rendered 16320/18723, time remaining: 1m 35s
Rendered 16321/18723, time remaining: 1m 34s
Rendered 16322/18723, time remaining: 1m 33s
Rendered 16323/18723, time remaining: 1m 32s
Rendered 16324/18723, time remaining: 1m 31s
Rendered 16325/18723, time remaining: 1m 32s
Rendered 16326/18723, time remaining: 1m 32s
Rendered 16327/18723, time remaining: 1m 32s
Rendered 16328/18723, time remaining: 1m 34s
Rendered 16329/18723, time remaining: 1m 33s
Rendered 16330/18723, time remaining: 1m 32s
Rendered 16331/18723, time remaining: 1m 31s
Rendered 16332/18723, time remaining: 1m 31s
Rendered 16333/18723, time remaining: 1m 32s
Rendered 16334/18723, time remaining: 1m 33s
Rendered 16335/18723, time remaining: 1m 33s
Rendered 16336/18723, time remaining: 1m 34s
Rendered 16337/18723, time remaining: 1m 34s
Rendered 16338/18723, time remaining: 1m 33s
Rendered 16339/18723, time remaining: 1m 31s
Rendered 16340/18723, time remaining: 1m 31s
Rendered 16341/18723, time remaining: 1m 31s
Rendered 16342/18723, time remaining: 1m 32s
Rendered 16343/18723, time remaining: 1m 32s
Rendered 16344/18723, time remaining: 1m 33s
Rendered 16345/18723, time remaining: 1m 33s
Rendered 16346/18723, time remaining: 1m 32s
Rendered 16347/18723, time remaining: 1m 31s
Rendered 16348/18723, time remaining: 1m 30s
Rendered 16349/18723, time remaining: 1m 31s
Rendered 16350/18723, time remaining: 1m 31s
Rendered 16351/18723, time remaining: 1m 31s
Rendered 16352/18723, time remaining: 1m 32s
Rendered 16353/18723, time remaining: 1m 33s
Rendered 16354/18723, time remaining: 1m 31s
Rendered 16355/18723, time remaining: 1m 30s
Rendered 16356/18723, time remaining: 1m 30s
Rendered 16357/18723, time remaining: 1m 30s
Rendered 16358/18723, time remaining: 1m 30s
Rendered 16359/18723, time remaining: 1m 32s
Rendered 16360/18723, time remaining: 1m 32s
Rendered 16361/18723, time remaining: 1m 32s
Rendered 16362/18723, time remaining: 1m 31s
Rendered 16363/18723, time remaining: 1m 30s
Rendered 16364/18723, time remaining: 1m 30s
Rendered 16365/18723, time remaining: 1m 30s
Rendered 16366/18723, time remaining: 1m 31s
Rendered 16367/18723, time remaining: 1m 31s
Rendered 16368/18723, time remaining: 1m 31s
Rendered 16369/18723, time remaining: 1m 31s
Rendered 16370/18723, time remaining: 1m 30s
Rendered 16371/18723, time remaining: 1m 30s
Rendered 16372/18723, time remaining: 1m 30s
Rendered 16373/18723, time remaining: 1m 30s
Rendered 16374/18723, time remaining: 1m 30s
Rendered 16375/18723, time remaining: 1m 30s
Rendered 16376/18723, time remaining: 1m 29s
Rendered 16377/18723, time remaining: 1m 30s
Rendered 16378/18723, time remaining: 1m 31s
Rendered 16379/18723, time remaining: 1m 31s
Rendered 16380/18723, time remaining: 1m 31s
Rendered 16381/18723, time remaining: 1m 30s
Rendered 16382/18723, time remaining: 1m 31s
Rendered 16383/18723, time remaining: 1m 30s
Rendered 16384/18723, time remaining: 1m 30s
Rendered 16385/18723, time remaining: 1m 31s
Rendered 16386/18723, time remaining: 1m 31s
Rendered 16387/18723, time remaining: 1m 30s
Rendered 16388/18723, time remaining: 1m 30s
Rendered 16389/18723, time remaining: 1m 29s
Rendered 16390/18723, time remaining: 1m 31s
Rendered 16391/18723, time remaining: 1m 30s
Rendered 16392/18723, time remaining: 1m 30s
Rendered 16393/18723, time remaining: 1m 32s
Rendered 16394/18723, time remaining: 1m 33s
Rendered 16395/18723, time remaining: 1m 33s
Rendered 16396/18723, time remaining: 1m 32s
Rendered 16397/18723, time remaining: 1m 32s
Rendered 16398/18723, time remaining: 1m 31s
Rendered 16399/18723, time remaining: 1m 30s
Rendered 16400/18723, time remaining: 1m 30s
Rendered 16401/18723, time remaining: 1m 32s
Rendered 16402/18723, time remaining: 1m 32s
Rendered 16403/18723, time remaining: 1m 32s
Rendered 16404/18723, time remaining: 1m 32s
Rendered 16405/18723, time remaining: 1m 32s
Rendered 16406/18723, time remaining: 1m 32s
Rendered 16407/18723, time remaining: 1m 31s
Rendered 16408/18723, time remaining: 1m 29s
Rendered 16409/18723, time remaining: 1m 33s
Rendered 16410/18723, time remaining: 1m 33s
Rendered 16411/18723, time remaining: 1m 33s
Rendered 16412/18723, time remaining: 1m 33s
Rendered 16413/18723, time remaining: 1m 33s
Rendered 16414/18723, time remaining: 1m 33s
Rendered 16415/18723, time remaining: 1m 33s
Rendered 16416/18723, time remaining: 1m 32s
Rendered 16417/18723, time remaining: 1m 33s
Rendered 16418/18723, time remaining: 1m 34s
Rendered 16419/18723, time remaining: 1m 34s
Rendered 16420/18723, time remaining: 1m 34s
Rendered 16421/18723, time remaining: 1m 33s
Rendered 16422/18723, time remaining: 1m 32s
Rendered 16423/18723, time remaining: 1m 32s
Rendered 16424/18723, time remaining: 1m 33s
Rendered 16425/18723, time remaining: 1m 36s
Rendered 16426/18723, time remaining: 1m 36s
Rendered 16427/18723, time remaining: 1m 33s
Rendered 16428/18723, time remaining: 1m 33s
Rendered 16429/18723, time remaining: 1m 32s
Rendered 16430/18723, time remaining: 1m 32s
Rendered 16431/18723, time remaining: 1m 32s
Rendered 16432/18723, time remaining: 1m 33s
Rendered 16433/18723, time remaining: 1m 35s
Rendered 16434/18723, time remaining: 1m 35s
Rendered 16435/18723, time remaining: 1m 33s
Rendered 16436/18723, time remaining: 1m 33s
Rendered 16437/18723, time remaining: 1m 33s
Rendered 16438/18723, time remaining: 1m 33s
Rendered 16439/18723, time remaining: 1m 32s
Rendered 16440/18723, time remaining: 1m 31s
Rendered 16441/18723, time remaining: 1m 33s
Rendered 16442/18723, time remaining: 1m 34s
Rendered 16443/18723, time remaining: 1m 34s
Rendered 16444/18723, time remaining: 1m 32s
Rendered 16445/18723, time remaining: 1m 32s
Rendered 16446/18723, time remaining: 1m 32s
Rendered 16447/18723, time remaining: 1m 31s
Rendered 16448/18723, time remaining: 1m 31s
Rendered 16449/18723, time remaining: 1m 32s
Rendered 16450/18723, time remaining: 1m 32s
Rendered 16451/18723, time remaining: 1m 32s
Rendered 16452/18723, time remaining: 1m 32s
Rendered 16453/18723, time remaining: 1m 31s
Rendered 16454/18723, time remaining: 1m 32s
Rendered 16455/18723, time remaining: 1m 30s
Rendered 16456/18723, time remaining: 1m 29s
Rendered 16457/18723, time remaining: 1m 30s
Rendered 16458/18723, time remaining: 1m 31s
Rendered 16459/18723, time remaining: 1m 32s
Rendered 16460/18723, time remaining: 1m 32s
Rendered 16461/18723, time remaining: 1m 31s
Rendered 16462/18723, time remaining: 1m 30s
Rendered 16463/18723, time remaining: 1m 29s
Rendered 16464/18723, time remaining: 1m 28s
Rendered 16465/18723, time remaining: 1m 29s
Rendered 16466/18723, time remaining: 1m 29s
Rendered 16467/18723, time remaining: 1m 28s
Rendered 16468/18723, time remaining: 1m 27s
Rendered 16469/18723, time remaining: 1m 27s
Rendered 16470/18723, time remaining: 1m 25s
Rendered 16471/18723, time remaining: 1m 25s
Rendered 16472/18723, time remaining: 1m 25s
Rendered 16473/18723, time remaining: 1m 25s
Rendered 16474/18723, time remaining: 1m 25s
Rendered 16475/18723, time remaining: 1m 24s
Rendered 16476/18723, time remaining: 1m 24s
Rendered 16477/18723, time remaining: 1m 24s
Rendered 16478/18723, time remaining: 1m 22s
Rendered 16479/18723, time remaining: 1m 23s
Rendered 16480/18723, time remaining: 1m 23s
Rendered 16481/18723, time remaining: 1m 23s
Rendered 16482/18723, time remaining: 1m 24s
Rendered 16483/18723, time remaining: 1m 23s
Rendered 16484/18723, time remaining: 1m 22s
Rendered 16485/18723, time remaining: 1m 22s
Rendered 16486/18723, time remaining: 1m 20s
Rendered 16487/18723, time remaining: 1m 21s
Rendered 16488/18723, time remaining: 1m 23s
Rendered 16489/18723, time remaining: 1m 23s
Rendered 16490/18723, time remaining: 1m 22s
Rendered 16491/18723, time remaining: 1m 22s
Rendered 16492/18723, time remaining: 1m 22s
Rendered 16493/18723, time remaining: 1m 22s
Rendered 16494/18723, time remaining: 1m 23s
Rendered 16495/18723, time remaining: 1m 22s
Rendered 16496/18723, time remaining: 1m 22s
Rendered 16497/18723, time remaining: 1m 22s
Rendered 16498/18723, time remaining: 1m 23s
Rendered 16499/18723, time remaining: 1m 23s
Rendered 16500/18723, time remaining: 1m 23s
Rendered 16501/18723, time remaining: 1m 24s
Rendered 16502/18723, time remaining: 1m 23s
Rendered 16503/18723, time remaining: 1m 22s
Rendered 16504/18723, time remaining: 1m 22s
Rendered 16505/18723, time remaining: 1m 23s
Rendered 16506/18723, time remaining: 1m 23s
Rendered 16507/18723, time remaining: 1m 23s
Rendered 16508/18723, time remaining: 1m 23s
Rendered 16509/18723, time remaining: 1m 23s
Rendered 16510/18723, time remaining: 1m 23s
Rendered 16511/18723, time remaining: 1m 22s
Rendered 16512/18723, time remaining: 1m 22s
Rendered 16513/18723, time remaining: 1m 22s
Rendered 16514/18723, time remaining: 1m 23s
Rendered 16515/18723, time remaining: 1m 23s
Rendered 16516/18723, time remaining: 1m 23s
Rendered 16517/18723, time remaining: 1m 22s
Rendered 16518/18723, time remaining: 1m 22s
Rendered 16519/18723, time remaining: 1m 22s
Rendered 16520/18723, time remaining: 1m 21s
Rendered 16521/18723, time remaining: 1m 21s
Rendered 16522/18723, time remaining: 1m 21s
Rendered 16523/18723, time remaining: 1m 23s
Rendered 16524/18723, time remaining: 1m 23s
Rendered 16525/18723, time remaining: 1m 24s
Rendered 16526/18723, time remaining: 1m 24s
Rendered 16527/18723, time remaining: 1m 22s
Rendered 16528/18723, time remaining: 1m 21s
Rendered 16529/18723, time remaining: 1m 21s
Rendered 16530/18723, time remaining: 1m 22s
Rendered 16531/18723, time remaining: 1m 22s
Rendered 16532/18723, time remaining: 1m 22s
Rendered 16533/18723, time remaining: 1m 22s
Rendered 16534/18723, time remaining: 1m 22s
Rendered 16535/18723, time remaining: 1m 21s
Rendered 16536/18723, time remaining: 1m 20s
Rendered 16537/18723, time remaining: 1m 20s
Rendered 16538/18723, time remaining: 1m 21s
Rendered 16539/18723, time remaining: 1m 23s
Rendered 16540/18723, time remaining: 1m 21s
Rendered 16541/18723, time remaining: 1m 21s
Rendered 16542/18723, time remaining: 1m 21s
Rendered 16543/18723, time remaining: 1m 19s
Rendered 16544/18723, time remaining: 1m 18s
Rendered 16545/18723, time remaining: 1m 19s
Rendered 16546/18723, time remaining: 1m 20s
Rendered 16547/18723, time remaining: 1m 20s
Rendered 16548/18723, time remaining: 1m 20s
Rendered 16549/18723, time remaining: 1m 21s
Rendered 16550/18723, time remaining: 1m 20s
Rendered 16551/18723, time remaining: 1m 19s
Rendered 16552/18723, time remaining: 1m 19s
Rendered 16553/18723, time remaining: 1m 19s
Rendered 16554/18723, time remaining: 1m 19s
Rendered 16555/18723, time remaining: 1m 19s
Rendered 16556/18723, time remaining: 1m 19s
Rendered 16557/18723, time remaining: 1m 20s
Rendered 16558/18723, time remaining: 1m 20s
Rendered 16559/18723, time remaining: 1m 16s
Rendered 16560/18723, time remaining: 1m 17s
Rendered 16561/18723, time remaining: 1m 17s
Rendered 16562/18723, time remaining: 1m 17s
Rendered 16563/18723, time remaining: 1m 18s
Rendered 16564/18723, time remaining: 1m 19s
Rendered 16565/18723, time remaining: 1m 17s
Rendered 16566/18723, time remaining: 1m 16s
Rendered 16567/18723, time remaining: 1m 16s
Rendered 16568/18723, time remaining: 1m 15s
Rendered 16569/18723, time remaining: 1m 15s
Rendered 16570/18723, time remaining: 1m 15s
Rendered 16571/18723, time remaining: 1m 17s
Rendered 16572/18723, time remaining: 1m 17s
Rendered 16573/18723, time remaining: 1m 17s
Rendered 16574/18723, time remaining: 1m 16s
Rendered 16575/18723, time remaining: 1m 14s
Rendered 16576/18723, time remaining: 1m 15s
Rendered 16577/18723, time remaining: 1m 15s
Rendered 16578/18723, time remaining: 1m 15s
Rendered 16579/18723, time remaining: 1m 15s
Rendered 16580/18723, time remaining: 1m 15s
Rendered 16581/18723, time remaining: 1m 14s
Rendered 16582/18723, time remaining: 1m 13s
Rendered 16583/18723, time remaining: 1m 14s
Rendered 16584/18723, time remaining: 1m 14s
Rendered 16585/18723, time remaining: 1m 14s
Rendered 16586/18723, time remaining: 1m 14s
Rendered 16587/18723, time remaining: 1m 14s
Rendered 16588/18723, time remaining: 1m 14s
Rendered 16589/18723, time remaining: 1m 14s
Rendered 16590/18723, time remaining: 1m 14s
Rendered 16591/18723, time remaining: 1m 13s
Rendered 16592/18723, time remaining: 1m 14s
Rendered 16593/18723, time remaining: 1m 14s
Rendered 16594/18723, time remaining: 1m 14s
Rendered 16595/18723, time remaining: 1m 14s
Rendered 16596/18723, time remaining: 1m 14s
Rendered 16597/18723, time remaining: 1m 14s
Rendered 16598/18723, time remaining: 1m 15s
Rendered 16599/18723, time remaining: 1m 13s
Rendered 16600/18723, time remaining: 1m 13s
Rendered 16601/18723, time remaining: 1m 14s
Rendered 16602/18723, time remaining: 1m 14s
Rendered 16603/18723, time remaining: 1m 14s
Rendered 16604/18723, time remaining: 1m 13s
Rendered 16605/18723, time remaining: 1m 13s
Rendered 16606/18723, time remaining: 1m 14s
Rendered 16607/18723, time remaining: 1m 13s
Rendered 16608/18723, time remaining: 1m 13s
Rendered 16609/18723, time remaining: 1m 13s
Rendered 16610/18723, time remaining: 1m 13s
Rendered 16611/18723, time remaining: 1m 14s
Rendered 16612/18723, time remaining: 1m 14s
Rendered 16613/18723, time remaining: 1m 14s
Rendered 16614/18723, time remaining: 1m 14s
Rendered 16615/18723, time remaining: 1m 14s
Rendered 16616/18723, time remaining: 1m 14s
Rendered 16617/18723, time remaining: 1m 14s
Rendered 16618/18723, time remaining: 1m 16s
Rendered 16619/18723, time remaining: 1m 16s
Rendered 16620/18723, time remaining: 1m 17s
Rendered 16621/18723, time remaining: 1m 17s
Rendered 16622/18723, time remaining: 1m 17s
Rendered 16623/18723, time remaining: 1m 17s
Rendered 16624/18723, time remaining: 1m 17s
Rendered 16625/18723, time remaining: 1m 17s
Rendered 16626/18723, time remaining: 1m 17s
Rendered 16627/18723, time remaining: 1m 18s
Rendered 16628/18723, time remaining: 1m 20s
Rendered 16629/18723, time remaining: 1m 19s
Rendered 16630/18723, time remaining: 1m 18s
Rendered 16631/18723, time remaining: 1m 18s
Rendered 16632/18723, time remaining: 1m 17s
Rendered 16633/18723, time remaining: 1m 18s
Rendered 16634/18723, time remaining: 1m 18s
Rendered 16635/18723, time remaining: 1m 18s
Rendered 16636/18723, time remaining: 1m 19s
Rendered 16637/18723, time remaining: 1m 18s
Rendered 16638/18723, time remaining: 1m 17s
Rendered 16639/18723, time remaining: 1m 17s
Rendered 16640/18723, time remaining: 1m 18s
Rendered 16641/18723, time remaining: 1m 18s
Rendered 16642/18723, time remaining: 1m 17s
Rendered 16643/18723, time remaining: 1m 17s
Rendered 16644/18723, time remaining: 1m 17s
Rendered 16645/18723, time remaining: 1m 17s
Rendered 16646/18723, time remaining: 1m 17s
Rendered 16647/18723, time remaining: 1m 18s
Rendered 16648/18723, time remaining: 1m 17s
Rendered 16649/18723, time remaining: 1m 17s
Rendered 16650/18723, time remaining: 1m 17s
Rendered 16651/18723, time remaining: 1m 16s
Rendered 16652/18723, time remaining: 1m 16s
Rendered 16653/18723, time remaining: 1m 16s
Rendered 16654/18723, time remaining: 1m 18s
Rendered 16655/18723, time remaining: 1m 17s
Rendered 16656/18723, time remaining: 1m 16s
Rendered 16657/18723, time remaining: 1m 16s
Rendered 16658/18723, time remaining: 1m 16s
Rendered 16659/18723, time remaining: 1m 15s
Rendered 16660/18723, time remaining: 1m 15s
Rendered 16661/18723, time remaining: 1m 15s
Rendered 16662/18723, time remaining: 1m 16s
Rendered 16663/18723, time remaining: 1m 16s
Rendered 16664/18723, time remaining: 1m 17s
Rendered 16665/18723, time remaining: 1m 16s
Rendered 16666/18723, time remaining: 1m 15s
Rendered 16667/18723, time remaining: 1m 15s
Rendered 16668/18723, time remaining: 1m 15s
Rendered 16669/18723, time remaining: 1m 16s
Rendered 16670/18723, time remaining: 1m 16s
Rendered 16671/18723, time remaining: 1m 16s
Rendered 16672/18723, time remaining: 1m 17s
Rendered 16673/18723, time remaining: 1m 15s
Rendered 16674/18723, time remaining: 1m 15s
Rendered 16675/18723, time remaining: 1m 14s
Rendered 16676/18723, time remaining: 1m 15s
Rendered 16677/18723, time remaining: 1m 15s
Rendered 16678/18723, time remaining: 1m 15s
Rendered 16679/18723, time remaining: 1m 16s
Rendered 16680/18723, time remaining: 1m 16s
Rendered 16681/18723, time remaining: 1m 15s
Rendered 16682/18723, time remaining: 1m 14s
Rendered 16683/18723, time remaining: 1m 14s
Rendered 16684/18723, time remaining: 1m 15s
Rendered 16685/18723, time remaining: 1m 15s
Rendered 16686/18723, time remaining: 1m 15s
Rendered 16687/18723, time remaining: 1m 15s
Rendered 16688/18723, time remaining: 1m 16s
Rendered 16689/18723, time remaining: 1m 14s
Rendered 16690/18723, time remaining: 1m 14s
Rendered 16691/18723, time remaining: 1m 15s
Rendered 16692/18723, time remaining: 1m 15s
Rendered 16693/18723, time remaining: 1m 15s
Rendered 16694/18723, time remaining: 1m 16s
Rendered 16695/18723, time remaining: 1m 15s
Rendered 16696/18723, time remaining: 1m 14s
Rendered 16697/18723, time remaining: 1m 14s
Rendered 16698/18723, time remaining: 1m 15s
Rendered 16699/18723, time remaining: 1m 14s
Rendered 16700/18723, time remaining: 1m 14s
Rendered 16701/18723, time remaining: 1m 14s
Rendered 16702/18723, time remaining: 1m 14s
Rendered 16703/18723, time remaining: 1m 14s
Rendered 16704/18723, time remaining: 1m 14s
Rendered 16705/18723, time remaining: 1m 15s
Rendered 16706/18723, time remaining: 1m 16s
Rendered 16707/18723, time remaining: 1m 15s
Rendered 16708/18723, time remaining: 1m 15s
Rendered 16709/18723, time remaining: 1m 14s
Rendered 16710/18723, time remaining: 1m 14s
Rendered 16711/18723, time remaining: 1m 14s
Rendered 16712/18723, time remaining: 1m 14s
Rendered 16713/18723, time remaining: 1m 13s
Rendered 16714/18723, time remaining: 1m 14s
Rendered 16715/18723, time remaining: 1m 14s
Rendered 16716/18723, time remaining: 1m 14s
Rendered 16717/18723, time remaining: 1m 15s
Rendered 16718/18723, time remaining: 1m 14s
Rendered 16719/18723, time remaining: 1m 14s
Rendered 16720/18723, time remaining: 1m 14s
Rendered 16721/18723, time remaining: 1m 13s
Rendered 16722/18723, time remaining: 1m 13s
Rendered 16723/18723, time remaining: 1m 13s
Rendered 16724/18723, time remaining: 1m 14s
Rendered 16725/18723, time remaining: 1m 14s
Rendered 16726/18723, time remaining: 1m 13s
Rendered 16727/18723, time remaining: 1m 13s
Rendered 16728/18723, time remaining: 1m 14s
Rendered 16729/18723, time remaining: 1m 14s
Rendered 16730/18723, time remaining: 1m 14s
Rendered 16731/18723, time remaining: 1m 15s
Rendered 16732/18723, time remaining: 1m 15s
Rendered 16733/18723, time remaining: 1m 12s
Rendered 16734/18723, time remaining: 1m 12s
Rendered 16735/18723, time remaining: 1m 12s
Rendered 16736/18723, time remaining: 1m 13s
Rendered 16737/18723, time remaining: 1m 13s
Rendered 16738/18723, time remaining: 1m 14s
Rendered 16739/18723, time remaining: 1m 14s
Rendered 16740/18723, time remaining: 1m 13s
Rendered 16741/18723, time remaining: 1m 13s
Rendered 16742/18723, time remaining: 1m 11s
Rendered 16743/18723, time remaining: 1m 12s
Rendered 16744/18723, time remaining: 1m 13s
Rendered 16745/18723, time remaining: 1m 13s
Rendered 16746/18723, time remaining: 1m 13s
Rendered 16747/18723, time remaining: 1m 13s
Rendered 16748/18723, time remaining: 1m 12s
Rendered 16749/18723, time remaining: 1m 13s
Rendered 16750/18723, time remaining: 1m 13s
Rendered 16751/18723, time remaining: 1m 11s
Rendered 16752/18723, time remaining: 1m 11s
Rendered 16753/18723, time remaining: 1m 12s
Rendered 16754/18723, time remaining: 1m 12s
Rendered 16755/18723, time remaining: 1m 12s
Rendered 16756/18723, time remaining: 1m 13s
Rendered 16757/18723, time remaining: 1m 13s
Rendered 16758/18723, time remaining: 1m 13s
Rendered 16759/18723, time remaining: 1m 12s
Rendered 16760/18723, time remaining: 1m 12s
Rendered 16761/18723, time remaining: 1m 11s
Rendered 16762/18723, time remaining: 1m 12s
Rendered 16763/18723, time remaining: 1m 12s
Rendered 16764/18723, time remaining: 1m 12s
Rendered 16765/18723, time remaining: 1m 13s
Rendered 16766/18723, time remaining: 1m 12s
Rendered 16767/18723, time remaining: 1m 12s
Rendered 16768/18723, time remaining: 1m 10s
Rendered 16769/18723, time remaining: 1m 11s
Rendered 16770/18723, time remaining: 1m 11s
Rendered 16771/18723, time remaining: 1m 11s
Rendered 16772/18723, time remaining: 1m 11s
Rendered 16773/18723, time remaining: 1m 12s
Rendered 16774/18723, time remaining: 1m 12s
Rendered 16775/18723, time remaining: 1m 11s
Rendered 16776/18723, time remaining: 1m 11s
Rendered 16777/18723, time remaining: 1m 11s
Rendered 16778/18723, time remaining: 1m 11s
Rendered 16779/18723, time remaining: 1m 11s
Rendered 16780/18723, time remaining: 1m 12s
Rendered 16781/18723, time remaining: 1m 12s
Rendered 16782/18723, time remaining: 1m 12s
Rendered 16783/18723, time remaining: 1m 11s
Rendered 16784/18723, time remaining: 1m 10s
Rendered 16785/18723, time remaining: 1m 10s
Rendered 16786/18723, time remaining: 1m 10s
Rendered 16787/18723, time remaining: 1m 10s
Rendered 16788/18723, time remaining: 1m 12s
Rendered 16789/18723, time remaining: 1m 12s
Rendered 16790/18723, time remaining: 1m 11s
Rendered 16791/18723, time remaining: 1m 11s
Rendered 16792/18723, time remaining: 1m 10s
Rendered 16793/18723, time remaining: 1m 11s
Rendered 16794/18723, time remaining: 1m 11s
Rendered 16795/18723, time remaining: 1m 11s
Rendered 16796/18723, time remaining: 1m 11s
Rendered 16797/18723, time remaining: 1m 10s
Rendered 16798/18723, time remaining: 1m 10s
Rendered 16799/18723, time remaining: 1m 11s
Rendered 16800/18723, time remaining: 1m 11s
Rendered 16801/18723, time remaining: 1m 11s
Rendered 16802/18723, time remaining: 1m 11s
Rendered 16803/18723, time remaining: 1m 10s
Rendered 16804/18723, time remaining: 1m 9s
Rendered 16805/18723, time remaining: 1m 9s
Rendered 16806/18723, time remaining: 1m 9s
Rendered 16807/18723, time remaining: 1m 11s
Rendered 16808/18723, time remaining: 1m 13s
Rendered 16809/18723, time remaining: 1m 13s
Rendered 16810/18723, time remaining: 1m 13s
Rendered 16811/18723, time remaining: 1m 12s
Rendered 16812/18723, time remaining: 1m 11s
Rendered 16813/18723, time remaining: 1m 11s
Rendered 16814/18723, time remaining: 1m 10s
Rendered 16815/18723, time remaining: 1m 12s
Rendered 16816/18723, time remaining: 1m 12s
Rendered 16817/18723, time remaining: 1m 13s
Rendered 16818/18723, time remaining: 1m 13s
Rendered 16819/18723, time remaining: 1m 12s
Rendered 16820/18723, time remaining: 1m 11s
Rendered 16821/18723, time remaining: 1m 11s
Rendered 16822/18723, time remaining: 1m 12s
Rendered 16823/18723, time remaining: 1m 14s
Rendered 16824/18723, time remaining: 1m 14s
Rendered 16825/18723, time remaining: 1m 14s
Rendered 16826/18723, time remaining: 1m 13s
Rendered 16827/18723, time remaining: 1m 13s
Rendered 16828/18723, time remaining: 1m 13s
Rendered 16829/18723, time remaining: 1m 13s
Rendered 16830/18723, time remaining: 1m 14s
Rendered 16831/18723, time remaining: 1m 14s
Rendered 16832/18723, time remaining: 1m 14s
Rendered 16833/18723, time remaining: 1m 14s
Rendered 16834/18723, time remaining: 1m 13s
Rendered 16835/18723, time remaining: 1m 13s
Rendered 16836/18723, time remaining: 1m 14s
Rendered 16837/18723, time remaining: 1m 15s
Rendered 16838/18723, time remaining: 1m 15s
Rendered 16839/18723, time remaining: 1m 14s
Rendered 16840/18723, time remaining: 1m 14s
Rendered 16841/18723, time remaining: 1m 13s
Rendered 16842/18723, time remaining: 1m 13s
Rendered 16843/18723, time remaining: 1m 13s
Rendered 16844/18723, time remaining: 1m 13s
Rendered 16845/18723, time remaining: 1m 15s
Rendered 16846/18723, time remaining: 1m 15s
Rendered 16847/18723, time remaining: 1m 15s
Rendered 16848/18723, time remaining: 1m 14s
Rendered 16849/18723, time remaining: 1m 14s
Rendered 16850/18723, time remaining: 1m 14s
Rendered 16851/18723, time remaining: 1m 14s
Rendered 16852/18723, time remaining: 1m 15s
Rendered 16853/18723, time remaining: 1m 15s
Rendered 16854/18723, time remaining: 1m 15s
Rendered 16855/18723, time remaining: 1m 14s
Rendered 16856/18723, time remaining: 1m 13s
Rendered 16857/18723, time remaining: 1m 13s
Rendered 16858/18723, time remaining: 1m 13s
Rendered 16859/18723, time remaining: 1m 14s
Rendered 16860/18723, time remaining: 1m 15s
Rendered 16861/18723, time remaining: 1m 14s
Rendered 16862/18723, time remaining: 1m 14s
Rendered 16863/18723, time remaining: 1m 15s
Rendered 16864/18723, time remaining: 1m 13s
Rendered 16865/18723, time remaining: 1m 13s
Rendered 16866/18723, time remaining: 1m 13s
Rendered 16867/18723, time remaining: 1m 13s
Rendered 16868/18723, time remaining: 1m 14s
Rendered 16869/18723, time remaining: 1m 14s
Rendered 16870/18723, time remaining: 1m 14s
Rendered 16871/18723, time remaining: 1m 14s
Rendered 16872/18723, time remaining: 1m 15s
Rendered 16873/18723, time remaining: 1m 14s
Rendered 16874/18723, time remaining: 1m 13s
Rendered 16875/18723, time remaining: 1m 13s
Rendered 16876/18723, time remaining: 1m 14s
Rendered 16877/18723, time remaining: 1m 15s
Rendered 16878/18723, time remaining: 1m 14s
Rendered 16879/18723, time remaining: 1m 14s
Rendered 16880/18723, time remaining: 1m 13s
Rendered 16881/18723, time remaining: 1m 13s
Rendered 16882/18723, time remaining: 1m 13s
Rendered 16883/18723, time remaining: 1m 13s
Rendered 16884/18723, time remaining: 1m 14s
Rendered 16885/18723, time remaining: 1m 15s
Rendered 16886/18723, time remaining: 1m 13s
Rendered 16887/18723, time remaining: 1m 13s
Rendered 16888/18723, time remaining: 1m 13s
Rendered 16889/18723, time remaining: 1m 13s
Rendered 16890/18723, time remaining: 1m 13s
Rendered 16891/18723, time remaining: 1m 13s
Rendered 16892/18723, time remaining: 1m 15s
Rendered 16893/18723, time remaining: 1m 15s
Rendered 16894/18723, time remaining: 1m 14s
Rendered 16895/18723, time remaining: 1m 13s
Rendered 16896/18723, time remaining: 1m 13s
Rendered 16897/18723, time remaining: 1m 13s
Rendered 16898/18723, time remaining: 1m 13s
Rendered 16899/18723, time remaining: 1m 12s
Rendered 16900/18723, time remaining: 1m 13s
Rendered 16901/18723, time remaining: 1m 14s
Rendered 16902/18723, time remaining: 1m 14s
Rendered 16903/18723, time remaining: 1m 14s
Rendered 16904/18723, time remaining: 1m 14s
Rendered 16905/18723, time remaining: 1m 14s
Rendered 16906/18723, time remaining: 1m 13s
Rendered 16907/18723, time remaining: 1m 13s
Rendered 16908/18723, time remaining: 1m 13s
Rendered 16909/18723, time remaining: 1m 14s
Rendered 16910/18723, time remaining: 1m 14s
Rendered 16911/18723, time remaining: 1m 14s
Rendered 16912/18723, time remaining: 1m 13s
Rendered 16913/18723, time remaining: 1m 12s
Rendered 16914/18723, time remaining: 1m 12s
Rendered 16915/18723, time remaining: 1m 13s
Rendered 16916/18723, time remaining: 1m 13s
Rendered 16917/18723, time remaining: 1m 14s
Rendered 16918/18723, time remaining: 1m 15s
Rendered 16919/18723, time remaining: 1m 14s
Rendered 16920/18723, time remaining: 1m 13s
Rendered 16921/18723, time remaining: 1m 13s
Rendered 16922/18723, time remaining: 1m 13s
Rendered 16923/18723, time remaining: 1m 12s
Rendered 16924/18723, time remaining: 1m 13s
Rendered 16925/18723, time remaining: 1m 15s
Rendered 16926/18723, time remaining: 1m 15s
Rendered 16927/18723, time remaining: 1m 15s
Rendered 16928/18723, time remaining: 1m 14s
Rendered 16929/18723, time remaining: 1m 14s
Rendered 16930/18723, time remaining: 1m 13s
Rendered 16931/18723, time remaining: 1m 13s
Rendered 16932/18723, time remaining: 1m 14s
Rendered 16933/18723, time remaining: 1m 14s
Rendered 16934/18723, time remaining: 1m 15s
Rendered 16935/18723, time remaining: 1m 15s
Rendered 16936/18723, time remaining: 1m 14s
Rendered 16937/18723, time remaining: 1m 15s
Rendered 16938/18723, time remaining: 1m 13s
Rendered 16939/18723, time remaining: 1m 13s
Rendered 16940/18723, time remaining: 1m 14s
Rendered 16941/18723, time remaining: 1m 14s
Rendered 16942/18723, time remaining: 1m 15s
Rendered 16943/18723, time remaining: 1m 15s
Rendered 16944/18723, time remaining: 1m 13s
Rendered 16945/18723, time remaining: 1m 14s
Rendered 16946/18723, time remaining: 1m 14s
Rendered 16947/18723, time remaining: 1m 13s
Rendered 16948/18723, time remaining: 1m 14s
Rendered 16949/18723, time remaining: 1m 14s
Rendered 16950/18723, time remaining: 1m 14s
Rendered 16951/18723, time remaining: 1m 14s
Rendered 16952/18723, time remaining: 1m 14s
Rendered 16953/18723, time remaining: 1m 14s
Rendered 16954/18723, time remaining: 1m 14s
Rendered 16955/18723, time remaining: 1m 14s
Rendered 16956/18723, time remaining: 1m 16s
Rendered 16957/18723, time remaining: 1m 14s
Rendered 16958/18723, time remaining: 1m 12s
Rendered 16959/18723, time remaining: 1m 12s
Rendered 16960/18723, time remaining: 1m 12s
Rendered 16961/18723, time remaining: 1m 13s
Rendered 16962/18723, time remaining: 1m 12s
Rendered 16963/18723, time remaining: 1m 13s
Rendered 16964/18723, time remaining: 1m 14s
Rendered 16965/18723, time remaining: 1m 12s
Rendered 16966/18723, time remaining: 1m 12s
Rendered 16967/18723, time remaining: 1m 11s
Rendered 16968/18723, time remaining: 1m 12s
Rendered 16969/18723, time remaining: 1m 12s
Rendered 16970/18723, time remaining: 1m 12s
Rendered 16971/18723, time remaining: 1m 13s
Rendered 16972/18723, time remaining: 1m 12s
Rendered 16973/18723, time remaining: 1m 11s
Rendered 16974/18723, time remaining: 1m 12s
Rendered 16975/18723, time remaining: 1m 12s
Rendered 16976/18723, time remaining: 1m 12s
Rendered 16977/18723, time remaining: 1m 12s
Rendered 16978/18723, time remaining: 1m 13s
Rendered 16979/18723, time remaining: 1m 11s
Rendered 16980/18723, time remaining: 1m 9s
Rendered 16981/18723, time remaining: 1m 10s
Rendered 16982/18723, time remaining: 1m 11s
Rendered 16983/18723, time remaining: 1m 12s
Rendered 16984/18723, time remaining: 1m 12s
Rendered 16985/18723, time remaining: 1m 12s
Rendered 16986/18723, time remaining: 1m 11s
Rendered 16987/18723, time remaining: 1m 10s
Rendered 16988/18723, time remaining: 1m 10s
Rendered 16989/18723, time remaining: 1m 11s
Rendered 16990/18723, time remaining: 1m 11s
Rendered 16991/18723, time remaining: 1m 12s
Rendered 16992/18723, time remaining: 1m 12s
Rendered 16993/18723, time remaining: 1m 12s
Rendered 16994/18723, time remaining: 1m 11s
Rendered 16995/18723, time remaining: 1m 10s
Rendered 16996/18723, time remaining: 1m 10s
Rendered 16997/18723, time remaining: 1m 11s
Rendered 16998/18723, time remaining: 1m 11s
Rendered 16999/18723, time remaining: 1m 11s
Rendered 17000/18723, time remaining: 1m 11s
Rendered 17001/18723, time remaining: 1m 11s
Rendered 17002/18723, time remaining: 1m 10s
Rendered 17003/18723, time remaining: 1m 10s
Rendered 17004/18723, time remaining: 1m 10s
Rendered 17005/18723, time remaining: 1m 10s
Rendered 17006/18723, time remaining: 1m 10s
Rendered 17007/18723, time remaining: 1m 11s
Rendered 17008/18723, time remaining: 1m 11s
Rendered 17009/18723, time remaining: 1m 11s
Rendered 17010/18723, time remaining: 1m 10s
Rendered 17011/18723, time remaining: 1m 10s
Rendered 17012/18723, time remaining: 1m 10s
Rendered 17013/18723, time remaining: 1m 9s
Rendered 17014/18723, time remaining: 1m 10s
Rendered 17015/18723, time remaining: 1m 11s
Rendered 17016/18723, time remaining: 1m 11s
Rendered 17017/18723, time remaining: 1m 10s
Rendered 17018/18723, time remaining: 1m 10s
Rendered 17019/18723, time remaining: 1m 10s
Rendered 17020/18723, time remaining: 1m 10s
Rendered 17021/18723, time remaining: 1m 10s
Rendered 17022/18723, time remaining: 1m 9s
Rendered 17023/18723, time remaining: 1m 10s
Rendered 17024/18723, time remaining: 1m 10s
Rendered 17025/18723, time remaining: 1m 10s
Rendered 17026/18723, time remaining: 1m 10s
Rendered 17027/18723, time remaining: 1m 9s
Rendered 17028/18723, time remaining: 1m 9s
Rendered 17029/18723, time remaining: 1m 9s
Rendered 17030/18723, time remaining: 1m 9s
Rendered 17031/18723, time remaining: 1m 10s
Rendered 17032/18723, time remaining: 1m 10s
Rendered 17033/18723, time remaining: 1m 10s
Rendered 17034/18723, time remaining: 1m 11s
Rendered 17035/18723, time remaining: 1m 9s
Rendered 17036/18723, time remaining: 1m 9s
Rendered 17037/18723, time remaining: 1m 9s
Rendered 17038/18723, time remaining: 1m 9s
Rendered 17039/18723, time remaining: 1m 8s
Rendered 17040/18723, time remaining: 1m 8s
Rendered 17041/18723, time remaining: 1m 9s
Rendered 17042/18723, time remaining: 1m 9s
Rendered 17043/18723, time remaining: 1m 8s
Rendered 17044/18723, time remaining: 1m 8s
Rendered 17045/18723, time remaining: 1m 9s
Rendered 17046/18723, time remaining: 1m 9s
Rendered 17047/18723, time remaining: 1m 9s
Rendered 17048/18723, time remaining: 1m 8s
Rendered 17049/18723, time remaining: 1m 9s
Rendered 17050/18723, time remaining: 1m 10s
Rendered 17051/18723, time remaining: 1m 8s
Rendered 17052/18723, time remaining: 1m 9s
Rendered 17053/18723, time remaining: 1m 8s
Rendered 17054/18723, time remaining: 1m 8s
Rendered 17055/18723, time remaining: 1m 8s
Rendered 17056/18723, time remaining: 1m 7s
Rendered 17057/18723, time remaining: 1m 8s
Rendered 17058/18723, time remaining: 1m 9s
Rendered 17059/18723, time remaining: 1m 8s
Rendered 17060/18723, time remaining: 1m 8s
Rendered 17061/18723, time remaining: 1m 8s
Rendered 17062/18723, time remaining: 1m 8s
Rendered 17063/18723, time remaining: 1m 8s
Rendered 17064/18723, time remaining: 1m 8s
Rendered 17065/18723, time remaining: 1m 8s
Rendered 17066/18723, time remaining: 1m 9s
Rendered 17067/18723, time remaining: 1m 8s
Rendered 17068/18723, time remaining: 1m 8s
Rendered 17069/18723, time remaining: 1m 8s
Rendered 17070/18723, time remaining: 1m 8s
Rendered 17071/18723, time remaining: 1m 8s
Rendered 17072/18723, time remaining: 1m 7s
Rendered 17073/18723, time remaining: 1m 8s
Rendered 17074/18723, time remaining: 1m 10s
Rendered 17075/18723, time remaining: 1m 8s
Rendered 17076/18723, time remaining: 1m 8s
Rendered 17077/18723, time remaining: 1m 7s
Rendered 17078/18723, time remaining: 1m 7s
Rendered 17079/18723, time remaining: 1m 7s
Rendered 17080/18723, time remaining: 1m 8s
Rendered 17081/18723, time remaining: 1m 8s
Rendered 17082/18723, time remaining: 1m 8s
Rendered 17083/18723, time remaining: 1m 8s
Rendered 17084/18723, time remaining: 1m 7s
Rendered 17085/18723, time remaining: 1m 7s
Rendered 17086/18723, time remaining: 1m 7s
Rendered 17087/18723, time remaining: 1m 7s
Rendered 17088/18723, time remaining: 1m 6s
Rendered 17089/18723, time remaining: 1m 7s
Rendered 17090/18723, time remaining: 1m 6s
Rendered 17091/18723, time remaining: 1m 7s
Rendered 17092/18723, time remaining: 1m 7s
Rendered 17093/18723, time remaining: 1m 6s
Rendered 17094/18723, time remaining: 1m 6s
Rendered 17095/18723, time remaining: 1m 6s
Rendered 17096/18723, time remaining: 1m 6s
Rendered 17097/18723, time remaining: 1m 6s
Rendered 17098/18723, time remaining: 1m 7s
Rendered 17099/18723, time remaining: 1m 6s
Rendered 17100/18723, time remaining: 1m 6s
Rendered 17101/18723, time remaining: 1m 6s
Rendered 17102/18723, time remaining: 1m 6s
Rendered 17103/18723, time remaining: 1m 6s
Rendered 17104/18723, time remaining: 1m 7s
Rendered 17105/18723, time remaining: 1m 7s
Rendered 17106/18723, time remaining: 1m 5s
Rendered 17107/18723, time remaining: 1m 5s
Rendered 17108/18723, time remaining: 1m 5s
Rendered 17109/18723, time remaining: 1m 5s
Rendered 17110/18723, time remaining: 1m 6s
Rendered 17111/18723, time remaining: 1m 5s
Rendered 17112/18723, time remaining: 1m 6s
Rendered 17113/18723, time remaining: 1m 5s
Rendered 17114/18723, time remaining: 1m 5s
Rendered 17115/18723, time remaining: 1m 5s
Rendered 17116/18723, time remaining: 1m 5s
Rendered 17117/18723, time remaining: 1m 5s
Rendered 17118/18723, time remaining: 1m 4s
Rendered 17119/18723, time remaining: 1m 4s
Rendered 17120/18723, time remaining: 1m 4s
Rendered 17121/18723, time remaining: 1m 4s
Rendered 17122/18723, time remaining: 1m 4s
Rendered 17123/18723, time remaining: 1m 3s
Rendered 17124/18723, time remaining: 1m 3s
Rendered 17125/18723, time remaining: 1m 3s
Rendered 17126/18723, time remaining: 1m 3s
Rendered 17127/18723, time remaining: 1m 4s
Rendered 17128/18723, time remaining: 1m 3s
Rendered 17129/18723, time remaining: 1m 3s
Rendered 17130/18723, time remaining: 1m 3s
Rendered 17131/18723, time remaining: 1m 3s
Rendered 17132/18723, time remaining: 1m 3s
Rendered 17133/18723, time remaining: 1m 2s
Rendered 17134/18723, time remaining: 1m 2s
Rendered 17135/18723, time remaining: 1m 3s
Rendered 17136/18723, time remaining: 1m 3s
Rendered 17137/18723, time remaining: 1m 2s
Rendered 17138/18723, time remaining: 1m 2s
Rendered 17139/18723, time remaining: 1m 1s
Rendered 17140/18723, time remaining: 1m 2s
Rendered 17141/18723, time remaining: 1m 1s
Rendered 17142/18723, time remaining: 1m 2s
Rendered 17143/18723, time remaining: 1m 2s
Rendered 17144/18723, time remaining: 1m 2s
Rendered 17145/18723, time remaining: 1m 1s
Rendered 17146/18723, time remaining: 1m 1s
Rendered 17147/18723, time remaining: 1m 1s
Rendered 17148/18723, time remaining: 1m 1s
Rendered 17149/18723, time remaining: 1m 1s
Rendered 17150/18723, time remaining: 1m 2s
Rendered 17151/18723, time remaining: 1m 1s
Rendered 17152/18723, time remaining: 1m 2s
Rendered 17153/18723, time remaining: 1m 1s
Rendered 17154/18723, time remaining: 1m 2s
Rendered 17155/18723, time remaining: 1m 1s
Rendered 17156/18723, time remaining: 1m 2s
Rendered 17157/18723, time remaining: 1m 1s
Rendered 17158/18723, time remaining: 1m 1s
Rendered 17159/18723, time remaining: 1m 1s
Rendered 17160/18723, time remaining: 1m 1s
Rendered 17161/18723, time remaining: 1m 1s
Rendered 17162/18723, time remaining: 1m 2s
Rendered 17163/18723, time remaining: 1m 2s
Rendered 17164/18723, time remaining: 1m 1s
Rendered 17165/18723, time remaining: 1m 0s
Rendered 17166/18723, time remaining: 1m 0s
Rendered 17167/18723, time remaining: 1m 0s
Rendered 17168/18723, time remaining: 1m 0s
Rendered 17169/18723, time remaining: 1m 0s
Rendered 17170/18723, time remaining: 1m 0s
Rendered 17171/18723, time remaining: 1m 1s
Rendered 17172/18723, time remaining: 1m 1s
Rendered 17173/18723, time remaining: 1m 0s
Rendered 17174/18723, time remaining: 1m 0s
Rendered 17175/18723, time remaining: 1m 1s
Rendered 17176/18723, time remaining: 1m 0s
Rendered 17177/18723, time remaining: 59s
Rendered 17178/18723, time remaining: 1m 0s
Rendered 17179/18723, time remaining: 1m 1s
Rendered 17180/18723, time remaining: 1m 1s
Rendered 17181/18723, time remaining: 1m 1s
Rendered 17182/18723, time remaining: 1m 0s
Rendered 17183/18723, time remaining: 1m 0s
Rendered 17184/18723, time remaining: 59s
Rendered 17185/18723, time remaining: 59s
Rendered 17186/18723, time remaining: 1m 0s
Rendered 17187/18723, time remaining: 1m 1s
Rendered 17188/18723, time remaining: 1m 0s
Rendered 17189/18723, time remaining: 1m 0s
Rendered 17190/18723, time remaining: 1m 0s
Rendered 17191/18723, time remaining: 1m 1s
Rendered 17192/18723, time remaining: 1m 0s
Rendered 17193/18723, time remaining: 59s
Rendered 17194/18723, time remaining: 1m 0s
Rendered 17195/18723, time remaining: 59s
Rendered 17196/18723, time remaining: 1m 0s
Rendered 17197/18723, time remaining: 1m 0s
Rendered 17198/18723, time remaining: 1m 0s
Rendered 17199/18723, time remaining: 1m 0s
Rendered 17200/18723, time remaining: 59s
Rendered 17201/18723, time remaining: 59s
Rendered 17202/18723, time remaining: 59s
Rendered 17203/18723, time remaining: 59s
Rendered 17204/18723, time remaining: 59s
Rendered 17205/18723, time remaining: 59s
Rendered 17206/18723, time remaining: 1m 0s
Rendered 17207/18723, time remaining: 59s
Rendered 17208/18723, time remaining: 58s
Rendered 17209/18723, time remaining: 58s
Rendered 17210/18723, time remaining: 59s
Rendered 17211/18723, time remaining: 58s
Rendered 17212/18723, time remaining: 58s
Rendered 17213/18723, time remaining: 58s
Rendered 17214/18723, time remaining: 59s
Rendered 17215/18723, time remaining: 59s
Rendered 17216/18723, time remaining: 58s
Rendered 17217/18723, time remaining: 59s
Rendered 17218/18723, time remaining: 58s
Rendered 17219/18723, time remaining: 58s
Rendered 17220/18723, time remaining: 58s
Rendered 17221/18723, time remaining: 59s
Rendered 17222/18723, time remaining: 59s
Rendered 17223/18723, time remaining: 59s
Rendered 17224/18723, time remaining: 57s
Rendered 17225/18723, time remaining: 57s
Rendered 17226/18723, time remaining: 57s
Rendered 17227/18723, time remaining: 57s
Rendered 17228/18723, time remaining: 57s
Rendered 17229/18723, time remaining: 58s
Rendered 17230/18723, time remaining: 58s
Rendered 17231/18723, time remaining: 58s
Rendered 17232/18723, time remaining: 57s
Rendered 17233/18723, time remaining: 57s
Rendered 17234/18723, time remaining: 57s
Rendered 17235/18723, time remaining: 57s
Rendered 17236/18723, time remaining: 57s
Rendered 17237/18723, time remaining: 57s
Rendered 17238/18723, time remaining: 58s
Rendered 17239/18723, time remaining: 57s
Rendered 17240/18723, time remaining: 57s
Rendered 17241/18723, time remaining: 56s
Rendered 17242/18723, time remaining: 57s
Rendered 17243/18723, time remaining: 57s
Rendered 17244/18723, time remaining: 57s
Rendered 17245/18723, time remaining: 57s
Rendered 17246/18723, time remaining: 58s
Rendered 17247/18723, time remaining: 58s
Rendered 17248/18723, time remaining: 56s
Rendered 17249/18723, time remaining: 57s
Rendered 17250/18723, time remaining: 57s
Rendered 17251/18723, time remaining: 57s
Rendered 17252/18723, time remaining: 57s
Rendered 17253/18723, time remaining: 57s
Rendered 17254/18723, time remaining: 56s
Rendered 17255/18723, time remaining: 56s
Rendered 17256/18723, time remaining: 56s
Rendered 17257/18723, time remaining: 56s
Rendered 17258/18723, time remaining: 57s
Rendered 17259/18723, time remaining: 56s
Rendered 17260/18723, time remaining: 56s
Rendered 17261/18723, time remaining: 56s
Rendered 17262/18723, time remaining: 55s
Rendered 17263/18723, time remaining: 56s
Rendered 17264/18723, time remaining: 55s
Rendered 17265/18723, time remaining: 56s
Rendered 17266/18723, time remaining: 57s
Rendered 17267/18723, time remaining: 56s
Rendered 17268/18723, time remaining: 56s
Rendered 17269/18723, time remaining: 56s
Rendered 17270/18723, time remaining: 56s
Rendered 17271/18723, time remaining: 55s
Rendered 17272/18723, time remaining: 55s
Rendered 17273/18723, time remaining: 55s
Rendered 17274/18723, time remaining: 56s
Rendered 17275/18723, time remaining: 57s
Rendered 17276/18723, time remaining: 56s
Rendered 17277/18723, time remaining: 55s
Rendered 17278/18723, time remaining: 55s
Rendered 17279/18723, time remaining: 55s
Rendered 17280/18723, time remaining: 56s
Rendered 17281/18723, time remaining: 56s
Rendered 17282/18723, time remaining: 56s
Rendered 17283/18723, time remaining: 56s
Rendered 17284/18723, time remaining: 56s
Rendered 17285/18723, time remaining: 55s
Rendered 17286/18723, time remaining: 55s
Rendered 17287/18723, time remaining: 55s
Rendered 17288/18723, time remaining: 56s
Rendered 17289/18723, time remaining: 55s
Rendered 17290/18723, time remaining: 56s
Rendered 17291/18723, time remaining: 56s
Rendered 17292/18723, time remaining: 55s
Rendered 17293/18723, time remaining: 55s
Rendered 17294/18723, time remaining: 55s
Rendered 17295/18723, time remaining: 55s
Rendered 17296/18723, time remaining: 54s
Rendered 17297/18723, time remaining: 54s
Rendered 17298/18723, time remaining: 55s
Rendered 17299/18723, time remaining: 56s
Rendered 17300/18723, time remaining: 55s
Rendered 17301/18723, time remaining: 55s
Rendered 17302/18723, time remaining: 54s
Rendered 17303/18723, time remaining: 54s
Rendered 17304/18723, time remaining: 53s
Rendered 17305/18723, time remaining: 54s
Rendered 17306/18723, time remaining: 55s
Rendered 17307/18723, time remaining: 55s
Rendered 17308/18723, time remaining: 54s
Rendered 17309/18723, time remaining: 54s
Rendered 17310/18723, time remaining: 54s
Rendered 17311/18723, time remaining: 53s
Rendered 17312/18723, time remaining: 53s
Rendered 17313/18723, time remaining: 54s
Rendered 17314/18723, time remaining: 55s
Rendered 17315/18723, time remaining: 54s
Rendered 17316/18723, time remaining: 54s
Rendered 17317/18723, time remaining: 54s
Rendered 17318/18723, time remaining: 54s
Rendered 17319/18723, time remaining: 54s
Rendered 17320/18723, time remaining: 53s
Rendered 17321/18723, time remaining: 54s
Rendered 17322/18723, time remaining: 54s
Rendered 17323/18723, time remaining: 54s
Rendered 17324/18723, time remaining: 54s
Rendered 17325/18723, time remaining: 53s
Rendered 17326/18723, time remaining: 53s
Rendered 17327/18723, time remaining: 53s
Rendered 17328/18723, time remaining: 53s
Rendered 17329/18723, time remaining: 53s
Rendered 17330/18723, time remaining: 54s
Rendered 17331/18723, time remaining: 54s
Rendered 17332/18723, time remaining: 53s
Rendered 17333/18723, time remaining: 53s
Rendered 17334/18723, time remaining: 53s
Rendered 17335/18723, time remaining: 53s
Rendered 17336/18723, time remaining: 53s
Rendered 17337/18723, time remaining: 53s
Rendered 17338/18723, time remaining: 53s
Rendered 17339/18723, time remaining: 53s
Rendered 17340/18723, time remaining: 53s
Rendered 17341/18723, time remaining: 52s
Rendered 17342/18723, time remaining: 52s
Rendered 17343/18723, time remaining: 52s
Rendered 17344/18723, time remaining: 53s
Rendered 17345/18723, time remaining: 54s
Rendered 17346/18723, time remaining: 53s
Rendered 17347/18723, time remaining: 53s
Rendered 17348/18723, time remaining: 53s
Rendered 17349/18723, time remaining: 52s
Rendered 17350/18723, time remaining: 52s
Rendered 17351/18723, time remaining: 52s
Rendered 17352/18723, time remaining: 52s
Rendered 17353/18723, time remaining: 53s
Rendered 17354/18723, time remaining: 53s
Rendered 17355/18723, time remaining: 53s
Rendered 17356/18723, time remaining: 52s
Rendered 17357/18723, time remaining: 52s
Rendered 17358/18723, time remaining: 52s
Rendered 17359/18723, time remaining: 52s
Rendered 17360/18723, time remaining: 52s
Rendered 17361/18723, time remaining: 53s
Rendered 17362/18723, time remaining: 53s
Rendered 17363/18723, time remaining: 53s
Rendered 17364/18723, time remaining: 52s
Rendered 17365/18723, time remaining: 52s
Rendered 17366/18723, time remaining: 51s
Rendered 17367/18723, time remaining: 51s
Rendered 17368/18723, time remaining: 52s
Rendered 17369/18723, time remaining: 52s
Rendered 17370/18723, time remaining: 52s
Rendered 17371/18723, time remaining: 51s
Rendered 17372/18723, time remaining: 52s
Rendered 17373/18723, time remaining: 51s
Rendered 17374/18723, time remaining: 51s
Rendered 17375/18723, time remaining: 52s
Rendered 17376/18723, time remaining: 52s
Rendered 17377/18723, time remaining: 52s
Rendered 17378/18723, time remaining: 52s
Rendered 17379/18723, time remaining: 51s
Rendered 17380/18723, time remaining: 50s
Rendered 17381/18723, time remaining: 51s
Rendered 17382/18723, time remaining: 51s
Rendered 17383/18723, time remaining: 51s
Rendered 17384/18723, time remaining: 51s
Rendered 17385/18723, time remaining: 51s
Rendered 17386/18723, time remaining: 51s
Rendered 17387/18723, time remaining: 51s
Rendered 17388/18723, time remaining: 51s
Rendered 17389/18723, time remaining: 51s
Rendered 17390/18723, time remaining: 51s
Rendered 17391/18723, time remaining: 51s
Rendered 17392/18723, time remaining: 51s
Rendered 17393/18723, time remaining: 51s
Rendered 17394/18723, time remaining: 51s
Rendered 17395/18723, time remaining: 51s
Rendered 17396/18723, time remaining: 50s
Rendered 17397/18723, time remaining: 51s
Rendered 17398/18723, time remaining: 51s
Rendered 17399/18723, time remaining: 50s
Rendered 17400/18723, time remaining: 49s
Rendered 17401/18723, time remaining: 49s
Rendered 17402/18723, time remaining: 50s
Rendered 17403/18723, time remaining: 50s
Rendered 17404/18723, time remaining: 50s
Rendered 17405/18723, time remaining: 50s
Rendered 17406/18723, time remaining: 51s
Rendered 17407/18723, time remaining: 50s
Rendered 17408/18723, time remaining: 50s
Rendered 17409/18723, time remaining: 49s
Rendered 17410/18723, time remaining: 49s
Rendered 17411/18723, time remaining: 50s
Rendered 17412/18723, time remaining: 51s
Rendered 17413/18723, time remaining: 50s
Rendered 17414/18723, time remaining: 50s
Rendered 17415/18723, time remaining: 50s
Rendered 17416/18723, time remaining: 49s
Rendered 17417/18723, time remaining: 50s
Rendered 17418/18723, time remaining: 49s
Rendered 17419/18723, time remaining: 50s
Rendered 17420/18723, time remaining: 50s
Rendered 17421/18723, time remaining: 50s
Rendered 17422/18723, time remaining: 51s
Rendered 17423/18723, time remaining: 51s
Rendered 17424/18723, time remaining: 50s
Rendered 17425/18723, time remaining: 50s
Rendered 17426/18723, time remaining: 50s
Rendered 17427/18723, time remaining: 50s
Rendered 17428/18723, time remaining: 50s
Rendered 17429/18723, time remaining: 50s
Rendered 17430/18723, time remaining: 50s
Rendered 17431/18723, time remaining: 50s
Rendered 17432/18723, time remaining: 49s
Rendered 17433/18723, time remaining: 49s
Rendered 17434/18723, time remaining: 49s
Rendered 17435/18723, time remaining: 49s
Rendered 17436/18723, time remaining: 50s
Rendered 17437/18723, time remaining: 50s
Rendered 17438/18723, time remaining: 50s
Rendered 17439/18723, time remaining: 50s
Rendered 17440/18723, time remaining: 49s
Rendered 17441/18723, time remaining: 49s
Rendered 17442/18723, time remaining: 49s
Rendered 17443/18723, time remaining: 49s
Rendered 17444/18723, time remaining: 49s
Rendered 17445/18723, time remaining: 50s
Rendered 17446/18723, time remaining: 50s
Rendered 17447/18723, time remaining: 50s
Rendered 17448/18723, time remaining: 49s
Rendered 17449/18723, time remaining: 48s
Rendered 17450/18723, time remaining: 48s
Rendered 17451/18723, time remaining: 49s
Rendered 17452/18723, time remaining: 49s
Rendered 17453/18723, time remaining: 49s
Rendered 17454/18723, time remaining: 50s
Rendered 17455/18723, time remaining: 50s
Rendered 17456/18723, time remaining: 49s
Rendered 17457/18723, time remaining: 49s
Rendered 17458/18723, time remaining: 49s
Rendered 17459/18723, time remaining: 49s
Rendered 17460/18723, time remaining: 49s
Rendered 17461/18723, time remaining: 49s
Rendered 17462/18723, time remaining: 49s
Rendered 17463/18723, time remaining: 48s
Rendered 17464/18723, time remaining: 48s
Rendered 17465/18723, time remaining: 48s
Rendered 17466/18723, time remaining: 49s
Rendered 17467/18723, time remaining: 49s
Rendered 17468/18723, time remaining: 49s
Rendered 17469/18723, time remaining: 48s
Rendered 17470/18723, time remaining: 48s
Rendered 17471/18723, time remaining: 48s
Rendered 17472/18723, time remaining: 48s
Rendered 17473/18723, time remaining: 48s
Rendered 17474/18723, time remaining: 48s
Rendered 17475/18723, time remaining: 48s
Rendered 17476/18723, time remaining: 48s
Rendered 17477/18723, time remaining: 49s
Rendered 17478/18723, time remaining: 48s
Rendered 17479/18723, time remaining: 48s
Rendered 17480/18723, time remaining: 48s
Rendered 17481/18723, time remaining: 49s
Rendered 17482/18723, time remaining: 49s
Rendered 17483/18723, time remaining: 49s
Rendered 17484/18723, time remaining: 49s
Rendered 17485/18723, time remaining: 48s
Rendered 17486/18723, time remaining: 48s
Rendered 17487/18723, time remaining: 48s
Rendered 17488/18723, time remaining: 48s
Rendered 17489/18723, time remaining: 48s
Rendered 17490/18723, time remaining: 49s
Rendered 17491/18723, time remaining: 49s
Rendered 17492/18723, time remaining: 48s
Rendered 17493/18723, time remaining: 48s
Rendered 17494/18723, time remaining: 49s
Rendered 17495/18723, time remaining: 48s
Rendered 17496/18723, time remaining: 48s
Rendered 17497/18723, time remaining: 48s
Rendered 17498/18723, time remaining: 49s
Rendered 17499/18723, time remaining: 49s
Rendered 17500/18723, time remaining: 49s
Rendered 17501/18723, time remaining: 48s
Rendered 17502/18723, time remaining: 48s
Rendered 17503/18723, time remaining: 47s
Rendered 17504/18723, time remaining: 47s
Rendered 17505/18723, time remaining: 48s
Rendered 17506/18723, time remaining: 48s
Rendered 17507/18723, time remaining: 48s
Rendered 17508/18723, time remaining: 48s
Rendered 17509/18723, time remaining: 48s
Rendered 17510/18723, time remaining: 47s
Rendered 17511/18723, time remaining: 47s
Rendered 17512/18723, time remaining: 47s
Rendered 17513/18723, time remaining: 48s
Rendered 17514/18723, time remaining: 48s
Rendered 17515/18723, time remaining: 48s
Rendered 17516/18723, time remaining: 48s
Rendered 17517/18723, time remaining: 47s
Rendered 17518/18723, time remaining: 47s
Rendered 17519/18723, time remaining: 48s
Rendered 17520/18723, time remaining: 48s
Rendered 17521/18723, time remaining: 48s
Rendered 17522/18723, time remaining: 48s
Rendered 17523/18723, time remaining: 47s
Rendered 17524/18723, time remaining: 48s
Rendered 17525/18723, time remaining: 47s
Rendered 17526/18723, time remaining: 48s
Rendered 17527/18723, time remaining: 48s
Rendered 17528/18723, time remaining: 47s
Rendered 17529/18723, time remaining: 48s
Rendered 17530/18723, time remaining: 48s
Rendered 17531/18723, time remaining: 47s
Rendered 17532/18723, time remaining: 47s
Rendered 17533/18723, time remaining: 48s
Rendered 17534/18723, time remaining: 48s
Rendered 17535/18723, time remaining: 48s
Rendered 17536/18723, time remaining: 48s
Rendered 17537/18723, time remaining: 48s
Rendered 17538/18723, time remaining: 47s
Rendered 17539/18723, time remaining: 47s
Rendered 17540/18723, time remaining: 48s
Rendered 17541/18723, time remaining: 47s
Rendered 17542/18723, time remaining: 47s
Rendered 17543/18723, time remaining: 48s
Rendered 17544/18723, time remaining: 48s
Rendered 17545/18723, time remaining: 47s
Rendered 17546/18723, time remaining: 47s
Rendered 17547/18723, time remaining: 47s
Rendered 17548/18723, time remaining: 47s
Rendered 17549/18723, time remaining: 47s
Rendered 17550/18723, time remaining: 48s
Rendered 17551/18723, time remaining: 49s
Rendered 17552/18723, time remaining: 48s
Rendered 17553/18723, time remaining: 48s
Rendered 17554/18723, time remaining: 48s
Rendered 17555/18723, time remaining: 48s
Rendered 17556/18723, time remaining: 47s
Rendered 17557/18723, time remaining: 47s
Rendered 17558/18723, time remaining: 48s
Rendered 17559/18723, time remaining: 49s
Rendered 17560/18723, time remaining: 49s
Rendered 17561/18723, time remaining: 49s
Rendered 17562/18723, time remaining: 48s
Rendered 17563/18723, time remaining: 48s
Rendered 17564/18723, time remaining: 48s
Rendered 17565/18723, time remaining: 48s
Rendered 17566/18723, time remaining: 48s
Rendered 17567/18723, time remaining: 48s
Rendered 17568/18723, time remaining: 48s
Rendered 17569/18723, time remaining: 48s
Rendered 17570/18723, time remaining: 48s
Rendered 17571/18723, time remaining: 48s
Rendered 17572/18723, time remaining: 47s
Rendered 17573/18723, time remaining: 46s
Rendered 17574/18723, time remaining: 47s
Rendered 17575/18723, time remaining: 48s
Rendered 17576/18723, time remaining: 47s
Rendered 17577/18723, time remaining: 48s
Rendered 17578/18723, time remaining: 48s
Rendered 17579/18723, time remaining: 47s
Rendered 17580/18723, time remaining: 47s
Rendered 17581/18723, time remaining: 47s
Rendered 17582/18723, time remaining: 47s
Rendered 17583/18723, time remaining: 48s
Rendered 17584/18723, time remaining: 47s
Rendered 17585/18723, time remaining: 47s
Rendered 17586/18723, time remaining: 47s
Rendered 17587/18723, time remaining: 47s
Rendered 17588/18723, time remaining: 46s
Rendered 17589/18723, time remaining: 47s
Rendered 17590/18723, time remaining: 47s
Rendered 17591/18723, time remaining: 47s
Rendered 17592/18723, time remaining: 47s
Rendered 17593/18723, time remaining: 47s
Rendered 17594/18723, time remaining: 47s
Rendered 17595/18723, time remaining: 46s
Rendered 17596/18723, time remaining: 46s
Rendered 17597/18723, time remaining: 46s
Rendered 17598/18723, time remaining: 47s
Rendered 17599/18723, time remaining: 47s
Rendered 17600/18723, time remaining: 47s
Rendered 17601/18723, time remaining: 46s
Rendered 17602/18723, time remaining: 47s
Rendered 17603/18723, time remaining: 47s
Rendered 17604/18723, time remaining: 47s
Rendered 17605/18723, time remaining: 47s
Rendered 17606/18723, time remaining: 47s
Rendered 17607/18723, time remaining: 46s
Rendered 17608/18723, time remaining: 46s
Rendered 17609/18723, time remaining: 46s
Rendered 17610/18723, time remaining: 47s
Rendered 17611/18723, time remaining: 47s
Rendered 17612/18723, time remaining: 47s
Rendered 17613/18723, time remaining: 47s
Rendered 17614/18723, time remaining: 46s
Rendered 17615/18723, time remaining: 46s
Rendered 17616/18723, time remaining: 46s
Rendered 17617/18723, time remaining: 46s
Rendered 17618/18723, time remaining: 46s
Rendered 17619/18723, time remaining: 48s
Rendered 17620/18723, time remaining: 47s
Rendered 17621/18723, time remaining: 47s
Rendered 17622/18723, time remaining: 46s
Rendered 17623/18723, time remaining: 46s
Rendered 17624/18723, time remaining: 46s
Rendered 17625/18723, time remaining: 46s
Rendered 17626/18723, time remaining: 46s
Rendered 17627/18723, time remaining: 47s
Rendered 17628/18723, time remaining: 47s
Rendered 17629/18723, time remaining: 47s
Rendered 17630/18723, time remaining: 46s
Rendered 17631/18723, time remaining: 46s
Rendered 17632/18723, time remaining: 45s
Rendered 17633/18723, time remaining: 46s
Rendered 17634/18723, time remaining: 46s
Rendered 17635/18723, time remaining: 46s
Rendered 17636/18723, time remaining: 46s
Rendered 17637/18723, time remaining: 45s
Rendered 17638/18723, time remaining: 46s
Rendered 17639/18723, time remaining: 46s
Rendered 17640/18723, time remaining: 45s
Rendered 17641/18723, time remaining: 45s
Rendered 17642/18723, time remaining: 45s
Rendered 17643/18723, time remaining: 46s
Rendered 17644/18723, time remaining: 45s
Rendered 17645/18723, time remaining: 45s
Rendered 17646/18723, time remaining: 45s
Rendered 17647/18723, time remaining: 45s
Rendered 17648/18723, time remaining: 44s
Rendered 17649/18723, time remaining: 44s
Rendered 17650/18723, time remaining: 45s
Rendered 17651/18723, time remaining: 45s
Rendered 17652/18723, time remaining: 45s
Rendered 17653/18723, time remaining: 45s
Rendered 17654/18723, time remaining: 45s
Rendered 17655/18723, time remaining: 45s
Rendered 17656/18723, time remaining: 44s
Rendered 17657/18723, time remaining: 44s
Rendered 17658/18723, time remaining: 44s
Rendered 17659/18723, time remaining: 44s
Rendered 17660/18723, time remaining: 44s
Rendered 17661/18723, time remaining: 45s
Rendered 17662/18723, time remaining: 45s
Rendered 17663/18723, time remaining: 44s
Rendered 17664/18723, time remaining: 44s
Rendered 17665/18723, time remaining: 44s
Rendered 17666/18723, time remaining: 44s
Rendered 17667/18723, time remaining: 44s
Rendered 17668/18723, time remaining: 44s
Rendered 17669/18723, time remaining: 43s
Rendered 17670/18723, time remaining: 44s
Rendered 17671/18723, time remaining: 44s
Rendered 17672/18723, time remaining: 44s
Rendered 17673/18723, time remaining: 44s
Rendered 17674/18723, time remaining: 43s
Rendered 17675/18723, time remaining: 43s
Rendered 17676/18723, time remaining: 42s
Rendered 17677/18723, time remaining: 42s
Rendered 17678/18723, time remaining: 43s
Rendered 17679/18723, time remaining: 43s
Rendered 17680/18723, time remaining: 43s
Rendered 17681/18723, time remaining: 43s
Rendered 17682/18723, time remaining: 44s
Rendered 17683/18723, time remaining: 43s
Rendered 17684/18723, time remaining: 42s
Rendered 17685/18723, time remaining: 42s
Rendered 17686/18723, time remaining: 42s
Rendered 17687/18723, time remaining: 42s
Rendered 17688/18723, time remaining: 42s
Rendered 17689/18723, time remaining: 42s
Rendered 17690/18723, time remaining: 42s
Rendered 17691/18723, time remaining: 42s
Rendered 17692/18723, time remaining: 42s
Rendered 17693/18723, time remaining: 41s
Rendered 17694/18723, time remaining: 41s
Rendered 17695/18723, time remaining: 41s
Rendered 17696/18723, time remaining: 41s
Rendered 17697/18723, time remaining: 41s
Rendered 17698/18723, time remaining: 42s
Rendered 17699/18723, time remaining: 42s
Rendered 17700/18723, time remaining: 42s
Rendered 17701/18723, time remaining: 40s
Rendered 17702/18723, time remaining: 40s
Rendered 17703/18723, time remaining: 40s
Rendered 17704/18723, time remaining: 41s
Rendered 17705/18723, time remaining: 41s
Rendered 17706/18723, time remaining: 41s
Rendered 17707/18723, time remaining: 41s
Rendered 17708/18723, time remaining: 41s
Rendered 17709/18723, time remaining: 39s
Rendered 17710/18723, time remaining: 39s
Rendered 17711/18723, time remaining: 39s
Rendered 17712/18723, time remaining: 40s
Rendered 17713/18723, time remaining: 40s
Rendered 17714/18723, time remaining: 40s
Rendered 17715/18723, time remaining: 40s
Rendered 17716/18723, time remaining: 40s
Rendered 17717/18723, time remaining: 39s
Rendered 17718/18723, time remaining: 39s
Rendered 17719/18723, time remaining: 39s
Rendered 17720/18723, time remaining: 39s
Rendered 17721/18723, time remaining: 39s
Rendered 17722/18723, time remaining: 39s
Rendered 17723/18723, time remaining: 40s
Rendered 17724/18723, time remaining: 39s
Rendered 17725/18723, time remaining: 39s
Rendered 17726/18723, time remaining: 39s
Rendered 17727/18723, time remaining: 39s
Rendered 17728/18723, time remaining: 38s
Rendered 17729/18723, time remaining: 38s
Rendered 17730/18723, time remaining: 39s
Rendered 17731/18723, time remaining: 38s
Rendered 17732/18723, time remaining: 38s
Rendered 17733/18723, time remaining: 38s
Rendered 17734/18723, time remaining: 38s
Rendered 17735/18723, time remaining: 38s
Rendered 17736/18723, time remaining: 38s
Rendered 17737/18723, time remaining: 38s
Rendered 17738/18723, time remaining: 38s
Rendered 17739/18723, time remaining: 37s
Rendered 17740/18723, time remaining: 37s
Rendered 17741/18723, time remaining: 38s
Rendered 17742/18723, time remaining: 38s
Rendered 17743/18723, time remaining: 38s
Rendered 17744/18723, time remaining: 38s
Rendered 17745/18723, time remaining: 38s
Rendered 17746/18723, time remaining: 38s
Rendered 17747/18723, time remaining: 38s
Rendered 17748/18723, time remaining: 37s
Rendered 17749/18723, time remaining: 37s
Rendered 17750/18723, time remaining: 37s
Rendered 17751/18723, time remaining: 38s
Rendered 17752/18723, time remaining: 38s
Rendered 17753/18723, time remaining: 37s
Rendered 17754/18723, time remaining: 37s
Rendered 17755/18723, time remaining: 37s
Rendered 17756/18723, time remaining: 37s
Rendered 17757/18723, time remaining: 37s
Rendered 17758/18723, time remaining: 37s
Rendered 17759/18723, time remaining: 37s
Rendered 17760/18723, time remaining: 37s
Rendered 17761/18723, time remaining: 37s
Rendered 17762/18723, time remaining: 36s
Rendered 17763/18723, time remaining: 36s
Rendered 17764/18723, time remaining: 36s
Rendered 17765/18723, time remaining: 36s
Rendered 17766/18723, time remaining: 36s
Rendered 17767/18723, time remaining: 36s
Rendered 17768/18723, time remaining: 37s
Rendered 17769/18723, time remaining: 36s
Rendered 17770/18723, time remaining: 35s
Rendered 17771/18723, time remaining: 35s
Rendered 17772/18723, time remaining: 36s
Rendered 17773/18723, time remaining: 36s
Rendered 17774/18723, time remaining: 36s
Rendered 17775/18723, time remaining: 36s
Rendered 17776/18723, time remaining: 36s
Rendered 17777/18723, time remaining: 36s
Rendered 17778/18723, time remaining: 35s
Rendered 17779/18723, time remaining: 35s
Rendered 17780/18723, time remaining: 35s
Rendered 17781/18723, time remaining: 35s
Rendered 17782/18723, time remaining: 36s
Rendered 17783/18723, time remaining: 35s
Rendered 17784/18723, time remaining: 36s
Rendered 17785/18723, time remaining: 36s
Rendered 17786/18723, time remaining: 36s
Rendered 17787/18723, time remaining: 36s
Rendered 17788/18723, time remaining: 36s
Rendered 17789/18723, time remaining: 36s
Rendered 17790/18723, time remaining: 36s
Rendered 17791/18723, time remaining: 36s
Rendered 17792/18723, time remaining: 36s
Rendered 17793/18723, time remaining: 36s
Rendered 17794/18723, time remaining: 36s
Rendered 17795/18723, time remaining: 36s
Rendered 17796/18723, time remaining: 35s
Rendered 17797/18723, time remaining: 35s
Rendered 17798/18723, time remaining: 35s
Rendered 17799/18723, time remaining: 35s
Rendered 17800/18723, time remaining: 35s
Rendered 17801/18723, time remaining: 36s
Rendered 17802/18723, time remaining: 36s
Rendered 17803/18723, time remaining: 36s
Rendered 17804/18723, time remaining: 35s
Rendered 17805/18723, time remaining: 35s
Rendered 17806/18723, time remaining: 35s
Rendered 17807/18723, time remaining: 35s
Rendered 17808/18723, time remaining: 35s
Rendered 17809/18723, time remaining: 36s
Rendered 17810/18723, time remaining: 36s
Rendered 17811/18723, time remaining: 35s
Rendered 17812/18723, time remaining: 35s
Rendered 17813/18723, time remaining: 35s
Rendered 17814/18723, time remaining: 35s
Rendered 17815/18723, time remaining: 35s
Rendered 17816/18723, time remaining: 35s
Rendered 17817/18723, time remaining: 35s
Rendered 17818/18723, time remaining: 35s
Rendered 17819/18723, time remaining: 35s
Rendered 17820/18723, time remaining: 35s
Rendered 17821/18723, time remaining: 36s
Rendered 17822/18723, time remaining: 35s
Rendered 17823/18723, time remaining: 35s
Rendered 17824/18723, time remaining: 35s
Rendered 17825/18723, time remaining: 35s
Rendered 17826/18723, time remaining: 35s
Rendered 17827/18723, time remaining: 35s
Rendered 17828/18723, time remaining: 35s
Rendered 17829/18723, time remaining: 35s
Rendered 17830/18723, time remaining: 35s
Rendered 17831/18723, time remaining: 35s
Rendered 17832/18723, time remaining: 35s
Rendered 17833/18723, time remaining: 35s
Rendered 17834/18723, time remaining: 35s
Rendered 17835/18723, time remaining: 35s
Rendered 17836/18723, time remaining: 35s
Rendered 17837/18723, time remaining: 35s
Rendered 17838/18723, time remaining: 36s
Rendered 17839/18723, time remaining: 35s
Rendered 17840/18723, time remaining: 35s
Rendered 17841/18723, time remaining: 35s
Rendered 17842/18723, time remaining: 35s
Rendered 17843/18723, time remaining: 35s
Rendered 17844/18723, time remaining: 35s
Rendered 17845/18723, time remaining: 35s
Rendered 17846/18723, time remaining: 36s
Rendered 17847/18723, time remaining: 35s
Rendered 17848/18723, time remaining: 35s
Rendered 17849/18723, time remaining: 35s
Rendered 17850/18723, time remaining: 35s
Rendered 17851/18723, time remaining: 35s
Rendered 17852/18723, time remaining: 35s
Rendered 17853/18723, time remaining: 35s
Rendered 17854/18723, time remaining: 35s
Rendered 17855/18723, time remaining: 35s
Rendered 17856/18723, time remaining: 35s
Rendered 17857/18723, time remaining: 35s
Rendered 17858/18723, time remaining: 35s
Rendered 17859/18723, time remaining: 35s
Rendered 17860/18723, time remaining: 35s
Rendered 17861/18723, time remaining: 35s
Rendered 17862/18723, time remaining: 35s
Rendered 17863/18723, time remaining: 35s
Rendered 17864/18723, time remaining: 35s
Rendered 17865/18723, time remaining: 35s
Rendered 17866/18723, time remaining: 35s
Rendered 17867/18723, time remaining: 34s
Rendered 17868/18723, time remaining: 35s
Rendered 17869/18723, time remaining: 35s
Rendered 17870/18723, time remaining: 35s
Rendered 17871/18723, time remaining: 35s
Rendered 17872/18723, time remaining: 34s
Rendered 17873/18723, time remaining: 34s
Rendered 17874/18723, time remaining: 35s
Rendered 17875/18723, time remaining: 34s
Rendered 17876/18723, time remaining: 34s
Rendered 17877/18723, time remaining: 34s
Rendered 17878/18723, time remaining: 34s
Rendered 17879/18723, time remaining: 35s
Rendered 17880/18723, time remaining: 34s
Rendered 17881/18723, time remaining: 34s
Rendered 17882/18723, time remaining: 34s
Rendered 17883/18723, time remaining: 34s
Rendered 17884/18723, time remaining: 34s
Rendered 17885/18723, time remaining: 34s
Rendered 17886/18723, time remaining: 33s
Rendered 17887/18723, time remaining: 33s
Rendered 17888/18723, time remaining: 34s
Rendered 17889/18723, time remaining: 34s
Rendered 17890/18723, time remaining: 34s
Rendered 17891/18723, time remaining: 34s
Rendered 17892/18723, time remaining: 33s
Rendered 17893/18723, time remaining: 33s
Rendered 17894/18723, time remaining: 33s
Rendered 17895/18723, time remaining: 33s
Rendered 17896/18723, time remaining: 34s
Rendered 17897/18723, time remaining: 33s
Rendered 17898/18723, time remaining: 33s
Rendered 17899/18723, time remaining: 34s
Rendered 17900/18723, time remaining: 34s
Rendered 17901/18723, time remaining: 33s
Rendered 17902/18723, time remaining: 32s
Rendered 17903/18723, time remaining: 32s
Rendered 17904/18723, time remaining: 33s
Rendered 17905/18723, time remaining: 32s
Rendered 17906/18723, time remaining: 32s
Rendered 17907/18723, time remaining: 33s
Rendered 17908/18723, time remaining: 33s
Rendered 17909/18723, time remaining: 33s
Rendered 17910/18723, time remaining: 32s
Rendered 17911/18723, time remaining: 32s
Rendered 17912/18723, time remaining: 32s
Rendered 17913/18723, time remaining: 32s
Rendered 17914/18723, time remaining: 32s
Rendered 17915/18723, time remaining: 32s
Rendered 17916/18723, time remaining: 32s
Rendered 17917/18723, time remaining: 32s
Rendered 17918/18723, time remaining: 32s
Rendered 17919/18723, time remaining: 32s
Rendered 17920/18723, time remaining: 31s
Rendered 17921/18723, time remaining: 31s
Rendered 17922/18723, time remaining: 31s
Rendered 17923/18723, time remaining: 32s
Rendered 17924/18723, time remaining: 32s
Rendered 17925/18723, time remaining: 31s
Rendered 17926/18723, time remaining: 31s
Rendered 17927/18723, time remaining: 31s
Rendered 17928/18723, time remaining: 31s
Rendered 17929/18723, time remaining: 31s
Rendered 17930/18723, time remaining: 31s
Rendered 17931/18723, time remaining: 32s
Rendered 17932/18723, time remaining: 31s
Rendered 17933/18723, time remaining: 31s
Rendered 17934/18723, time remaining: 31s
Rendered 17935/18723, time remaining: 30s
Rendered 17936/18723, time remaining: 30s
Rendered 17937/18723, time remaining: 30s
Rendered 17938/18723, time remaining: 30s
Rendered 17939/18723, time remaining: 31s
Rendered 17940/18723, time remaining: 30s
Rendered 17941/18723, time remaining: 30s
Rendered 17942/18723, time remaining: 30s
Rendered 17943/18723, time remaining: 30s
Rendered 17944/18723, time remaining: 30s
Rendered 17945/18723, time remaining: 30s
Rendered 17946/18723, time remaining: 30s
Rendered 17947/18723, time remaining: 30s
Rendered 17948/18723, time remaining: 30s
Rendered 17949/18723, time remaining: 30s
Rendered 17950/18723, time remaining: 30s
Rendered 17951/18723, time remaining: 29s
Rendered 17952/18723, time remaining: 29s
Rendered 17953/18723, time remaining: 29s
Rendered 17954/18723, time remaining: 29s
Rendered 17955/18723, time remaining: 29s
Rendered 17956/18723, time remaining: 29s
Rendered 17957/18723, time remaining: 30s
Rendered 17958/18723, time remaining: 29s
Rendered 17959/18723, time remaining: 29s
Rendered 17960/18723, time remaining: 29s
Rendered 17961/18723, time remaining: 29s
Rendered 17962/18723, time remaining: 29s
Rendered 17963/18723, time remaining: 28s
Rendered 17964/18723, time remaining: 29s
Rendered 17965/18723, time remaining: 28s
Rendered 17966/18723, time remaining: 28s
Rendered 17967/18723, time remaining: 28s
Rendered 17968/18723, time remaining: 29s
Rendered 17969/18723, time remaining: 29s
Rendered 17970/18723, time remaining: 28s
Rendered 17971/18723, time remaining: 28s
Rendered 17972/18723, time remaining: 28s
Rendered 17973/18723, time remaining: 28s
Rendered 17974/18723, time remaining: 28s
Rendered 17975/18723, time remaining: 28s
Rendered 17976/18723, time remaining: 28s
Rendered 17977/18723, time remaining: 28s
Rendered 17978/18723, time remaining: 27s
Rendered 17979/18723, time remaining: 27s
Rendered 17980/18723, time remaining: 27s
Rendered 17981/18723, time remaining: 27s
Rendered 17982/18723, time remaining: 27s
Rendered 17983/18723, time remaining: 27s
Rendered 17984/18723, time remaining: 27s
Rendered 17985/18723, time remaining: 27s
Rendered 17986/18723, time remaining: 27s
Rendered 17987/18723, time remaining: 27s
Rendered 17988/18723, time remaining: 26s
Rendered 17989/18723, time remaining: 27s
Rendered 17990/18723, time remaining: 27s
Rendered 17991/18723, time remaining: 27s
Rendered 17992/18723, time remaining: 27s
Rendered 17993/18723, time remaining: 27s
Rendered 17994/18723, time remaining: 27s
Rendered 17995/18723, time remaining: 27s
Rendered 17996/18723, time remaining: 26s
Rendered 17997/18723, time remaining: 26s
Rendered 17998/18723, time remaining: 26s
Rendered 17999/18723, time remaining: 26s
Rendered 18000/18723, time remaining: 26s
Rendered 18001/18723, time remaining: 26s
Rendered 18002/18723, time remaining: 26s
Rendered 18003/18723, time remaining: 26s
Rendered 18004/18723, time remaining: 26s
Rendered 18005/18723, time remaining: 25s
Rendered 18006/18723, time remaining: 26s
Rendered 18007/18723, time remaining: 25s
Rendered 18008/18723, time remaining: 25s
Rendered 18009/18723, time remaining: 26s
Rendered 18010/18723, time remaining: 26s
Rendered 18011/18723, time remaining: 26s
Rendered 18012/18723, time remaining: 25s
Rendered 18013/18723, time remaining: 25s
Rendered 18014/18723, time remaining: 25s
Rendered 18015/18723, time remaining: 25s
Rendered 18016/18723, time remaining: 25s
Rendered 18017/18723, time remaining: 25s
Rendered 18018/18723, time remaining: 25s
Rendered 18019/18723, time remaining: 25s
Rendered 18020/18723, time remaining: 25s
Rendered 18021/18723, time remaining: 25s
Rendered 18022/18723, time remaining: 25s
Rendered 18023/18723, time remaining: 26s
Rendered 18024/18723, time remaining: 25s
Rendered 18025/18723, time remaining: 25s
Rendered 18026/18723, time remaining: 25s
Rendered 18027/18723, time remaining: 25s
Rendered 18028/18723, time remaining: 25s
Rendered 18029/18723, time remaining: 24s
Rendered 18030/18723, time remaining: 24s
Rendered 18031/18723, time remaining: 25s
Rendered 18032/18723, time remaining: 25s
Rendered 18033/18723, time remaining: 25s
Rendered 18034/18723, time remaining: 25s
Rendered 18035/18723, time remaining: 24s
Rendered 18036/18723, time remaining: 24s
Rendered 18037/18723, time remaining: 24s
Rendered 18038/18723, time remaining: 24s
Rendered 18039/18723, time remaining: 24s
Rendered 18040/18723, time remaining: 25s
Rendered 18041/18723, time remaining: 24s
Rendered 18042/18723, time remaining: 24s
Rendered 18043/18723, time remaining: 25s
Rendered 18044/18723, time remaining: 25s
Rendered 18045/18723, time remaining: 24s
Rendered 18046/18723, time remaining: 24s
Rendered 18047/18723, time remaining: 24s
Rendered 18048/18723, time remaining: 24s
Rendered 18049/18723, time remaining: 24s
Rendered 18050/18723, time remaining: 24s
Rendered 18051/18723, time remaining: 24s
Rendered 18052/18723, time remaining: 24s
Rendered 18053/18723, time remaining: 24s
Rendered 18054/18723, time remaining: 24s
Rendered 18055/18723, time remaining: 24s
Rendered 18056/18723, time remaining: 24s
Rendered 18057/18723, time remaining: 24s
Rendered 18058/18723, time remaining: 24s
Rendered 18059/18723, time remaining: 24s
Rendered 18060/18723, time remaining: 24s
Rendered 18061/18723, time remaining: 24s
Rendered 18062/18723, time remaining: 24s
Rendered 18063/18723, time remaining: 24s
Rendered 18064/18723, time remaining: 24s
Rendered 18065/18723, time remaining: 24s
Rendered 18066/18723, time remaining: 23s
Rendered 18067/18723, time remaining: 23s
Rendered 18068/18723, time remaining: 24s
Rendered 18069/18723, time remaining: 24s
Rendered 18070/18723, time remaining: 24s
Rendered 18071/18723, time remaining: 24s
Rendered 18072/18723, time remaining: 23s
Rendered 18073/18723, time remaining: 23s
Rendered 18074/18723, time remaining: 23s
Rendered 18075/18723, time remaining: 23s
Rendered 18076/18723, time remaining: 23s
Rendered 18077/18723, time remaining: 23s
Rendered 18078/18723, time remaining: 23s
Rendered 18079/18723, time remaining: 23s
Rendered 18080/18723, time remaining: 23s
Rendered 18081/18723, time remaining: 23s
Rendered 18082/18723, time remaining: 23s
Rendered 18083/18723, time remaining: 23s
Rendered 18084/18723, time remaining: 23s
Rendered 18085/18723, time remaining: 23s
Rendered 18086/18723, time remaining: 23s
Rendered 18087/18723, time remaining: 23s
Rendered 18088/18723, time remaining: 23s
Rendered 18089/18723, time remaining: 22s
Rendered 18090/18723, time remaining: 23s
Rendered 18091/18723, time remaining: 23s
Rendered 18092/18723, time remaining: 23s
Rendered 18093/18723, time remaining: 23s
Rendered 18094/18723, time remaining: 23s
Rendered 18095/18723, time remaining: 22s
Rendered 18096/18723, time remaining: 22s
Rendered 18097/18723, time remaining: 23s
Rendered 18098/18723, time remaining: 22s
Rendered 18099/18723, time remaining: 22s
Rendered 18100/18723, time remaining: 22s
Rendered 18101/18723, time remaining: 22s
Rendered 18102/18723, time remaining: 22s
Rendered 18103/18723, time remaining: 22s
Rendered 18104/18723, time remaining: 22s
Rendered 18105/18723, time remaining: 22s
Rendered 18106/18723, time remaining: 22s
Rendered 18107/18723, time remaining: 22s
Rendered 18108/18723, time remaining: 22s
Rendered 18109/18723, time remaining: 22s
Rendered 18110/18723, time remaining: 22s
Rendered 18111/18723, time remaining: 22s
Rendered 18112/18723, time remaining: 22s
Rendered 18113/18723, time remaining: 22s
Rendered 18114/18723, time remaining: 22s
Rendered 18115/18723, time remaining: 22s
Rendered 18116/18723, time remaining: 22s
Rendered 18117/18723, time remaining: 22s
Rendered 18118/18723, time remaining: 22s
Rendered 18119/18723, time remaining: 22s
Rendered 18120/18723, time remaining: 22s
Rendered 18121/18723, time remaining: 22s
Rendered 18122/18723, time remaining: 22s
Rendered 18123/18723, time remaining: 22s
Rendered 18124/18723, time remaining: 22s
Rendered 18125/18723, time remaining: 22s
Rendered 18126/18723, time remaining: 21s
Rendered 18127/18723, time remaining: 21s
Rendered 18128/18723, time remaining: 21s
Rendered 18129/18723, time remaining: 21s
Rendered 18130/18723, time remaining: 21s
Rendered 18131/18723, time remaining: 21s
Rendered 18132/18723, time remaining: 21s
Rendered 18133/18723, time remaining: 21s
Rendered 18134/18723, time remaining: 21s
Rendered 18135/18723, time remaining: 21s
Rendered 18136/18723, time remaining: 21s
Rendered 18137/18723, time remaining: 21s
Rendered 18138/18723, time remaining: 21s
Rendered 18139/18723, time remaining: 21s
Rendered 18140/18723, time remaining: 21s
Rendered 18141/18723, time remaining: 21s
Rendered 18142/18723, time remaining: 21s
Rendered 18143/18723, time remaining: 20s
Rendered 18144/18723, time remaining: 21s
Rendered 18145/18723, time remaining: 20s
Rendered 18146/18723, time remaining: 21s
Rendered 18147/18723, time remaining: 21s
Rendered 18148/18723, time remaining: 21s
Rendered 18149/18723, time remaining: 21s
Rendered 18150/18723, time remaining: 21s
Rendered 18151/18723, time remaining: 20s
Rendered 18152/18723, time remaining: 20s
Rendered 18153/18723, time remaining: 21s
Rendered 18154/18723, time remaining: 20s
Rendered 18155/18723, time remaining: 20s
Rendered 18156/18723, time remaining: 20s
Rendered 18157/18723, time remaining: 20s
Rendered 18158/18723, time remaining: 20s
Rendered 18159/18723, time remaining: 20s
Rendered 18160/18723, time remaining: 20s
Rendered 18161/18723, time remaining: 20s
Rendered 18162/18723, time remaining: 20s
Rendered 18163/18723, time remaining: 20s
Rendered 18164/18723, time remaining: 20s
Rendered 18165/18723, time remaining: 20s
Rendered 18166/18723, time remaining: 20s
Rendered 18167/18723, time remaining: 20s
Rendered 18168/18723, time remaining: 20s
Rendered 18169/18723, time remaining: 20s
Rendered 18170/18723, time remaining: 20s
Rendered 18171/18723, time remaining: 20s
Rendered 18172/18723, time remaining: 20s
Rendered 18173/18723, time remaining: 19s
Rendered 18174/18723, time remaining: 19s
Rendered 18175/18723, time remaining: 19s
Rendered 18176/18723, time remaining: 19s
Rendered 18177/18723, time remaining: 19s
Rendered 18178/18723, time remaining: 19s
Rendered 18179/18723, time remaining: 19s
Rendered 18180/18723, time remaining: 19s
Rendered 18181/18723, time remaining: 19s
Rendered 18182/18723, time remaining: 19s
Rendered 18183/18723, time remaining: 19s
Rendered 18184/18723, time remaining: 19s
Rendered 18185/18723, time remaining: 19s
Rendered 18186/18723, time remaining: 19s
Rendered 18187/18723, time remaining: 20s
Rendered 18188/18723, time remaining: 19s
Rendered 18189/18723, time remaining: 19s
Rendered 18190/18723, time remaining: 19s
Rendered 18191/18723, time remaining: 19s
Rendered 18192/18723, time remaining: 19s
Rendered 18193/18723, time remaining: 19s
Rendered 18194/18723, time remaining: 19s
Rendered 18195/18723, time remaining: 19s
Rendered 18196/18723, time remaining: 19s
Rendered 18197/18723, time remaining: 19s
Rendered 18198/18723, time remaining: 18s
Rendered 18199/18723, time remaining: 18s
Rendered 18200/18723, time remaining: 18s
Rendered 18201/18723, time remaining: 18s
Rendered 18202/18723, time remaining: 18s
Rendered 18203/18723, time remaining: 18s
Rendered 18204/18723, time remaining: 18s
Rendered 18205/18723, time remaining: 18s
Rendered 18206/18723, time remaining: 18s
Rendered 18207/18723, time remaining: 18s
Rendered 18208/18723, time remaining: 18s
Rendered 18209/18723, time remaining: 18s
Rendered 18210/18723, time remaining: 18s
Rendered 18211/18723, time remaining: 18s
Rendered 18212/18723, time remaining: 18s
Rendered 18213/18723, time remaining: 18s
Rendered 18214/18723, time remaining: 18s
Rendered 18215/18723, time remaining: 18s
Rendered 18216/18723, time remaining: 18s
Rendered 18217/18723, time remaining: 18s
Rendered 18218/18723, time remaining: 18s
Rendered 18219/18723, time remaining: 18s
Rendered 18220/18723, time remaining: 18s
Rendered 18221/18723, time remaining: 17s
Rendered 18222/18723, time remaining: 17s
Rendered 18223/18723, time remaining: 17s
Rendered 18224/18723, time remaining: 17s
Rendered 18225/18723, time remaining: 17s
Rendered 18226/18723, time remaining: 18s
Rendered 18227/18723, time remaining: 18s
Rendered 18228/18723, time remaining: 17s
Rendered 18229/18723, time remaining: 17s
Rendered 18230/18723, time remaining: 17s
Rendered 18231/18723, time remaining: 17s
Rendered 18232/18723, time remaining: 17s
Rendered 18233/18723, time remaining: 17s
Rendered 18234/18723, time remaining: 17s
Rendered 18235/18723, time remaining: 17s
Rendered 18236/18723, time remaining: 17s
Rendered 18237/18723, time remaining: 17s
Rendered 18238/18723, time remaining: 17s
Rendered 18239/18723, time remaining: 17s
Rendered 18240/18723, time remaining: 17s
Rendered 18241/18723, time remaining: 17s
Rendered 18242/18723, time remaining: 17s
Rendered 18243/18723, time remaining: 16s
Rendered 18244/18723, time remaining: 17s
Rendered 18245/18723, time remaining: 17s
Rendered 18246/18723, time remaining: 17s
Rendered 18247/18723, time remaining: 16s
Rendered 18248/18723, time remaining: 16s
Rendered 18249/18723, time remaining: 17s
Rendered 18250/18723, time remaining: 17s
Rendered 18251/18723, time remaining: 16s
Rendered 18252/18723, time remaining: 17s
Rendered 18253/18723, time remaining: 17s
Rendered 18254/18723, time remaining: 16s
Rendered 18255/18723, time remaining: 16s
Rendered 18256/18723, time remaining: 16s
Rendered 18257/18723, time remaining: 16s
Rendered 18258/18723, time remaining: 16s
Rendered 18259/18723, time remaining: 16s
Rendered 18260/18723, time remaining: 16s
Rendered 18261/18723, time remaining: 16s
Rendered 18262/18723, time remaining: 16s
Rendered 18263/18723, time remaining: 16s
Rendered 18264/18723, time remaining: 16s
Rendered 18265/18723, time remaining: 16s
Rendered 18266/18723, time remaining: 16s
Rendered 18267/18723, time remaining: 16s
Rendered 18268/18723, time remaining: 16s
Rendered 18269/18723, time remaining: 16s
Rendered 18270/18723, time remaining: 16s
Rendered 18271/18723, time remaining: 16s
Rendered 18272/18723, time remaining: 16s
Rendered 18273/18723, time remaining: 16s
Rendered 18274/18723, time remaining: 15s
Rendered 18275/18723, time remaining: 15s
Rendered 18276/18723, time remaining: 16s
Rendered 18277/18723, time remaining: 16s
Rendered 18278/18723, time remaining: 16s
Rendered 18279/18723, time remaining: 16s
Rendered 18280/18723, time remaining: 16s
Rendered 18281/18723, time remaining: 16s
Rendered 18282/18723, time remaining: 16s
Rendered 18283/18723, time remaining: 15s
Rendered 18284/18723, time remaining: 16s
Rendered 18285/18723, time remaining: 16s
Rendered 18286/18723, time remaining: 16s
Rendered 18287/18723, time remaining: 15s
Rendered 18288/18723, time remaining: 15s
Rendered 18289/18723, time remaining: 15s
Rendered 18290/18723, time remaining: 15s
Rendered 18291/18723, time remaining: 16s
Rendered 18292/18723, time remaining: 16s
Rendered 18293/18723, time remaining: 15s
Rendered 18294/18723, time remaining: 15s
Rendered 18295/18723, time remaining: 15s
Rendered 18296/18723, time remaining: 15s
Rendered 18297/18723, time remaining: 15s
Rendered 18298/18723, time remaining: 15s
Rendered 18299/18723, time remaining: 15s
Rendered 18300/18723, time remaining: 15s
Rendered 18301/18723, time remaining: 15s
Rendered 18302/18723, time remaining: 15s
Rendered 18303/18723, time remaining: 15s
Rendered 18304/18723, time remaining: 15s
Rendered 18305/18723, time remaining: 15s
Rendered 18306/18723, time remaining: 15s
Rendered 18307/18723, time remaining: 15s
Rendered 18308/18723, time remaining: 15s
Rendered 18309/18723, time remaining: 15s
Rendered 18310/18723, time remaining: 15s
Rendered 18311/18723, time remaining: 15s
Rendered 18312/18723, time remaining: 15s
Rendered 18313/18723, time remaining: 15s
Rendered 18314/18723, time remaining: 15s
Rendered 18315/18723, time remaining: 14s
Rendered 18316/18723, time remaining: 15s
Rendered 18317/18723, time remaining: 15s
Rendered 18318/18723, time remaining: 15s
Rendered 18319/18723, time remaining: 15s
Rendered 18320/18723, time remaining: 15s
Rendered 18321/18723, time remaining: 14s
Rendered 18322/18723, time remaining: 14s
Rendered 18323/18723, time remaining: 14s
Rendered 18324/18723, time remaining: 14s
Rendered 18325/18723, time remaining: 14s
Rendered 18326/18723, time remaining: 14s
Rendered 18327/18723, time remaining: 15s
Rendered 18328/18723, time remaining: 14s
Rendered 18329/18723, time remaining: 14s
Rendered 18330/18723, time remaining: 14s
Rendered 18331/18723, time remaining: 14s
Rendered 18332/18723, time remaining: 14s
Rendered 18333/18723, time remaining: 14s
Rendered 18334/18723, time remaining: 14s
Rendered 18335/18723, time remaining: 14s
Rendered 18336/18723, time remaining: 14s
Rendered 18337/18723, time remaining: 14s
Rendered 18338/18723, time remaining: 14s
Rendered 18339/18723, time remaining: 14s
Rendered 18340/18723, time remaining: 14s
Rendered 18341/18723, time remaining: 14s
Rendered 18342/18723, time remaining: 14s
Rendered 18343/18723, time remaining: 14s
Rendered 18344/18723, time remaining: 14s
Rendered 18345/18723, time remaining: 14s
Rendered 18346/18723, time remaining: 14s
Rendered 18347/18723, time remaining: 14s
Rendered 18348/18723, time remaining: 14s
Rendered 18349/18723, time remaining: 13s
Rendered 18350/18723, time remaining: 14s
Rendered 18351/18723, time remaining: 14s
Rendered 18352/18723, time remaining: 14s
Rendered 18353/18723, time remaining: 13s
Rendered 18354/18723, time remaining: 13s
Rendered 18355/18723, time remaining: 13s
Rendered 18356/18723, time remaining: 13s
Rendered 18357/18723, time remaining: 13s
Rendered 18358/18723, time remaining: 13s
Rendered 18359/18723, time remaining: 13s
Rendered 18360/18723, time remaining: 13s
Rendered 18361/18723, time remaining: 13s
Rendered 18362/18723, time remaining: 13s
Rendered 18363/18723, time remaining: 13s
Rendered 18364/18723, time remaining: 13s
Rendered 18365/18723, time remaining: 13s
Rendered 18366/18723, time remaining: 13s
Rendered 18367/18723, time remaining: 13s
Rendered 18368/18723, time remaining: 13s
Rendered 18369/18723, time remaining: 13s
Rendered 18370/18723, time remaining: 13s
Rendered 18371/18723, time remaining: 13s
Rendered 18372/18723, time remaining: 13s
Rendered 18373/18723, time remaining: 13s
Rendered 18374/18723, time remaining: 13s
Rendered 18375/18723, time remaining: 13s
Rendered 18376/18723, time remaining: 13s
Rendered 18377/18723, time remaining: 13s
Rendered 18378/18723, time remaining: 13s
Rendered 18379/18723, time remaining: 13s
Rendered 18380/18723, time remaining: 13s
Rendered 18381/18723, time remaining: 13s
Rendered 18382/18723, time remaining: 13s
Rendered 18383/18723, time remaining: 12s
Rendered 18384/18723, time remaining: 13s
Rendered 18385/18723, time remaining: 13s
Rendered 18386/18723, time remaining: 12s
Rendered 18387/18723, time remaining: 12s
Rendered 18388/18723, time remaining: 12s
Rendered 18389/18723, time remaining: 12s
Rendered 18390/18723, time remaining: 12s
Rendered 18391/18723, time remaining: 12s
Rendered 18392/18723, time remaining: 12s
Rendered 18393/18723, time remaining: 13s
Rendered 18394/18723, time remaining: 12s
Rendered 18395/18723, time remaining: 12s
Rendered 18396/18723, time remaining: 12s
Rendered 18397/18723, time remaining: 12s
Rendered 18398/18723, time remaining: 12s
Rendered 18399/18723, time remaining: 12s
Rendered 18400/18723, time remaining: 12s
Rendered 18401/18723, time remaining: 12s
Rendered 18402/18723, time remaining: 12s
Rendered 18403/18723, time remaining: 12s
Rendered 18404/18723, time remaining: 12s
Rendered 18405/18723, time remaining: 12s
Rendered 18406/18723, time remaining: 12s
Rendered 18407/18723, time remaining: 12s
Rendered 18408/18723, time remaining: 12s
Rendered 18409/18723, time remaining: 12s
Rendered 18410/18723, time remaining: 12s
Rendered 18411/18723, time remaining: 12s
Rendered 18412/18723, time remaining: 12s
Rendered 18413/18723, time remaining: 12s
Rendered 18414/18723, time remaining: 12s
Rendered 18415/18723, time remaining: 12s
Rendered 18416/18723, time remaining: 12s
Rendered 18417/18723, time remaining: 12s
Rendered 18418/18723, time remaining: 12s
Rendered 18419/18723, time remaining: 12s
Rendered 18420/18723, time remaining: 12s
Rendered 18421/18723, time remaining: 11s
Rendered 18422/18723, time remaining: 11s
Rendered 18423/18723, time remaining: 11s
Rendered 18424/18723, time remaining: 11s
Rendered 18425/18723, time remaining: 11s
Rendered 18426/18723, time remaining: 11s
Rendered 18427/18723, time remaining: 11s
Rendered 18428/18723, time remaining: 11s
Rendered 18429/18723, time remaining: 11s
Rendered 18430/18723, time remaining: 11s
Rendered 18431/18723, time remaining: 11s
Rendered 18432/18723, time remaining: 11s
Rendered 18433/18723, time remaining: 11s
Rendered 18434/18723, time remaining: 11s
Rendered 18435/18723, time remaining: 11s
Rendered 18436/18723, time remaining: 11s
Rendered 18437/18723, time remaining: 11s
Rendered 18438/18723, time remaining: 11s
Rendered 18439/18723, time remaining: 11s
Rendered 18440/18723, time remaining: 11s
Rendered 18441/18723, time remaining: 10s
Rendered 18442/18723, time remaining: 10s
Rendered 18443/18723, time remaining: 10s
Rendered 18444/18723, time remaining: 10s
Rendered 18445/18723, time remaining: 10s
Rendered 18446/18723, time remaining: 10s
Rendered 18447/18723, time remaining: 10s
Rendered 18448/18723, time remaining: 10s
Rendered 18449/18723, time remaining: 10s
Rendered 18450/18723, time remaining: 10s
Rendered 18451/18723, time remaining: 10s
Rendered 18452/18723, time remaining: 10s
Rendered 18453/18723, time remaining: 10s
Rendered 18454/18723, time remaining: 10s
Rendered 18455/18723, time remaining: 10s
Rendered 18456/18723, time remaining: 10s
Rendered 18457/18723, time remaining: 10s
Rendered 18458/18723, time remaining: 10s
Rendered 18459/18723, time remaining: 10s
Rendered 18460/18723, time remaining: 10s
Rendered 18461/18723, time remaining: 10s
Rendered 18462/18723, time remaining: 10s
Rendered 18463/18723, time remaining: 9s
Rendered 18464/18723, time remaining: 9s
Rendered 18465/18723, time remaining: 10s
Rendered 18466/18723, time remaining: 10s
Rendered 18467/18723, time remaining: 9s
Rendered 18468/18723, time remaining: 9s
Rendered 18469/18723, time remaining: 9s
Rendered 18470/18723, time remaining: 9s
Rendered 18471/18723, time remaining: 9s
Rendered 18472/18723, time remaining: 9s
Rendered 18473/18723, time remaining: 9s
Rendered 18474/18723, time remaining: 9s
Rendered 18475/18723, time remaining: 9s
Rendered 18476/18723, time remaining: 9s
Rendered 18477/18723, time remaining: 9s
Rendered 18478/18723, time remaining: 9s
Rendered 18479/18723, time remaining: 9s
Rendered 18480/18723, time remaining: 9s
Rendered 18481/18723, time remaining: 9s
Rendered 18482/18723, time remaining: 9s
Rendered 18483/18723, time remaining: 9s
Rendered 18484/18723, time remaining: 9s
Rendered 18485/18723, time remaining: 9s
Rendered 18486/18723, time remaining: 9s
Rendered 18487/18723, time remaining: 9s
Rendered 18488/18723, time remaining: 9s
Rendered 18489/18723, time remaining: 9s
Rendered 18490/18723, time remaining: 9s
Rendered 18491/18723, time remaining: 9s
Rendered 18492/18723, time remaining: 9s
Rendered 18493/18723, time remaining: 9s
Rendered 18494/18723, time remaining: 9s
Rendered 18495/18723, time remaining: 8s
Rendered 18496/18723, time remaining: 9s
Rendered 18497/18723, time remaining: 9s
Rendered 18498/18723, time remaining: 9s
Rendered 18499/18723, time remaining: 9s
Rendered 18500/18723, time remaining: 9s
Rendered 18501/18723, time remaining: 8s
Rendered 18502/18723, time remaining: 8s
Rendered 18503/18723, time remaining: 8s
Rendered 18504/18723, time remaining: 8s
Rendered 18505/18723, time remaining: 8s
Rendered 18506/18723, time remaining: 8s
Rendered 18507/18723, time remaining: 8s
Rendered 18508/18723, time remaining: 8s
Rendered 18509/18723, time remaining: 8s
Rendered 18510/18723, time remaining: 8s
Rendered 18511/18723, time remaining: 8s
Rendered 18512/18723, time remaining: 8s
Rendered 18513/18723, time remaining: 8s
Rendered 18514/18723, time remaining: 8s
Rendered 18515/18723, time remaining: 8s
Rendered 18516/18723, time remaining: 8s
Rendered 18517/18723, time remaining: 8s
Rendered 18518/18723, time remaining: 8s
Rendered 18519/18723, time remaining: 8s
Rendered 18520/18723, time remaining: 8s
Rendered 18521/18723, time remaining: 8s
Rendered 18522/18723, time remaining: 8s
Rendered 18523/18723, time remaining: 8s
Rendered 18524/18723, time remaining: 8s
Rendered 18525/18723, time remaining: 8s
Rendered 18526/18723, time remaining: 8s
Rendered 18527/18723, time remaining: 7s
Rendered 18528/18723, time remaining: 7s
Rendered 18529/18723, time remaining: 7s
Rendered 18530/18723, time remaining: 7s
Rendered 18531/18723, time remaining: 7s
Rendered 18532/18723, time remaining: 7s
Rendered 18533/18723, time remaining: 7s
Rendered 18534/18723, time remaining: 7s
Rendered 18535/18723, time remaining: 7s
Rendered 18536/18723, time remaining: 7s
Rendered 18537/18723, time remaining: 7s
Rendered 18538/18723, time remaining: 7s
Rendered 18539/18723, time remaining: 7s
Rendered 18540/18723, time remaining: 7s
Rendered 18541/18723, time remaining: 7s
Rendered 18542/18723, time remaining: 7s
Rendered 18543/18723, time remaining: 7s
Rendered 18544/18723, time remaining: 7s
Rendered 18545/18723, time remaining: 7s
Rendered 18546/18723, time remaining: 7s
Rendered 18547/18723, time remaining: 7s
Rendered 18548/18723, time remaining: 7s
Rendered 18549/18723, time remaining: 7s
Rendered 18550/18723, time remaining: 7s
Rendered 18551/18723, time remaining: 7s
Rendered 18552/18723, time remaining: 7s
Rendered 18553/18723, time remaining: 6s
Rendered 18554/18723, time remaining: 6s
Rendered 18555/18723, time remaining: 6s
Rendered 18556/18723, time remaining: 6s
Rendered 18557/18723, time remaining: 6s
Rendered 18558/18723, time remaining: 6s
Rendered 18559/18723, time remaining: 6s
Rendered 18560/18723, time remaining: 6s
Rendered 18561/18723, time remaining: 6s
Rendered 18562/18723, time remaining: 6s
Rendered 18563/18723, time remaining: 6s
Rendered 18564/18723, time remaining: 6s
Rendered 18565/18723, time remaining: 6s
Rendered 18566/18723, time remaining: 6s
Rendered 18567/18723, time remaining: 6s
Rendered 18568/18723, time remaining: 6s
Rendered 18569/18723, time remaining: 6s
Rendered 18570/18723, time remaining: 6s
Rendered 18571/18723, time remaining: 6s
Rendered 18572/18723, time remaining: 6s
Rendered 18573/18723, time remaining: 6s
Rendered 18574/18723, time remaining: 6s
Rendered 18575/18723, time remaining: 6s
Rendered 18576/18723, time remaining: 6s
Rendered 18577/18723, time remaining: 6s
Rendered 18578/18723, time remaining: 6s
Rendered 18579/18723, time remaining: 6s
Rendered 18580/18723, time remaining: 5s
Rendered 18581/18723, time remaining: 5s
Rendered 18582/18723, time remaining: 5s
Rendered 18583/18723, time remaining: 5s
Rendered 18584/18723, time remaining: 5s
Rendered 18585/18723, time remaining: 5s
Rendered 18586/18723, time remaining: 5s
Rendered 18587/18723, time remaining: 5s
Rendered 18588/18723, time remaining: 5s
Rendered 18589/18723, time remaining: 5s
Rendered 18590/18723, time remaining: 5s
Rendered 18591/18723, time remaining: 5s
Rendered 18592/18723, time remaining: 5s
Rendered 18593/18723, time remaining: 5s
Rendered 18594/18723, time remaining: 5s
Rendered 18595/18723, time remaining: 5s
Rendered 18596/18723, time remaining: 5s
Rendered 18597/18723, time remaining: 5s
Rendered 18598/18723, time remaining: 5s
Rendered 18599/18723, time remaining: 5s
Rendered 18600/18723, time remaining: 5s
Rendered 18601/18723, time remaining: 5s
Rendered 18602/18723, time remaining: 5s
Rendered 18603/18723, time remaining: 5s
Rendered 18604/18723, time remaining: 5s
Rendered 18605/18723, time remaining: 5s
Rendered 18606/18723, time remaining: 5s
Rendered 18607/18723, time remaining: 5s
Rendered 18608/18723, time remaining: 5s
Rendered 18609/18723, time remaining: 5s
Rendered 18610/18723, time remaining: 4s
Rendered 18611/18723, time remaining: 4s
Rendered 18612/18723, time remaining: 4s
Rendered 18613/18723, time remaining: 4s
Rendered 18614/18723, time remaining: 4s
Rendered 18615/18723, time remaining: 4s
Rendered 18616/18723, time remaining: 4s
Rendered 18617/18723, time remaining: 4s
Rendered 18618/18723, time remaining: 4s
Rendered 18619/18723, time remaining: 4s
Rendered 18620/18723, time remaining: 4s
Rendered 18621/18723, time remaining: 4s
Rendered 18622/18723, time remaining: 4s
Rendered 18623/18723, time remaining: 4s
Rendered 18624/18723, time remaining: 4s
Rendered 18625/18723, time remaining: 4s
Rendered 18626/18723, time remaining: 4s
Rendered 18627/18723, time remaining: 4s
Rendered 18628/18723, time remaining: 4s
Rendered 18629/18723, time remaining: 4s
Rendered 18630/18723, time remaining: 4s
Rendered 18631/18723, time remaining: 4s
Rendered 18632/18723, time remaining: 3s
Rendered 18633/18723, time remaining: 4s
Rendered 18634/18723, time remaining: 3s
Rendered 18635/18723, time remaining: 3s
Rendered 18636/18723, time remaining: 3s
Rendered 18637/18723, time remaining: 3s
Rendered 18638/18723, time remaining: 3s
Rendered 18639/18723, time remaining: 3s
Rendered 18640/18723, time remaining: 3s
Rendered 18641/18723, time remaining: 3s
Rendered 18642/18723, time remaining: 3s
Rendered 18643/18723, time remaining: 3s
Rendered 18644/18723, time remaining: 3s
Rendered 18645/18723, time remaining: 3s
Rendered 18646/18723, time remaining: 3s
Rendered 18647/18723, time remaining: 3s
Rendered 18648/18723, time remaining: 3s
Rendered 18649/18723, time remaining: 3s
Rendered 18650/18723, time remaining: 3s
Rendered 18651/18723, time remaining: 3s
Rendered 18652/18723, time remaining: 3s
Rendered 18653/18723, time remaining: 3s
Rendered 18654/18723, time remaining: 3s
Rendered 18655/18723, time remaining: 3s
Rendered 18656/18723, time remaining: 2s
Rendered 18657/18723, time remaining: 2s
Rendered 18658/18723, time remaining: 2s
Rendered 18659/18723, time remaining: 2s
Rendered 18660/18723, time remaining: 2s
Rendered 18661/18723, time remaining: 2s
Rendered 18662/18723, time remaining: 2s
Rendered 18663/18723, time remaining: 2s
Rendered 18664/18723, time remaining: 2s
Rendered 18665/18723, time remaining: 2s
Rendered 18666/18723, time remaining: 2s
Rendered 18667/18723, time remaining: 2s
Rendered 18668/18723, time remaining: 2s
Rendered 18669/18723, time remaining: 2s
Rendered 18670/18723, time remaining: 2s
Rendered 18671/18723, time remaining: 2s
Rendered 18672/18723, time remaining: 2s
Rendered 18673/18723, time remaining: 2s
Rendered 18674/18723, time remaining: 2s
Rendered 18675/18723, time remaining: 2s
Rendered 18676/18723, time remaining: 2s
Rendered 18677/18723, time remaining: 2s
Rendered 18678/18723, time remaining: 2s
Rendered 18679/18723, time remaining: 1s
Rendered 18680/18723, time remaining: 1s
Rendered 18681/18723, time remaining: 1s
Rendered 18682/18723, time remaining: 1s
Rendered 18683/18723, time remaining: 1s
Rendered 18684/18723, time remaining: 1s
Rendered 18685/18723, time remaining: 1s
Rendered 18686/18723, time remaining: 1s
Rendered 18687/18723, time remaining: 1s
Rendered 18688/18723, time remaining: 1s
Rendered 18689/18723, time remaining: 1s
Rendered 18690/18723, time remaining: 1s
Rendered 18691/18723, time remaining: 1s
Rendered 18692/18723, time remaining: 1s
Rendered 18693/18723, time remaining: 1s
Rendered 18694/18723, time remaining: 1s
Rendered 18695/18723, time remaining: 1s
Rendered 18696/18723, time remaining: 1s
Rendered 18697/18723, time remaining: 1s
Rendered 18698/18723, time remaining: 1s
Rendered 18699/18723, time remaining: 1s
Rendered 18700/18723, time remaining: 0s
Rendered 18701/18723, time remaining: 0s
Rendered 18702/18723, time remaining: 0s
Rendered 18703/18723, time remaining: 0s
Rendered 18704/18723, time remaining: 0s
Rendered 18705/18723, time remaining: 0s
Rendered 18706/18723, time remaining: 0s
Rendered 18707/18723, time remaining: 0s
Rendered 18708/18723, time remaining: 0s
Rendered 18709/18723, time remaining: 0s
Rendered 18710/18723, time remaining: 0s
Rendered 18711/18723, time remaining: 0s
Rendered 18712/18723, time remaining: 0s
Rendered 18713/18723, time remaining: 0s
Rendered 18714/18723, time remaining: 0s
Rendered 18715/18723, time remaining: 0s
Rendered 18716/18723, time remaining: 0s
Rendered 18717/18723, time remaining: 0s
Rendered 18718/18723, time remaining: 0s
Rendered 18719/18723, time remaining: 0s
Rendered 18720/18723, time remaining: 0s
Rendered 18721/18723, time remaining: 0s
Rendered 18722/18723, time remaining: 0s
Rendered 18723/18723
Encoded 63/18723
Encoded 177/18723
Encoded 298/18723
Encoded 414/18723
Encoded 514/18723
Encoded 631/18723
Encoded 748/18723
Encoded 869/18723
Encoded 980/18723
Encoded 1097/18723
Encoded 1215/18723
Encoded 1298/18723
Encoded 1390/18723
Encoded 1494/18723
Encoded 1594/18723
Encoded 1698/18723
Encoded 1802/18723
Encoded 1898/18723
Encoded 2004/18723
Encoded 2106/18723
Encoded 2208/18723
Encoded 2325/18723
Encoded 2434/18723
Encoded 2535/18723
Encoded 2627/18723
Encoded 2720/18723
Encoded 2811/18723
Encoded 2898/18723
Encoded 2986/18723
Encoded 3081/18723
Encoded 3175/18723
Encoded 3268/18723
Encoded 3354/18723
Encoded 3442/18723
Encoded 3529/18723
Encoded 3618/18723
Encoded 3707/18723
Encoded 3792/18723
Encoded 3882/18723
Encoded 3945/18723
Encoded 4019/18723
Encoded 4099/18723
Encoded 4188/18723
Encoded 4280/18723
Encoded 4374/18723
Encoded 4478/18723
Encoded 4571/18723
Encoded 4677/18723
Encoded 4791/18723
Encoded 4895/18723
Encoded 4994/18723
Encoded 5097/18723
Encoded 5199/18723
Encoded 5282/18723
Encoded 5352/18723
Encoded 5442/18723
Encoded 5535/18723
Encoded 5614/18723
Encoded 5707/18723
Encoded 5789/18723
Encoded 5875/18723
Encoded 5958/18723
Encoded 6040/18723
Encoded 6115/18723
Encoded 6207/18723
Encoded 6266/18723
Encoded 6355/18723
Encoded 6421/18723
Encoded 6505/18723
Encoded 6596/18723
Encoded 6691/18723
Encoded 6762/18723
Encoded 6848/18723
Encoded 6928/18723
Encoded 7019/18723
Encoded 7108/18723
Encoded 7197/18723
Encoded 7295/18723
Encoded 7378/18723
Encoded 7473/18723
Encoded 7562/18723
Encoded 7650/18723
Encoded 7741/18723
Encoded 7837/18723
Encoded 7936/18723
Encoded 8039/18723
Encoded 8130/18723
Encoded 8212/18723
Encoded 8284/18723
Encoded 8364/18723
Encoded 8455/18723
Encoded 8534/18723
Encoded 8619/18723
Encoded 8701/18723
Encoded 8780/18723
Encoded 8848/18723
Encoded 8904/18723
Encoded 8973/18723
Encoded 9044/18723
Encoded 9122/18723
Encoded 9199/18723
Encoded 9280/18723
Encoded 9359/18723
Encoded 9448/18723
Encoded 9534/18723
Encoded 9627/18723
Encoded 9712/18723
Encoded 9806/18723
Encoded 9897/18723
Encoded 9995/18723
Encoded 10098/18723
Encoded 10200/18723
Encoded 10278/18723
Encoded 10371/18723
Encoded 10462/18723
Encoded 10564/18723
Encoded 10654/18723
Encoded 10751/18723
Encoded 10844/18723
Encoded 10926/18723
Encoded 11018/18723
Encoded 11107/18723
Encoded 11195/18723
Encoded 11287/18723
Encoded 11385/18723
Encoded 11476/18723
Encoded 11566/18723
Encoded 11659/18723
Encoded 11757/18723
Encoded 11859/18723
Encoded 11959/18723
Encoded 12054/18723
Encoded 12140/18723
Encoded 12227/18723
Encoded 12312/18723
Encoded 12408/18723
Encoded 12497/18723
Encoded 12589/18723
Encoded 12687/18723
Encoded 12779/18723
Encoded 12874/18723
Encoded 12964/18723
Encoded 13062/18723
Encoded 13165/18723
Encoded 13270/18723
Encoded 13364/18723
Encoded 13462/18723
Encoded 13561/18723
Encoded 13648/18723
Encoded 13734/18723
Encoded 13819/18723
Encoded 13925/18723
Encoded 14026/18723
Encoded 14117/18723
Encoded 14225/18723
Encoded 14319/18723
Encoded 14405/18723
Encoded 14513/18723
Encoded 14610/18723
Encoded 14699/18723
Encoded 14804/18723
Encoded 14916/18723
Encoded 15011/18723
Encoded 15109/18723
Encoded 15188/18723
Encoded 15276/18723
Encoded 15368/18723
Encoded 15463/18723
Encoded 15561/18723
Encoded 15662/18723
Encoded 15763/18723
Encoded 15856/18723
Encoded 15930/18723
Encoded 16030/18723
Encoded 16138/18723
Encoded 16249/18723
Encoded 16360/18723
Encoded 16479/18723
Encoded 16572/18723
Encoded 16656/18723
Encoded 16749/18723
Encoded 16838/18723
Encoded 16933/18723
Encoded 17000/18723
Encoded 17094/18723
Encoded 17175/18723
Encoded 17273/18723
Encoded 17369/18723
Encoded 17456/18723
Encoded 17565/18723
Encoded 17674/18723
Encoded 17775/18723
Encoded 17886/18723
Encoded 17995/18723
Encoded 18104/18723
Encoded 18212/18723
Encoded 18309/18723
Encoded 18394/18723
Encoded 18479/18723
Encoded 18562/18723
Encoded 18655/18723
Encoded 18723/18723
+                    ../projects/ipo-rhp-vs-now-en/renders/final.mp4 92.4 MB
